mp-571420,2
mp-21248,2.387389826
mp-7090,1.431363764
mp-12480,2.173186268
mp-9272,1.462397998
mp-20714,1.939519253
mp-31138,2.178976947
mp-11549,2.278753601
mp-1069,2.120573931
mp-10125,2.204119983
mp-867319,2.29666519
mp-28945,2.021189299
mp-9251,1.342422681
mp-10846,2.004321374
mp-10003,2.281033367
mp-19247,2.170261715
mp-31348,1.812913357
mp-5699,1.633468456
mp-19094,2.367355921
mp-2410,1.770852012
mp-313,2.053078443
mp-7226,2.303196057
mp-4901,1.792391689
mp-865733,2.459392488
mp-248,2.387389826
mp-568695,1.62324929
mp-1755,2.096910013
mp-5597,1.949390007
mp-20192,2.209515015
mp-754741,2.037426498
mp-30244,1.707570176
mp-5479,1.748188027
mp-30593,2.155336037
mp-45,1.230448921
mp-27932,1.531478917
mp-21236,1.903089987
mp-49,2.603144373
mp-11883,2.292256071
mp-850978,2.117271296
mp-862334,2.181843588
mp-761563,2.170261715
mp-10911,2.049218023
mp-10721,2.1430148
mp-22899,1.322219295
mp-625,2.029383778
mp-756134,2.155336037
mp-7955,1.447158031
mp-554089,1.301029996
mp-2701,2.498310554
mp-20465,2.029383778
mp-10521,1.851258349
mp-9569,1.826074803
mp-3158,1.908485019
mp-149,1.919078092
mp-4152,1.643452676
mp-7436,1.462397998
mp-1851,2.123851641
mp-864969,2.029383778
mp-1001833,1.491361694
mp-28020,1.079181246
mp-7431,1.62324929
mp-12903,1.612783857
mp-328,2.086359831
mp-530399,2.292256071
mp-19384,2.170261715
mp-20857,2.481442629
mp-2552,1.954242509
mp-568598,1.255272505
mp-1057,2.113943352
mp-127,0.903089987
mp-10181,2.173186268
mp-1123,1.698970004
mp-865985,2.136720567
mp-30594,2.164352856
mp-30247,1.662757832
mp-15963,2.344392274
mp-10182,1.812913357
mp-352,2.311753861
mp-79,1.826074803
mp-580287,1.995635195
mp-550908,2.193124598
mp-30767,1.447158031
mp-2794,2.367355921
mp-2089,1.322219295
mp-362,2.103803721
mp-30777,2.260071388
mp-22151,1.812913357
mp-2932,2.193124598
mp-569558,2.071882007
mp-754157,2.264817823
mp-22493,1.949390007
mp-18814,1.995635195
mp-7352,1.973127854
mp-5288,2.146128036
mp-11959,1.819543936
mp-4081,1.491361694
mp-1401,2.008600172
mp-7070,2.238046103
mp-932,1.86332286
mp-12778,2.45331834
mp-1121,2.245512668
mp-23737,1.544068044
mp-32,1.770852012
mp-24719,2.298853076
mp-23406,0.903089987
mp-7400,1.556302501
mp-31059,1.62324929
mp-9574,1.544068044
mp-15819,2.068185862
mp-11237,1.913813852
mp-30451,1.602059991
mp-568961,1.886490725
mp-481,2.301029996
mp-19326,2.012837225
mp-9945,1.929418926
mp-13240,2.053078443
mp-865212,2.491361694
mp-976017,1.414973348
mp-2172,1.84509804
mp-864957,2.311753861
mp-674478,1.72427587
mp-1873,1.991226076
mp-20983,2.187520721
mp-813,1.944482672
mp-1682,2.071882007
mp-1073,1.491361694
mp-8697,2.206825876
mp-555370,1.977723605
mp-13334,2.217483944
mp-1914,1.86332286
mp-570553,2.149219113
mp-7917,2.049218023
mp-103,2.033423755
mp-12549,1.897627091
mp-752398,1.986771734
mp-770997,2.096910013
mp-2567,2.292256071
mp-1969,1.986771734
mp-545974,2.08278537
mp-7038,1.322219295
mp-22309,1.995635195
mp-753508,1.568201724
mp-562,2.017033339
mp-989512,1.342422681
mp-1124,1.806179974
mp-20800,1.919078092
mp-2674,2.209515015
mp-8983,2.008600172
mp-20033,2.190331698
mp-1606,2.243038049
mp-2534,1.785329835
mp-2049,2.283301229
mp-1380,2.139879086
mp-3163,2.127104798
mp-30533,1.505149978
mp-30672,2.071882007
mp-2700,1.799340549
mp-30818,1.944482672
mp-560588,1.838849091
mp-22346,1.875061263
mp-541753,1.079181246
mp-27838,1.230448921
mp-34202,1.176091259
mp-2760,2.378397901
mp-30441,2.146128036
mp-2444,2.255272505
mp-9946,1.84509804
mp-1477,1.491361694
mp-33107,0.602059991
mp-10271,2.336459734
mp-21464,2.544068044
mp-2783,2.33243846
mp-5590,1.77815125
mp-3759,2.214843848
mp-1395,2.401400541
mp-30147,2.139879086
mp-18848,2.252853031
mp-10394,2.243038049
mp-1941,2.184691431
mp-818,2.290034611
mp-2025,2.117271296
mp-889,2.475671188
mp-19292,2.155336037
mp-2385,2.383815366
mp-571039,1.792391689
mp-2354,2.075546961
mp-938,1.491361694
mp-7339,1.748188027
mp-9973,2.436162647
mp-1346,2.356025857
mp-101,2.539076099
mp-9564,1.698970004
mp-11293,2.06069784
mp-11550,1.959041392
mp-8830,2.064457989
mp-21078,2.227886705
mp-754478,2.311753861
mp-32880,1.681241237
mp-570097,1.62324929
mp-4798,2.220108088
mp-567981,2.29666519
mp-569446,1.934498451
mp-2,2.204119983
mp-604908,1.204119983
mp-1029,1.73239376
mp-12992,2.017033339
mp-9556,1.69019608
mp-7937,1.875061263
mp-28339,1.977723605
mp-774411,2.049218023
mp-22914,1.681241237
mp-2696,1.812913357
mp-615,1.612783857
mp-20849,2.120573931
mp-865665,2.436162647
mp-3721,2.201397124
mp-865989,2.340444115
mp-11798,2.10720997
mp-10264,1.556302501
mp-23709,1.146128036
mp-19340,2.079181246
mp-29733,1.819543936
mp-1315,1.86923172
mp-552588,2.152288344
mp-21003,2.093421685
mp-9953,2.170261715
mp-20862,2.025305865
mp-1652,2.1430148
mp-1138,1.84509804
mp-30867,2.158362492
mp-12927,1.991226076
mp-30449,1.755874856
mp-871,2.324282455
mp-8221,2.271841607
mp-30849,2.385606274
mp-30671,2.08278537
mp-615314,2.303196057
mp-570377,1.591064607
mp-570256,1.146128036
mp-2578,1.69019608
mp-12359,1.716003344
mp-647,2.255272505
mp-754672,1.832508913
mp-15322,2.049218023
mp-505071,2.212187604
mp-21503,1.73239376
mp-753657,2.274157849
mp-669918,2.276461804
mp-11358,2.167317335
mp-616378,1.204119983
mp-2250,2.214843848
mp-1925,2.117271296
mp-15964,2.056904851
mp-505527,2.152288344
mp-12666,2.093421685
mp-22284,1.792391689
mp-21318,1.857332496
mp-2252,2.281033367
mp-18707,1.84509804
mp-864631,2.243038049
mp-1989,2.33243846
mp-1903,1.707570176
mp-761341,2.348304863
mp-4002,1.763427994
mp-636328,2.250420002
mp-556911,1.986771734
mp-12806,1.69019608
mp-542915,2.029383778
mp-1867,2.33243846
mp-2469,1.72427587
mp-22662,2.212187604
mp-3161,1.799340549
mp-11522,2.212187604
mp-20007,2.158362492
mp-9951,2.255272505
mp-19435,2.146128036
mp-9381,2.056904851
mp-84,1.662757832
mp-933,1.875061263
mp-13,2.260071388
mp-23956,1.361727836
mp-7748,2.123851641
mp-274,1.991226076
mp-1294,2.06069784
mp-30437,1.826074803
mp-12802,2.123851641
mp-1595,2.1430148
mp-20648,2.387389826
mp-10847,1.954242509
mp-568419,1.880813592
mp-569803,2.506505032
mp-11388,2.336459734
mp-3886,2.093421685
mp-22787,2.374748346
mp-1174,1.681241237
mp-8439,1.591064607
mp-865840,2.354108439
mp-10892,2.089905111
mp-67,1.716003344
mp-7438,1.380211242
mp-757100,1.851258349
mp-15805,2.290034611
mp-361,2.045322979
mp-772856,1.643452676
mp-22268,2.318063335
mp-22344,2.041392685
mp-30885,1.897627091
mp-7376,1.556302501
mp-131,1.973127854
mp-11826,2.053078443
mp-553432,1.146128036
mp-7575,2.064457989
mp-2323,2.152288344
mp-3668,1.812913357
mp-20249,2.298853076
mp-12557,1.748188027
mp-567871,2.267171728
mp-4385,1.959041392
mp-19906,2.120573931
mp-5795,2.004321374
mp-553961,2.222716471
mp-485,2.230448921
mp-2606,1.995635195
mp-10616,1.531478917
mp-8456,1.857332496
mp-458,2.334453751
mp-569662,1.361727836
mp-555934,1.968482949
mp-1557,1.755874856
mp-592,2.326335861
mp-27164,2.139879086
mp-30481,2.220108088
mp-5193,1.84509804
mp-10895,2.267171728
mp-38394,1.322219295
mp-567705,2.037426498
mp-7591,1.792391689
mp-13270,1.681241237
mp-19968,1.681241237
mp-19210,2.252853031
mp-30383,2.127104798
mp-510623,2.348304863
mp-31455,2.214843848
mp-5676,2.041392685
mp-20868,2.413299764
mp-570673,2.201397124
mp-2667,1
mp-934,1.491361694
mp-18919,2.184691431
mp-21008,2.243038049
mp-11750,2.173186268
mp-23262,1.73239376
mp-10969,1.934498451
mp-17481,2.173186268
mp-2895,2.075546961
mp-774,2.096910013
mp-616559,2.167317335
mp-755318,2.195899652
mp-867689,1.397940009
mp-571262,2.089905111
mp-30443,2.181843588
mp-24286,2.113943352
mp-758594,2.243038049
mp-30883,2.096910013
mp-11573,2.315970345
mp-448,2.399673721
mp-20268,2.176091259
mp-1521,2.041392685
mp-8578,1.986771734
mp-12108,2.390935107
mp-1331,1.748188027
mp-4368,1.924279286
mp-10455,1.924279286
mp-549158,2.086359831
mp-23193,1.204119983
mp-795,1.716003344
mp-22003,1.414973348
mp-6812,1.73239376
mp-752463,2.250420002
mp-574,2.346352974
mp-19713,1.799340549
mp-11454,2.136720567
mp-9956,2.276461804
mp-755378,1.954242509
mp-675,2.33243846
mp-571,2.204119983
mp-23054,1.763427994
mp-1008632,2.340444115
mp-10601,1.897627091
mp-31498,1.698970004
mp-7603,1.69019608
mp-3771,2.212187604
mp-567769,2.033423755
mp-14793,1.995635195
mp-569815,2.267171728
mp-29898,1.255272505
mp-850251,2.093421685
mp-3938,2.096910013
mp-30591,1.716003344
mp-3676,2
mp-20987,1.806179974
mp-31502,1.72427587
mp-30354,1.963787827
mp-779689,0.903089987
mp-7604,2.037426498
mp-20083,2.045322979
mp-833,1.973127854
mp-1221,2.264817823
mp-17659,1.748188027
mp-8566,1.934498451
mp-952,2.434568904
mp-2572,1.414973348
mp-4612,2.252853031
mp-27456,1.322219295
mp-20695,1.986771734
mp-893,2.149219113
mp-19019,2.167317335
mp-19983,2.012837225
mp-8880,1.919078092
mp-510219,2.071882007
mp-648,1.447158031
mp-30404,1.72427587
mp-12657,2.079181246
mp-542569,2.305351369
mp-19082,2.201397124
mp-756436,2.146128036
mp-19308,2.056904851
mp-568636,2.29666519
mp-30835,2.311753861
mp-4978,2.190331698
mp-2723,2.431363764
mp-2371,1.146128036
mp-20027,2.255272505
mp-7786,1.176091259
mp-7939,1.785329835
mp-7692,2.356025857
mp-142,1.698970004
mp-11411,1.880813592
mp-7088,2.408239965
mp-30312,1.986771734
mp-5986,2.017033339
mp-865191,2.356025857
mp-568495,2.041392685
mp-569511,2.079181246
mp-2352,1.662757832
mp-559676,1.447158031
mp-20112,2.214843848
mp-11452,2.359835482
mp-8126,1.954242509
mp-27888,2.292256071
mp-760376,1.740362689
mp-30656,2.167317335
mp-753890,2.294466226
mp-930,2.127104798
mp-568671,2.28780173
mp-30477,1.51851394
mp-23,2.29666519
mp-1822,2.075546961
mp-1769,2.017033339
mp-13946,1.342422681
mp-20997,2.100370545
mp-259,2.352182518
mp-20557,2.049218023
mp-31160,1.662757832
mp-972220,2.369215857
mp-7704,1.792391689
mp-784630,2.367355921
mp-27660,1.612783857
mp-9970,1.949390007
mp-1868,2.167317335
mp-16304,2.103803721
mp-1780,2.139879086
mp-2070,2.093421685
mp-213,1.763427994
mp-3522,1.832508913
mp-568293,1.857332496
mp-2802,2.294466226
mp-372,2.382017043
mp-7002,1.991226076
mp-9223,2.184691431
mp-672645,2.271841607
mp-10635,1.698970004
mp-27747,0.602059991
mp-20327,2.117271296
mp-30208,2.021189299
mp-3323,2.184691431
mp-16526,2.311753861
mp-862336,2.133538908
mp-11407,2.336459734
mp-4628,1.929418926
mp-2767,2.06069784
mp-15642,1.633468456
mp-753605,1.414973348
mp-8640,2.004321374
mp-27335,1.612783857
mp-30536,1.949390007
mp-862631,1.491361694
mp-30726,1.770852012
mp-3896,2.255272505
mp-13463,2.322219295
mp-8800,1.591064607
mp-16495,2.378397901
mp-21297,1.832508913
mp-999133,2.309630167
mp-8881,1.826074803
mp-20971,2.303196057
mp-12265,1.819543936
mp-11228,1.77815125
mp-559092,1.959041392
mp-540839,1
mp-9244,2.184691431
mp-11233,2.033423755
mp-2369,2.004321374
mp-30151,1.462397998
mp-9027,1.748188027
mp-11445,1.977723605
mp-22909,0.84509804
mp-11322,2.152288344
mp-10598,1.886490725
mp-2604,1.579783597
mp-5186,2
mp-1042,2.184691431
mp-30727,1.838849091
mp-11190,2.243038049
mp-2691,1.653212514
mp-11453,2.252853031
mp-30852,2.383815366
mp-3595,1.819543936
mp-1483,2.344392274
mp-571458,1.255272505
mp-8188,1.991226076
mp-29066,2.158362492
mp-22444,2.340444115
mp-755071,2.146128036
mp-4720,2.322219295
mp-753848,1.924279286
mp-8039,2.100370545
mp-1008929,2.290034611
mp-196,2.096910013
mp-22682,1.977723605
mp-31011,2.025305865
mp-7790,2.252853031
mp-9473,1.875061263
mp-1994,2.399673721
mp-9573,1.653212514
mp-9437,2.220108088
mp-644481,2.240549248
mp-763353,2.093421685
mp-19376,2.161368002
mp-556125,1.662757832
mp-2157,2.445604203
mp-2053,2.240549248
mp-8062,2.324282455
mp-1113,2.51851394
mp-21495,2.376576957
mp-570557,2.298853076
mp-689940,1.230448921
mp-31301,1.792391689
mp-19035,2.064457989
mp-769365,1.838849091
mp-865014,1.748188027
mp-568,1.949390007
mp-977382,2.365487985
mp-2653,2.571708832
mp-30840,2.195899652
mp-31452,2.017033339
mp-20146,2.123851641
mp-569346,1.591064607
mp-3731,2.008600172
mp-1649,2.255272505
mp-6962,1.806179974
mp-12678,2.385606274
mp-569788,1.707570176
mp-680677,2.103803721
mp-2580,2.421603927
mp-18972,2.117271296
mp-5777,1.986771734
mp-11738,1.431363764
mp-19284,2.093421685
mp-1565,2.371067862
mp-11547,1.919078092
mp-936,1.770852012
mp-10904,2.264817823
mp-978279,1.662757832
mp-568914,1.079181246
mp-11718,1.380211242
mp-20335,2.357934847
mp-13853,2.230448921
mp-22735,1.462397998
mp-894,2.235528447
mp-18257,2.383815366
mp-1885,2.359835482
mp-406,1.544068044
mp-2762,2.292256071
mp-1871,2.344392274
mp-2343,1.612783857
mp-9958,2.184691431
mp-28319,0.602059991
mp-16481,2.10720997
mp-771,2.149219113
mp-17177,2.149219113
mp-697111,1.204119983
mp-571053,2.075546961
mp-12071,2.100370545
mp-22027,1.903089987
mp-23752,1.113943352
mp-997182,2.146128036
mp-1046,1.982271233
mp-867306,2.11058971
mp-21124,1.72427587
mp-23202,1.079181246
mp-4079,2.008600172
mp-2930,2.283301229
mp-5962,1.51851394
mp-846,2.056904851
mp-203,2.004321374
mp-13202,1.880813592
mp-3813,1.748188027
mp-867266,1.579783597
mp-27891,1.643452676
mp-2128,1.748188027
mp-12699,1.707570176
mp-714961,2.164352856
mp-555280,1.838849091
mp-8630,2.146128036
mp-10180,1.819543936
mp-971669,1.913813852
mp-766,2.173186268
mp-15641,1.672097858
mp-11364,2.10720997
mp-867351,2.480006943
mp-1387,2.201397124
mp-580886,1.342422681
mp-19821,2.305351369
mp-22414,1.491361694
mp-8426,1.204119983
mp-5967,2.152288344
mp-998147,1.591064607
mp-19306,2.245512668
mp-8053,1.84509804
mp-997034,1.886490725
mp-569568,2.352182518
mp-776532,2.336459734
mp-8624,1.361727836
mp-16886,1.963787827
mp-1915,2.356025857
mp-11507,2.348304863
mp-24289,2.240549248
mp-557686,1.857332496
mp-13089,1.662757832
mp-7192,1.86332286
mp-21359,2.227886705
mp-29748,1.397940009
mp-570001,2.025305865
mp-29362,1
mp-2542,2.318063335
mp-590,2.127104798
mp-10445,1.832508913
mp-16775,2
mp-4252,1.204119983
mp-7910,1.414973348
mp-16043,2.238046103
mp-856,2.235528447
mp-7422,1.934498451
mp-712,1.84509804
mp-11501,2.240549248
mp-7068,1.633468456
mp-1638,1.681241237
mp-22179,1.949390007
mp-865527,1.857332496
mp-2583,2.278753601
mp-755,1.995635195
mp-12951,2.096910013
mp-17856,2.041392685
mp-5221,2.235528447
mp-754516,1.812913357
mp-866132,1.342422681
mp-540284,1.505149978
mp-2123,2.238046103
mp-4478,1.924279286
mp-14099,1.908485019
mp-540957,0.903089987
mp-697096,1.361727836
mp-10883,2.307496038
mp-910,2.477121255
mp-585,2.414973348
mp-11276,2.315970345
mp-2998,2.212187604
mp-999027,2.041392685
mp-672254,1.755874856
mp-556605,2.278753601
mp-12648,2.103803721
mp-21167,2.28780173
mp-30572,2.075546961
mp-4259,1.986771734
mp-7433,1.612783857
mp-20832,1.380211242
mp-7421,1.491361694
mp-989399,1.612783857
mp-568346,1.579783597
mp-1431,2.322219295
mp-1169,1.908485019
mp-2588,2.181843588
mp-865520,1.991226076
mp-30858,2.357934847
mp-2752,2.264817823
mp-861979,2.225309282
mp-981,1.812913357
mp-13203,1.924279286
mp-7032,2.318063335
mp-13097,1.591064607
mp-21845,2.240549248
mp-27471,2.133538908
mp-21276,1.716003344
mp-15965,2.149219113
mp-662,2.075546961
mp-4076,2.149219113
mp-643367,1.342422681
mp-950995,1.431363764
mp-6919,1.913813852
mp-567907,2.161368002
mp-20622,2.206825876
mp-568746,1.740362689
mp-29157,2.089905111
mp-4822,2.120573931
mp-6988,2.426511261
mp-14092,1.62324929
mp-676586,1.633468456
mp-597,2.178976947
mp-864951,2.411619706
mp-37906,1.991226076
mp-5077,1.462397998
mp-568718,2.025305865
mp-30746,2.11058971
mp-20255,2.170261715
mp-22895,1.556302501
mp-4826,2.08278537
mp-14116,2.214843848
mp-23260,1.176091259
mp-570430,2.346352974
mp-249,2.068185862
mp-626680,1.643452676
mp-1373,2.235528447
mp-8911,1.662757832
mp-754358,1.763427994
mp-29398,0.84509804
mp-12520,1.857332496
mp-10266,2.328379603
mp-11541,2.320146286
mp-2348,2.075546961
mp-850,2.158362492
mp-8864,2.298853076
mp-22167,2.037426498
mp-4883,1.954242509
mp-569249,2.307496038
mp-6963,1.799340549
mp-4678,2.152288344
mp-216,2.225309282
mp-292,2.28780173
mp-12814,1.431363764
mp-866165,2.041392685
mp-754322,2.025305865
mp-423,2.181843588
mp-3871,2.130333768
mp-25372,2.086359831
mp-10469,2.33243846
mp-4893,2.139879086
mp-13572,2.238046103
mp-15659,2.130333768
mp-9778,1.361727836
mp-1866,1.397940009
mp-8996,2.255272505
mp-1299,2.307496038
mp-2399,1.812913357
mp-2379,2.247973266
mp-5292,2.017033339
mp-11,1.602059991
mp-16718,2.029383778
mp-11958,1.77815125
mp-571193,2.136720567
mp-381,2.394451681
mp-1986,2.103803721
mp-796,2.209515015
mp-622209,2.053078443
mp-30725,1.806179974
mp-23485,1.041392685
mp-753708,2.130333768
mp-1412,2.079181246
mp-8842,1.819543936
mp-3574,2.093421685
mp-2918,2.056904851
mp-11737,1.903089987
mp-23002,1.176091259
mp-11977,1.785329835
mp-730,2.247973266
mp-7938,1.86332286
mp-1086,2.51054501
mp-2432,1.477121255
mp-644280,2.271841607
mp-2083,2.041392685
mp-5014,1.62324929
mp-9954,2.103803721
mp-1339,2.495544338
mp-829,2.193124598
mp-21336,2.421603927
mp-7589,2.017033339
mp-193,2.037426498
mp-775935,2.103803721
mp-38818,2.42975228
mp-22792,1.924279286
mp-10470,2.344392274
mp-9716,2.252853031
mp-12961,1.968482949
mp-949,2.334453751
mp-501,1.361727836
mp-3378,2.195899652
mp-865604,1.230448921
mp-22913,1.633468456
mp-753490,2.120573931
mp-754628,2.08278537
mp-11957,1.886490725
mp-9939,2.123851641
mp-12564,1.740362689
mp-4938,2.348304863
mp-567462,2.250420002
mp-16960,2.31386722
mp-30603,2.136720567
mp-12779,1.544068044
mp-570930,1.176091259
mp-593,2.11058971
mp-12759,2.049218023
mp-30719,1.653212514
mp-16514,2.222716471
mp-1017,2.127104798
mp-568565,1.944482672
mp-1132,2.100370545
mp-11521,2.041392685
mp-19814,2.056904851
mp-505825,1.51851394
mp-8110,2.311753861
mp-1253,1.556302501
mp-2286,1.531478917
mp-16522,2.049218023
mp-862679,2.181843588
mp-20935,2.204119983
mp-27757,2.139879086
mp-3034,1.892094603
mp-486,2.008600172
mp-11287,1.579783597
mp-731,1.633468456
mp-7909,1.414973348
mp-1502,2.11058971
mp-3698,1.716003344
mp-28110,0.954242509
mp-761293,2.184691431
mp-2676,2.225309282
mp-3038,1.505149978
mp-5918,2.222716471
mp-22508,2.178976947
mp-19421,2.149219113
mp-1695,2.079181246
mp-976280,1.255272505
mp-22498,1.792391689
mp-4247,1.477121255
mp-30850,2.418301291
mp-27505,2.021189299
mp-11490,1.579783597
mp-7429,1.643452676
mp-7000,1.462397998
mp-754515,1.51851394
mp-2349,1.748188027
mp-19765,1.301029996
mp-975292,2.201397124
mp-8016,1.799340549
mp-569779,1.986771734
mp-1129,2.220108088
mp-1869,2.173186268
mp-29152,2.187520721
mp-774736,1.633468456
mp-5025,2.217483944
mp-2795,2.344392274
mp-11456,2.367355921
mp-13364,1.681241237
mp-31081,2.012837225
mp-7829,2.320146286
mp-31379,2.025305865
mp-3349,2.146128036
mp-5659,2.264817823
mp-1575,1.72427587
mp-11873,2.133538908
mp-4997,2.075546961
mp-3854,2.10720997
mp-5305,1.826074803
mp-30234,0.903089987
mp-32662,2.176091259
mp-12972,2.075546961
mp-569265,1.851258349
mp-7577,2.322219295
mp-24409,1.113943352
mp-21017,1.880813592
mp-980200,2.10720997
mp-2643,2.120573931
mp-21023,2.198657087
mp-23227,1.462397998
mp-29209,1.505149978
mp-11984,1.73239376
mp-569522,2.136720567
mp-16828,1.799340549
mp-927,1.949390007
mp-754213,2.045322979
mp-35143,1.681241237
mp-19746,1.838849091
mp-20661,2.071882007
mp-3803,2.374748346
mp-866115,2.29666519
mp-8256,1.544068044
mp-753257,1.447158031
mp-22489,2.190331698
mp-5019,2.311753861
mp-1357,2.178976947
mp-643260,1.361727836
mp-31153,1.954242509
mp-1882,1.959041392
mp-95,1.079181246
mp-568186,2.222716471
mp-5878,1.838849091
mp-492,2.413299764
mp-559798,2.10720997
mp-778,2.334453751
mp-2403,2.235528447
mp-769096,2.075546961
mp-10924,2.307496038
mp-9969,2.004321374
mp-7863,1.380211242
mp-1002206,2.382017043
mp-22967,1.301029996
mp-2781,2.056904851
mp-7565,2.167317335
mp-13082,2.324282455
mp-3441,2.193124598
mp-543001,2.017033339
mp-9061,1.832508913
mp-21328,2.008600172
mp-1501,2.298853076
mp-1594,2.247973266
mp-11470,1.919078092
mp-11038,2.021189299
mp-7914,2.017033339
mp-865147,2.264817823
mp-22862,1.361727836
mp-5693,1.77815125
mp-30764,2.133538908
mp-1222,2.292256071
mp-935811,2.26245109
mp-4989,2.11058971
mp-2733,2.149219113
mp-7940,1.755874856
mp-8883,1.77815125
mp-28896,2.281033367
mp-5020,1.986771734
mp-265,2.511883361
mp-27148,1.949390007
mp-16740,2.170261715
mp-949028,1.505149978
mp-13903,1.361727836
mp-7907,1.579783597
mp-18835,2.025305865
mp-4253,2.463892989
mp-2557,2.012837225
mp-20619,2.130333768
mp-580357,2.164352856
mp-1646,1.414973348
mp-21371,2.320146286
mp-865986,1.579783597
mp-16236,1.431363764
mp-571622,2.123851641
mp-10240,2.181843588
mp-1601,2.421603927
mp-19128,2.113943352
mp-2831,2.209515015
mp-20452,1.505149978
mp-31147,1.643452676
mp-16491,1.919078092
mp-18093,2.354108439
mp-22318,1.653212514
mp-10010,2.243038049
mp-9550,2.071882007
mp-2513,2.136720567
mp-132,1.230448921
mp-1458,2.348304863
mp-1432,2.176091259
mp-614603,0.84509804
mp-12065,2.079181246
mp-1439,2.309630167
mp-978268,1.707570176
mp-21117,2.079181246
mp-776911,2.06069784
mp-568560,1.255272505
mp-10848,2.012837225
mp-569671,2.017033339
mp-11230,1.740362689
mp-22036,2.10720997
mp-567395,1.447158031
mp-1153,1.602059991
mp-11261,1.934498451
mp-30722,1.806179974
mp-20566,1.602059991
mp-862,1.77815125
mp-2133,2.113943352
mp-6915,2.152288344
mp-13149,1.69019608
mp-695,2.225309282
mp-20436,2.371067862
mp-2730,1.556302501
mp-2221,2.004321374
mp-2310,2.012837225
mp-864954,2.390935107
mp-13983,1.556302501
mp-1224,1.380211242
mp-546011,1.875061263
mp-995122,1.278753601
mp-18732,2.247973266
mp-1725,1.653212514
mp-9583,1.643452676
mp-13911,1.770852012
mp-3448,1.806179974
mp-557938,1.875061263
mp-4630,2.033423755
mp-3762,1.591064607
mp-1400,2.348304863
mp-8285,2.209515015
mp-31326,1.602059991
mp-570904,2.214843848
mp-1364,1.892094603
mp-10886,2.008600172
mp-28266,2.037426498
mp-600428,1.875061263
mp-2574,2.227886705
mp-841,1.851258349
mp-2845,2.093421685
mp-9578,1.544068044
mp-1215,2.264817823
mp-625136,1.230448921
mp-571499,2.437750563
mp-30744,2.523746467
mp-9567,1.556302501
mp-4824,1.643452676
mp-3534,1.361727836
mp-2910,1.662757832
mp-7823,1.924279286
mp-9989,2.31386722
mp-844,1.832508913
mp-22050,1.857332496
mp-23513,1.079181246
mp-2136,1.278753601
mp-622497,2.267171728
mp-3582,2.198657087
mp-570213,1.491361694
mp-11290,1.633468456
mp-9690,1.763427994
mp-865152,2.089905111
mp-715,2.390935107
mp-998866,2.519827994
mp-561511,2.155336037
mp-755089,2.181843588
mp-773864,2.217483944
mp-571033,1.342422681
mp-801,2.465382851
mp-825,2.401400541
mp-6914,1.544068044
mp-971,1.431363764
mp-1627,1.995635195
mp-7582,1.322219295
mp-22619,2.161368002
mp-27138,0.954242509
mp-12693,1.812913357
mp-10694,1.949390007
mp-4651,2.225309282
mp-20679,2.31386722
mp-676512,1.698970004
mp-571222,0.77815125
mp-1786,2.1430148
mp-3271,2.184691431
mp-773929,2.190331698
mp-639910,2.079181246
mp-9321,1.763427994
mp-12697,2.053078443
mp-30876,2.012837225
mp-5541,2.193124598
mp-811,2.170261715
mp-11288,1.477121255
mp-8818,1.903089987
mp-22888,1.322219295
mp-2797,2.037426498
mp-7753,2.146128036
mp-364,2.292256071
mp-5920,1.785329835
mp-8978,1.982271233
mp-12723,1.672097858
mp-1359,2.413299764
mp-1500,1.612783857
mp-12521,1.949390007
mp-306,1.51851394
mp-10692,2.195899652
mp-1714,2.257678575
mp-22060,2.184691431
mp-91,2.482873584
mp-768305,2.089905111
mp-13363,2.311753861
mp-2490,1.880813592
mp-753098,1.740362689
mp-600124,2.037426498
mp-15986,2.123851641
mp-1111,2.170261715
mp-9972,1.949390007
mp-20725,2.064457989
mp-22759,2.525044807
mp-2210,2.068185862
mp-10059,2.387389826
mp-30555,2.305351369
mp-10293,1.602059991
mp-12798,2.31386722
mp-30227,1
mp-1332,2.382017043
mp-24154,2.250420002
mp-618991,1.968482949
mp-979,1.908485019
mp-14285,2.212187604
mp-1272,2.421603927
mp-20952,2.10720997
mp-389,2.173186268
mp-2554,2.079181246
mp-29661,2.257678575
mp-22191,2.294466226
mp-13138,2.025305865
mp-11269,1.740362689
mp-1143,2.365487985
mp-2337,2.193124598
mp-30410,2.103803721
mp-8281,1.643452676
mp-1008785,2.44870632
mp-9812,2.068185862
mp-22447,2.096910013
mp-504908,2.152288344
mp-10901,2.11058971
mp-20133,2.447158031
mp-20354,1.903089987
mp-1934,1.62324929
mp-16290,2.278753601
mp-7770,1.73239376
mp-1791,2.117271296
mp-10026,1.799340549
mp-22646,2.10720997
mp-23714,1.568201724
mp-1683,1.204119983
mp-1783,1.748188027
mp-2126,2.440909082
mp-10918,1.491361694
mp-1670,2.225309282
mp-2955,1.84509804
mp-715553,1.986771734
mp-27577,1.544068044
mp-11025,1.832508913
mp-3657,2.303196057
mp-8462,2.06069784
mp-754629,2.012837225
mp-5318,2.056904851
mp-2404,1.748188027
mp-567996,2.281033367
mp-1841,2.475671188
mp-30353,2.311753861
mp-2775,1.72427587
mp-23060,0.903089987
mp-20930,2.08278537
mp-315,1.84509804
mp-16523,2.193124598
mp-4728,1.77815125
mp-76,1.079181246
mp-620571,1.785329835
mp-568792,2.257678575
mp-8150,1.556302501
mp-488,1.812913357
mp-892,2.133538908
mp-4182,1.886490725
mp-10597,1.944482672
mp-31469,2.071882007
mp-5723,2.139879086
mp-8094,1.204119983
mp-917,1.748188027
mp-22992,1.322219295
mp-20337,2.075546961
mp-31510,1.826074803
mp-569628,1.72427587
mp-570196,2.025305865
mp-568106,1.748188027
mp-30357,1.322219295
mp-1700,2.290034611
mp-696,2.240549248
mp-11313,1.886490725
mp-173,2.017033339
mp-2039,2.220108088
mp-11175,1.477121255
mp-10015,2.469822016
mp-29154,2.220108088
mp-8939,2.344392274
mp-2582,2.155336037
mp-976334,1.556302501
mp-561317,1.612783857
mp-4823,1.662757832
mp-839,2.269512944
mp-569581,1.491361694
mp-753,1.681241237
mp-4955,2.283301229
mp-8335,2.025305865
mp-540231,1.770852012
mp-864921,2.250420002
mp-2670,2.217483944
mp-2500,2.053078443
mp-20937,2.505149978
mp-10025,2.409933123
mp-10755,2.056904851
mp-12990,2.136720567
mp-2698,1.903089987
mp-104,1.556302501
mp-1201,1.255272505
mp-571636,1
mp-550,1.959041392
mp-754826,1.799340549
mp-6606,2.23299611
mp-4730,1.505149978
mp-915,1.755874856
mp-2741,1.886490725
mp-246,2.017033339
mp-571594,1.176091259
mp-22916,1.431363764
mp-30488,1.447158031
mp-30798,2.149219113
mp-8409,1.903089987
mp-14091,1.716003344
mp-10905,2.184691431
mp-11441,2.068185862
mp-864955,2.187520721
mp-4744,1.919078092
mp-1005,2.326335861
mp-487,2.139879086
mp-10155,2.285557309
mp-229,2.324282455
mp-1349,2.071882007
mp-4979,1.819543936
mp-20483,1.568201724
mp-19895,1.944482672
mp-2454,2.167317335
mp-2151,1.698970004
mp-23251,1.342422681
mp-542640,2.155336037
mp-8432,1.86923172
mp-2028,2.201397124
mp-1194,2.136720567
mp-20296,1.949390007
mp-554278,2.257678575
mp-12962,2.053078443
mp-867300,1.939519253
mp-865531,2.195899652
mp-631,2.403120521
mp-20826,1.176091259
mp-867137,2.290034611
mp-754008,1.897627091
mp-569196,2.120573931
mp-19359,2.056904851
mp-570935,1.176091259
mp-567313,1.342422681
mp-1672,1.755874856
mp-25886,1.77815125
mp-571270,1.380211242
mp-554405,1.838849091
mp-11412,1.903089987
mp-22287,2.350248018
mp-30562,1.939519253
mp-504,1.903089987
mp-567510,1.51851394
mp-18966,2.117271296
mp-11754,1.857332496
mp-16337,1.380211242
mp-5407,2.250420002
mp-18427,2.206825876
mp-10873,2.056904851
mp-754238,1.991226076
mp-12716,1.982271233
mp-3210,2.004321374
mp-10437,1.73239376
mp-22522,2.167317335
mp-755264,2.374748346
mp-16363,2.117271296
mp-569018,1.568201724
mp-505803,2.041392685
mp-16356,2.195899652
mp-253,2.152288344
mp-5782,1.799340549
mp-754363,2.041392685
mp-1919,2.252853031
mp-7427,1.707570176
mp-764648,2.152288344
mp-1425,2.298853076
mp-417,2.260071388
mp-714882,2.155336037
mp-12742,2.113943352
mp-4262,2.149219113
mp-22144,2.247973266
mp-191,2.037426498
mp-1589,2.294466226
mp-2553,2.10720997
mp-1515,2.096910013
mp-13171,1.77815125
mp-28980,1.079181246
mp-1001011,2.274157849
mp-31454,2.243038049
mp-22903,1
mp-637614,1.72427587
mp-761415,2.214843848
mp-4666,1.875061263
mp-19943,1.84509804
mp-165,1.949390007
mp-1180,2.336459734
mp-10161,1.380211242
mp-9459,2.004321374
mp-11879,1.748188027
mp-1784,1.322219295
mp-11022,2.089905111
mp-1239,1.995635195
mp-684668,1.763427994
mp-11334,2.475671188
mp-8276,1.799340549
mp-1264,2.068185862
mp-977580,1.812913357
mp-570081,0.954242509
mp-830,2.247973266
mp-20061,2.247973266
mp-972916,1.838849091
mp-22095,2.056904851
mp-2515,2.36361198
mp-11176,2.120573931
mp-22637,2.252853031
mp-581786,2.033423755
mp-3701,2.100370545
mp-241,1.986771734
mp-21851,2.209515015
mp-8352,2.127104798
mp-13947,1.342422681
mp-755309,1
mp-31297,2.037426498
mp-11489,1.568201724
mp-5456,1.991226076
mp-5827,2.243038049
mp-1949,2.322219295
mp-16488,2.025305865
mp-5046,1.556302501
mp-1067,1.698970004
mp-510412,2.365487985
mp-2008,2.127104798
mp-22258,2.276461804
mp-571264,1.62324929
mp-1451,2.324282455
mp-12777,2.117271296
mp-5652,2.1430148
mp-4019,2.235528447
mp-7343,1.748188027
mp-10172,0.954242509
mp-7832,2.534026106
mp-2361,2.045322979
mp-11283,2.100370545
mp-1265,2.178976947
mp-427,2.212187604
mp-2672,1.505149978
mp-10133,1.897627091
mp-1552,2.46834733
mp-978273,1.602059991
mp-31212,1.672097858
mp-284,2.252853031
mp-20724,1.544068044
mp-517,2.267171728
mp-567929,2.167317335
mp-9615,1.832508913
mp-258,2.146128036
mp-21035,1.986771734
mp-638,1.72427587
mp-437,1.897627091
mp-11227,1.963787827
mp-15722,2.488550717
mp-3834,2.173186268
mp-10712,2.33243846
mp-22636,2.298853076
mp-23560,1.707570176
mp-20418,2.342422681
mp-11361,1.799340549
mp-863744,1.72427587
mp-996975,2.025305865
mp-11023,2.127104798
mp-7781,1.838849091
mp-30438,2.26245109
mp-2103,2.155336037
mp-1020,2.414973348
mp-7017,2.117271296
mp-19443,2.294466226
mp-607111,2.338456494
mp-2612,1.591064607
mp-3159,1.51851394
mp-16497,2.033423755
mp-12725,2.278753601
mp-675120,1.716003344
mp-30490,1.602059991
mp-7089,1.361727836
mp-1089,2.46834733
mp-541037,1.301029996
mp-11567,1.908485019
mp-2031,2.136720567
mp-13686,2.28780173
mp-3618,2.079181246
mp-22033,2.045322979
mp-510441,2.08278537
mp-568328,2.1430148
mp-5149,2.283301229
mp-583,2.195899652
mp-571555,0.954242509
mp-22795,1.755874856
mp-20466,2.130333768
mp-20565,2.209515015
mp-18198,2.075546961
mp-16483,1.897627091
mp-1001023,1.919078092
mp-21255,2.187520721
mp-21447,2.294466226
mp-20757,2.056904851
mp-567749,2.220108088
mp-8145,1.977723605
mp-2478,2.243038049
mp-865842,2.36361198
mp-22980,1.397940009
mp-12565,2.11058971
mp-20305,1.69019608
mp-570677,1.477121255
mp-13453,2.209515015
mp-861738,1.556302501
mp-157,1.322219295
mp-13119,1.968482949
mp-8458,1.838849091
mp-126,2.392696953
mp-10527,1.924279286
mp-580234,2.301029996
mp-569250,2.436162647
mp-739,2.1430148
mp-30156,1.982271233
mp-1008922,2.311753861
mp-1476,2.004321374
mp-866169,1.361727836
mp-2828,2.424881637
mp-15649,2.181843588
mp-20949,2.217483944
mp-4876,1.146128036
mp-30245,1.681241237
mp-1334,1.785329835
mp-446,2.383815366
mp-3094,1.908485019
mp-23259,1.322219295
mp-2560,2.068185862
mp-755690,2.257678575
mp-4864,1.602059991
mp-505562,2.187520721
mp-862260,1.892094603
mp-1011860,1.62324929
mp-765508,2.037426498
mp-15661,2.049218023
mp-22461,2.075546961
mp-20892,2.305351369
mp-2114,2.204119983
mp-567713,1.079181246
mp-13160,1.880813592
mp-9565,1.591064607
mp-25417,2.123851641
mp-19163,1.799340549
mp-1708,1.77815125
mp-774712,1.73239376
mp-8279,1.707570176
mp-567612,2.374748346
mp-13095,1.963787827
mp-569833,2.029383778
mp-22302,2.247973266
mp-736,1.602059991
mp-1009083,1.755874856
mp-8605,1.77815125
mp-22864,1.913813852
mp-3805,2.307496038
mp-7437,1.556302501
mp-6985,2.029383778
mp-2807,1.991226076
mp-8017,1.716003344
mp-30737,1.763427994
mp-10044,2.10720997
mp-22262,2.411619706
mp-10300,2.29666519
mp-864794,1.954242509
mp-21440,2.292256071
mp-8402,1.812913357
mp-19870,2.240549248
mp-30428,1.255272505
mp-23710,1.698970004
mp-31460,2.193124598
mp-13137,2.247973266
mp-556548,1.939519253
mp-2187,1.949390007
mp-11413,1.86923172
mp-985805,1.973127854
mp-865051,1.342422681
mp-1734,1.785329835
mp-14112,1.62324929
mp-1285,2.309630167
mp-541487,1.380211242
mp-568827,2.158362492
mp-50,2.28780173
mp-754126,2.155336037
mp-27726,0.698970004
mp-30856,2.328379603
mp-1219,1.544068044
mp-581733,2.079181246
mp-416,2.450249108
mp-546125,2.149219113
mp-8861,1.602059991
mp-3792,2.278753601
mp-18773,1.770852012
mp-758104,2.152288344
mp-953,2.075546961
mp-556417,1.146128036
mp-16305,2.243038049
mp-33009,2.243038049
mp-9339,2.274157849
mp-2090,2.276461804
mp-8780,2.45484486
mp-18717,2.290034611
mp-11697,2.008600172
mp-19069,2.103803721
mp-1973,2.086359831
mp-8484,2.158362492
mp-20382,2.021189299
mp-622570,2.123851641
mp-15985,2.123851641
mp-20202,1.86923172
mp-777479,1.62324929
mp-3427,1.968482949
mp-30175,1.785329835
mp-13450,2.004321374
mp-1648,1.982271233
mp-10200,2.139879086
mp-22426,2.120573931
mp-2012,1.491361694
mp-558432,1.447158031
mp-9023,2.053078443
mp-21850,2.146128036
mp-15316,1.740362689
mp-30788,2.336459734
mp-10748,1.579783597
mp-18922,2.133538908
mp-3747,2.201397124
mp-2406,1.792391689
mp-570713,2.209515015
mp-9964,2.176091259
mp-18468,2.340444115
mp-649774,1.322219295
mp-552454,2.247973266
mp-862669,2.348304863
mp-867917,2.298853076
mp-30836,2.330413773
mp-1585,2.324282455
mp-11299,1.568201724
mp-23703,1.568201724
mp-571263,1.672097858
mp-1012551,1.462397998
mp-9938,2.149219113
mp-30423,2.100370545
mp-8042,2.305351369
mp-11531,2.322219295
mp-22894,1.397940009
mp-18965,1.934498451
mp-4471,2.31386722
mp-4653,2.243038049
mp-570578,1.857332496
mp-30472,1.698970004
mp-4200,2.176091259
mp-570744,1.770852012
mp-11220,1.84509804
mp-754375,2.152288344
mp-29145,0.903089987
mp-977207,1.322219295
mp-10379,2.155336037
mp-22156,2.113943352
mp-2243,2.255272505
mp-11512,2.130333768
mp-122,0.954242509
mp-568121,2.285557309
mp-996990,1.913813852
mp-12580,1.568201724
mp-569066,0.77815125
mp-13452,2.220108088
mp-15988,1.72427587
mp-2654,1.51851394
mp-9514,2.127104798
mp-20516,2.311753861
mp-742,2.100370545
mp-535,2.285557309
mp-999540,1.707570176
mp-31277,1.857332496
mp-24237,1.986771734
mp-22752,1.903089987
mp-2034,2.523746467
mp-977218,1.322219295
mp-865229,2.334453751
mp-7876,1.633468456
mp-19399,2.307496038
mp-13079,2.198657087
mp-1190,1.763427994
mp-29153,2.181843588
mp-5606,1.770852012
mp-718,2.164352856
mp-1028,1.72427587
mp-1038,1.973127854
mp-754455,2.149219113
mp-570751,2.222716471
mp-30871,2.252853031
mp-19387,2.071882007
mp-1008610,2.235528447
mp-1479,2.206825876
mp-27275,1.86332286
mp-31080,1.944482672
mp-2536,2.397940009
mp-30581,2.089905111
mp-87,2.086359831
mp-945,2.328379603
mp-2451,1.857332496
mp-1172,2.06069784
mp-8418,2.285557309
mp-11571,1.792391689
mp-22566,1.672097858
mp-601820,2.271841607
mp-1689,2.418301291
mp-559598,1.934498451
mp-8995,1.301029996
mp-9029,1.939519253
mp-10670,1.672097858
mp-19740,2.004321374
mp-9801,2.257678575
mp-1027,2.340444115
mp-30684,2.049218023
mp-13829,1.633468456
mp-1314,1.556302501
mp-10849,1.973127854
mp-19147,2.096910013
mp-567982,2.012837225
mp-11520,1.973127854
mp-11280,2.086359831
mp-1352,2.392696953
mp-557257,1.832508913
mp-255,1.230448921
mp-22889,0.84509804
mp-569834,1.86923172
mp-1523,2.103803721
mp-11566,1.875061263
mp-117,1.579783597
mp-1444,1.531478917
mp-380,1.748188027
mp-11917,2.267171728
mp-16493,1.949390007
mp-4756,1.602059991
mp-1545,2.309630167
mp-28782,1.380211242
mp-3700,1.892094603
mp-10739,2.344392274
mp-1152,2.361727836
mp-998552,2.201397124
mp-2027,2.184691431
mp-30686,2.045322979
mp-10890,1.806179974
mp-3679,1.982271233
mp-10212,1.908485019
mp-21449,2.376576957
mp-21075,2.372912003
mp-675766,1.322219295
mp-23067,1.079181246
mp-20492,2.170261715
mp-1156,1.653212514
mp-6959,1.301029996
mp-9575,1.755874856
mp-10046,2.307496038
mp-11560,2.305351369
mp-10259,2.247973266
mp-12087,1.986771734
mp-999068,2.075546961
mp-568920,1.995635195
mp-11578,2.053078443
mp-1135,2.301029996
mp-21894,1.838849091
mp-510691,2.049218023
mp-7931,1.653212514
mp-865146,2.260071388
mp-13208,1.86332286
mp-10228,1.397940009
mp-15778,1.934498451
mp-10759,1.763427994
mp-31459,2.212187604
mp-753059,1.568201724
mp-569624,2.278753601
mp-8577,2
mp-30491,1.653212514
mp-81,2.136720567
mp-7979,1.380211242
mp-19962,1.968482949
mp-2258,2.152288344
mp-18918,2.152288344
mp-2516,1.77815125
mp-2533,2.371067862
mp-3988,1.875061263
mp-5078,1.785329835
mp-672287,1.505149978
mp-1526,2.017033339
mp-24726,2.139879086
mp-2715,2.120573931
mp-643279,1.204119983
mp-1630,2.017033339
mp-1099,2.133538908
mp-11834,1.963787827
mp-11583,2.201397124
mp-13456,1.84509804
mp-9307,1.72427587
mp-7787,2.136720567
mp-30459,1.949390007
mp-571367,2.278753601
mp-16528,2.053078443
mp-2644,2.136720567
mp-1578,2.336459734
mp-12403,1.041392685
mp-2108,2.1430148
mp-5348,2.021189299
mp-4563,2.164352856
mp-2213,2.271841607
mp-10245,2.184691431
mp-21855,1.556302501
mp-11359,1.892094603
mp-27828,0.954242509
mp-20395,2.26245109
mp-569426,1.544068044
mp-11644,1.204119983
mp-1128,2.33243846
mp-760381,1.886490725
mp-11286,1.544068044
mp-12593,2.385606274
mp-540111,1.079181246
mp-17695,1.857332496
mp-13964,1.977723605
mp-16336,2.217483944
mp-19138,1.929418926
mp-1082,2.505149978
mp-555599,1.86923172
mp-1393,1.707570176
mp-554573,1.414973348
mp-14208,1.792391689
mp-11387,2.008600172
mp-30570,2.401400541
mp-8414,1.146128036
mp-2658,2.243038049
mp-30366,1.414973348
mp-8937,2.290034611
mp-27207,1.342422681
mp-85,1.51851394
mp-19177,2.252853031
mp-226,2.164352856
mp-7936,1.919078092
mp-1008274,2.434568904
mp-541,2.267171728
mp-13472,2.278753601
mp-11385,2.021189299
mp-2006,2.374748346
mp-643409,2.017033339
mp-865050,2.193124598
mp-559435,1.977723605
mp-11486,2.041392685
mp-13109,2.222716471
mp-13683,2.053078443
mp-31458,2.149219113
mp-605034,1.204119983
mp-13172,1.963787827
mp-2824,2.198657087
mp-729,2.396199347
mp-17045,2.28780173
mp-754403,2.240549248
mp-23804,1.897627091
mp-2212,2.08278537
mp-865586,2.378397901
mp-9916,2.326335861
mp-22152,1.698970004
mp-4492,2.340444115
mp-1963,2.342422681
mp-8192,1.342422681
mp-1229,1.770852012
mp-20900,1.977723605
mp-568014,2.198657087
mp-2199,2.326335861
mp-28270,1.230448921
mp-390,2.252853031
mp-4753,2.152288344
mp-1404,1.954242509
mp-865193,2.326335861
mp-9919,1.672097858
mp-31456,2.167317335
mp-2592,2.315970345
mp-2201,1.672097858
mp-20730,2.214843848
mp-510311,1.477121255
mp-1220,2.139879086
mp-22607,1.431363764
mp-902,1.322219295
mp-139,1.041392685
mp-775909,2.28780173
mp-754850,1.716003344
mp-2420,2.346352974
mp-3642,2.136720567
mp-11580,2.309630167
mp-11193,2.025305865
mp-2430,2.029383778
mp-1326,2.214843848
mp-22898,1
mp-756361,2.086359831
mp-546279,1.342422681
mp-540791,2.255272505
mp-20865,1.832508913
mp-21069,2.113943352
mp-865525,1.785329835
mp-2097,1.505149978
mp-30842,2.227886705
mp-4551,1.531478917
mp-6931,1.770852012
mp-28230,1.113943352
mp-999096,2.021189299
mp-728,1.681241237
mp-570452,2.064457989
mp-571651,2.021189299
mp-7623,1.633468456
mp-5213,1.755874856
mp-7424,2.252853031
mp-30816,1.832508913
mp-31496,1.672097858
mp-1522,2.176091259
mp-21347,2.484299839
mp-2744,1.897627091
mp-865441,2.220108088
mp-567618,2.311753861
mp-761390,2.298853076
mp-8182,2.064457989
mp-9517,2.08278537
mp-7377,1.491361694
mp-3732,2.255272505
mp-866291,1.447158031
mp-5414,1.361727836
mp-672216,2.064457989
mp-567666,1.397940009
mp-29973,1.591064607
mp-988,2.369215857
mp-761524,2.164352856
mp-7250,2.328379603
mp-567652,1.278753601
mp-11248,1.995635195
mp-10113,2.376576957
mp-922,2.344392274
mp-11329,2.276461804
mp-10887,2.127104798
mp-12585,2.361727836
mp-19009,2.309630167
mp-5621,1.602059991
mp-8648,2.26245109
mp-1883,1.602059991
mp-7092,2.164352856
mp-16501,2.212187604
mp-11307,1.633468456
mp-1932,2.348304863
mp-11300,1.86332286
mp-29403,0.698970004
mp-18167,1.462397998
mp-5475,2.133538908
mp-11621,2.008600172
mp-570963,2.385606274
mp-10208,2.276461804
mp-2931,2.041392685
mp-30408,2.045322979
mp-7930,2.139879086
mp-16524,2.117271296
mp-2809,1.204119983
mp-21476,2.387389826
mp-5137,2.053078443
mp-675748,1.62324929
mp-9961,2.049218023
mp-4559,1.653212514
mp-14797,1.397940009
mp-21467,2.225309282
mp-2263,2.342422681
mp-862318,2.008600172
mp-1371,1.806179974
mp-2231,1.380211242
mp-20817,2.08278537
mp-9383,2.193124598
mp-341,1.491361694
mp-1918,2.294466226
mp-4441,1.892094603
mp-15113,2
mp-31185,2.292256071
mp-2851,1.991226076
mp-14115,2.08278537
mp-20155,2.004321374
mp-3955,1.462397998
mp-715469,2.357934847
mp-10695,1.832508913
mp-20432,2.139879086
mp-27255,1.397940009
mp-29641,1.322219295
mp-12029,1.77815125
mp-33,2.488550717
mp-23807,2.190331698
mp-12137,1.84509804
mp-8237,1.740362689
mp-4131,2.201397124
mp-783905,1.875061263
mp-10446,1.86332286
mp-10700,2.245512668
mp-11191,2.257678575
mp-569837,2.041392685
mp-1260,2.033423755
mp-22535,2.222716471
mp-30780,1.556302501
mp-761574,2.181843588
mp-30875,2.06069784
mp-23056,1.633468456
mp-30365,2.170261715
mp-5748,2.214843848
mp-1022,1.278753601
mp-754701,2.130333768
mp-9391,1.255272505
mp-22204,2.357934847
mp-20004,2.075546961
mp-9289,1.913813852
mp-945184,1.62324929
mp-2346,2.127104798
mp-571163,2.212187604
mp-13276,1.643452676
mp-568809,1.462397998
mp-2682,2.017033339
mp-6938,2.238046103
mp-2705,2.382017043
mp-875,2.372912003
mp-644225,1.653212514
mp-12674,2.068185862
mp-30460,1.886490725
mp-19835,2.198657087
mp-20541,2.315970345
mp-8487,1.913813852
mp-31438,1.903089987
mp-3748,2.201397124
mp-756214,2.281033367
mp-8786,2.1430148
mp-9687,1.322219295
mp-11506,2.361727836
mp-12411,1.681241237
mp-1539,1.968482949
mp-30435,1.431363764
mp-4083,1.86923172
mp-11465,1.633468456
mp-7048,2.269512944
mp-19226,1.924279286
mp-22875,1.447158031
mp-1009488,2.413299764
mp-9060,1.84509804
mp-760,2.071882007
mp-7771,1.662757832
mp-558852,2.017033339
mp-2624,1.69019608
mp-16529,2.049218023
mp-16297,2.008600172
mp-27226,1.968482949
mp-3821,1.414973348
mp-11279,2.100370545
mp-556,2.139879086
mp-559976,1.591064607
mp-865444,1.959041392
mp-2646,1.62324929
mp-94,1.62324929
mp-13071,1.903089987
mp-19017,1.959041392
mp-505517,2.267171728
mp-5869,2.053078443
mp-823,2.212187604
mp-17783,1.755874856
mp-16521,2.309630167
mp-12954,2.056904851
mp-27393,1.301029996
mp-21873,2.053078443
mp-10198,2.198657087
mp-628606,0.954242509
mp-8882,1.880813592
mp-30739,1.886490725
mp-2652,2.139879086
mp-758052,1.880813592
mp-1081,1.991226076
mp-5166,1.939519253
mp-13444,1.556302501
mp-999079,2.029383778
mp-9743,1.799340549
mp-9177,1.934498451
mp-1808,2.149219113
mp-7822,1.949390007
mp-12700,2.397940009
mp-1185,2.399673721
mp-2773,2.290034611
mp-8606,1.763427994
mp-1252,2.075546961
mp-7918,2.103803721
mp-4673,2.190331698
mp-1030,2.322219295
mp-570632,1.763427994
mp-30483,1.505149978
mp-1894,2.58546073
mp-12863,1.62324929
mp-27606,2.041392685
mp-8372,1.77815125
mp-570428,1.792391689
mp-15643,1.602059991
mp-553303,1.230448921
mp-22478,2.161368002
mp-11449,2.283301229
mp-20847,2.029383778
mp-10173,1.146128036
mp-682,1.681241237
mp-684580,1.447158031
mp-753722,1.62324929
mp-189,2.309630167
mp-19328,2.281033367
mp-20698,1.73239376
mp-5933,2.146128036
mp-974625,2.545307116
mp-14070,1.963787827
mp-3469,2.161368002
mp-540,2.10720997
mp-567841,1.963787827
mp-565,2.033423755
mp-20883,2.11058971
mp-36111,1.740362689
mp-3677,2.238046103
mp-2695,2.11058971
mp-570689,1.857332496
mp-5778,2.338456494
mp-1825,1.963787827
mp-11714,2.330413773
mp-11695,1.301029996
mp-553243,1.819543936
mp-2449,2.396199347
mp-19991,1.681241237
mp-4472,2.501059262
mp-20539,1.748188027
mp-755570,1.838849091
mp-30882,2.025305865
mp-639874,2.209515015
mp-22904,1.51851394
mp-27919,2.230448921
mp-16723,1.763427994
mp-715434,2.309630167
mp-42,2.290034611
mp-22270,2.285557309
mp-13447,1.944482672
mp-7432,1.568201724
mp-46,2.053078443
mp-8159,1.662757832
mp-20049,1.903089987
mp-1609,2.440909082
mp-30493,2.190331698
mp-19420,2.103803721
mp-20860,2.320146286
mp-2758,1.612783857
mp-12532,1.568201724
mp-11202,1.770852012
mp-944,2.267171728
mp-5670,2.120573931
mp-780260,1.447158031
mp-129,2.418301291
mp-4236,1.919078092
mp-867281,2.451786436
mp-568661,1.397940009
mp-554973,1.826074803
mp-568077,2.357934847
mp-4280,2.178976947
mp-670,2.36361198
mp-20793,1.278753601
mp-675324,1.698970004
mp-2749,2.093421685
mp-29674,2.361727836
mp-2033,2.294466226
mp-11019,2.178976947
mp-755000,2.11058971
mp-5929,1.477121255
mp-17524,1.176091259
mp-9382,2.176091259
mp-2488,2.324282455
mp-19424,2.243038049
mp-8236,1.785329835
mp-3432,2.017033339
mp-12537,2.1430148
mp-10456,2.283301229
mp-7891,1.73239376
mp-15987,2.170261715
mp-374,2.401400541
mp-10991,1.949390007
mp-11517,2.432969291
mp-6997,1.505149978
mp-568284,1.113943352
mp-865026,2.378397901
mp-7364,1.968482949
mp-17848,2.264817823
mp-9225,2.173186268
mp-2152,2.170261715
mp-642644,2.281033367
mp-8628,1.69019608
mp-2056,2.021189299
mp-12761,2.136720567
mp-21164,1.832508913
mp-22154,1.716003344
mp-505822,2.281033367
mp-11464,1.612783857
mp-29208,1.544068044
mp-31516,1.361727836
mp-4846,2.045322979
mp-1418,2.307496038
mp-2121,1.924279286
mp-754727,1.826074803
mp-866046,2.033423755
mp-14796,1.414973348
mp-570832,2.206825876
mp-21313,2.318063335
mp-18946,2.260071388
mp-775808,2.06069784
mp-2605,2.021189299
mp-2116,2.255272505
mp-12659,2.367355921
mp-13495,2.127104798
mp-239,1.51851394
mp-2858,2.26245109
mp-10891,2.149219113
mp-5549,1.826074803
mp-759877,1.72427587
mp-10744,2.206825876
mp-10608,1.913813852
mp-12083,2.487138375
mp-30177,2.079181246
mp-10910,2.222716471
mp-22325,1.662757832
mp-862664,1.913813852
mp-31055,2.017033339
mp-505820,2.071882007
mp-6926,2.049218023
mp-3340,2.307496038
mp-23715,1.477121255
mp-3576,2.240549248
mp-188,2.352182518
mp-21316,2.413299764
mp-568711,2.255272505
mp-7906,1.579783597
mp-754344,2.017033339
mp-4627,2.1430148
mp-867222,1.681241237
mp-3666,2.089905111
mp-19970,1.892094603
mp-643009,1.579783597
mp-639789,2.399673721
mp-862586,2.472756449
mp-685097,2.322219295
mp-20738,2.26245109
mp-542812,1
mp-643063,1.361727836
mp-134,1.919078092
mp-1459,2.5289167
mp-978269,1.799340549
mp-291,2.394451681
mp-7524,2.11058971
mp-23209,1.531478917
mp-560976,1.875061263
mp-23713,1.672097858
mp-3054,1.740362689
mp-864972,1.944482672
mp-8884,1.633468456
mp-13583,2.086359831
mp-2283,2.117271296
mp-8,2.562292864
mp-11514,2.387389826
mp-2000,1.806179974
mp-4524,1.875061263
mp-2211,2.338456494
mp-20901,1.886490725
mp-866311,1.77815125
mp-4124,1.838849091
mp-23152,1.462397998
mp-510624,2.117271296
mp-690490,2.352182518
mp-11239,2.025305865
mp-30846,2.008600172
mp-2305,2.544068044
mp-11499,1.633468456
mp-754246,1.414973348
mp-903,2.257678575
mp-2260,2.303196057
mp-760396,2.334453751
mp-14983,2.079181246
mp-571599,1.77815125
mp-13272,1.643452676
mp-2501,2.46686762
mp-10909,2.40654018
mp-774922,0.77815125
mp-20424,2.29666519
mp-30807,2.217483944
mp-2318,2.340444115
mp-23214,1.278753601
mp-1317,1.929418926
mp-514,2.053078443
mp-504711,2.318063335
mp-1799,2.385606274
mp-2225,2.198657087
mp-2589,2.11058971
mp-22631,2.389166084
mp-8790,1.908485019
mp-7506,2.350248018
mp-2339,2.220108088
mp-21249,1.949390007
mp-30778,1.851258349
mp-13993,1.857332496
mp-19817,1.886490725
mp-1620,2.338456494
mp-865,2.173186268
mp-1367,1.72427587
mp-14019,2.413299764
mp-19225,2.117271296
mp-2614,2.029383778
mp-20828,2.235528447
mp-1157,2.330413773
mp-11275,2.383815366
mp-5486,1.968482949
mp-12724,1.380211242
mp-30180,2.045322979
mp-22793,2.361727836
mp-6969,2.079181246
mp-971662,1.880813592
mp-714976,1.819543936
mp-8280,1.653212514
mp-8219,2.11058971
mp-1890,2.492760389
mp-1509,1.230448921
mp-15780,2.29666519
mp-2287,2.264817823
mp-18875,2.133538908
mp-568865,1.939519253
mp-842,2.120573931
mp-752496,2.190331698
mp-10615,1.579783597
mp-4964,1.986771734
mp-1002124,2.212187604
mp-9999,2.471291711
mp-4120,1.799340549
mp-1108,2.480006943
mp-753197,2.257678575
mp-605663,2.209515015
mp-570485,1.716003344
mp-505297,2.225309282
mp-23195,1.322219295
mp-2647,2.021189299
mp-30787,2.428134794
mp-8401,1.806179974
mp-567345,2.338456494
mp-28895,1.944482672
mp-567636,2.204119983
mp-1804,2.315970345
mp-571513,1
mp-644264,1.785329835
mp-21471,1.832508913
mp-29069,1.763427994
mp-21374,1.322219295
mp-9571,1.755874856
mp-31453,2.184691431
mp-643243,1.041392685
mp-384,1.763427994
mp-504659,2.173186268
mp-29646,2.06069784
mp-6668,1.982271233
mp-2176,1.662757832
mp-7285,2.257678575
mp-28163,1.380211242
mp-4255,1.819543936
mp-30784,1.826074803
mp-570684,2.423245874
mp-644278,1.977723605
mp-11504,1.944482672
mp-13962,1.919078092
mp-760410,1.301029996
mp-9985,2.378397901
mp-978534,1.86923172
mp-568673,2.178976947
mp-865523,2.26245109
mp-9472,1.812913357
mp-754311,1.255272505
mp-10884,2.274157849
mp-146,2.252853031
mp-408,1.698970004
mp-37620,2.064457989
mp-30866,2.451786436
mp-19717,1.602059991
mp-8689,1.740362689
mp-756018,1.897627091
mp-697030,1.875061263
mp-4779,1.612783857
mp-14628,2.158362492
mp-12635,2.158362492
mp-570276,2.033423755
mp-3020,2.222716471
mp-2322,1.903089987
mp-11397,2.089905111
mp-8994,1.361727836
mp-569073,1.544068044
mp-4842,1.924279286
mp-11270,2.212187604
mp-5928,1.591064607
mp-8200,1.792391689
mp-19917,1.544068044
mp-21012,2.298853076
mp-20180,2.383815366
mp-3833,1.806179974
mp-9198,2.06069784
mp-13092,2.021189299
mp-22260,2.041392685
mp-570287,2.324282455
mp-2170,1.832508913
mp-9295,1.462397998
mp-1235,2.357934847
mp-2517,1.568201724
mp-976139,1.278753601
mp-1335,2.292256071
mp-2251,1.716003344
mp-542136,1.579783597
mp-685194,2.033423755
mp-571126,2.357934847
mp-13365,1.544068044
mp-22919,1.505149978
mp-985806,2
mp-9586,1.851258349
mp-1590,2.100370545
mp-20787,2.463892989
mp-20485,1
mp-550893,2.394451681
mp-564,1.991226076
mp-626902,2.056904851
mp-779545,1.633468456
mp-570923,2.307496038
mp-13313,1.612783857
mp-862658,1.954242509
mp-28897,2.372912003
mp-7483,1.707570176
mp-2340,1.69019608
mp-606949,2.075546961
mp-554107,1.662757832
mp-23711,1.681241237
mp-23431,1
mp-998981,2.025305865
mp-3274,2.195899652
mp-650,2.164352856
mp-24728,2.243038049
mp-7574,2.324282455
mp-569125,1.62324929
mp-9124,1.740362689
mp-13032,1.740362689
mp-11272,2.217483944
mp-5244,2.056904851
mp-10675,2.212187604
mp-2173,1.579783597
mp-9350,2
mp-9025,1.968482949
mp-11869,2.086359831
mp-704645,2.164352856
mp-32679,2.356025857
mp-10706,2.409933123
mp-810,2.056904851
mp-20932,2.338456494
mp-20197,2.255272505
mp-1664,2.294466226
mp-493,2.392696953
mp-865798,2.103803721
mp-862316,2.217483944
mp-14069,1.968482949
mp-775001,0.84509804
mp-795616,2.190331698
mp-9957,2.255272505
mp-31451,2.068185862
mp-10000,2.117271296
mp-20351,1.770852012
mp-642659,2.283301229
mp-82,1.414973348
mp-1105,1.826074803
mp-542854,1.770852012
mp-985825,1.968482949
mp-13963,1.491361694
mp-6972,2.120573931
mp-23268,1.204119983
mp-8277,1.72427587
mp-2827,2.170261715
mp-865130,2.240549248
mp-22722,2.290034611
mp-1249,1.977723605
mp-1982,2.123851641
mp-20191,2.305351369
mp-22253,1.531478917
mp-867144,1.602059991
mp-30884,1.851258349
mp-10669,1.51851394
mp-7804,2.40654018
mp-738,1.851258349
mp-27834,1.041392685
mp-21306,2.257678575
mp-20426,2.146128036
mp-607475,1.949390007
mp-972954,1.633468456
mp-603,2.11058971
mp-1842,2.103803721
mp-11256,2.012837225
mp-10435,1.886490725
mp-20928,2.064457989
mp-19,1.342422681
mp-4852,1.939519253
mp-819,2.281033367
mp-557373,1.204119983
mp-13311,1.672097858
mp-31219,2.426511261
mp-929,2.214843848
mp-5839,2
mp-266,2.089905111
mp-19183,1.944482672
mp-10440,2.309630167
mp-1251,2.367355921
mp-363,2.152288344
mp-676058,1.84509804
mp-1424,2.089905111
mp-2059,2.209515015
mp-20086,1.806179974
mp-15686,1.698970004
mp-305,2.28780173
mp-566278,2.28780173
mp-29736,1.903089987
mp-4499,1.832508913
mp-11278,2.271841607
mp-10092,1.602059991
mp-29638,1.934498451
mp-869,2.123851641
mp-570197,1.740362689
mp-973374,1.447158031
mp-13090,1.755874856
mp-22905,1.505149978
mp-17862,1.812913357
mp-3567,1.672097858
mp-569989,2.357934847
mp-7435,1.531478917
mp-864670,2.392696953
mp-645159,2.209515015
mp-3702,2.29666519
mp-9173,1.973127854
mp-7080,1.897627091
mp-568974,1.785329835
mp-786,1.73239376
mp-864639,2.387389826
mp-16334,2.271841607
mp-19963,2.257678575
mp-10183,1.908485019
mp-770618,2.193124598
mp-504741,2.285557309
mp-3464,2.374748346
mp-443,1.826074803
mp-18766,2.298853076
mp-10281,1.838849091
mp-977059,2.152288344
mp-10189,1.579783597
mp-13033,1.51851394
mp-18949,1.954242509
mp-30595,2.247973266
mp-5971,2.201397124
mp-1039,1.544068044
mp-22390,2.220108088
mp-21469,2.243038049
mp-22598,2.161368002
mp-20325,2.161368002
mp-567276,2.303196057
mp-19102,2.045322979
mp-3397,1.806179974
mp-782,1.72427587
mp-5473,1.698970004
mp-568901,2.292256071
mp-31383,2.049218023
mp-11252,2.093421685
mp-23350,1.041392685
mp-20599,1.819543936
mp-8843,1.832508913
mp-9570,1.755874856
mp-866155,2.320146286
mp-28145,1.041392685
mp-776331,2.346352974
mp-10894,2.264817823
mp-1008557,2.411619706
mp-776083,1.414973348
mp-19050,2.123851641
mp-573697,1.079181246
mp-568607,2.08278537
mp-510281,2.155336037
mp-10063,1.556302501
mp-582360,2.301029996
mp-1482,2.033423755
mp-761556,2.238046103
mp-30563,2.139879086
mp-22469,2.173186268
mp-22120,2.294466226
mp-10054,2.064457989
mp-20318,2.505149978
mp-755115,1.653212514
mp-23231,1.602059991
mp-4043,1.51851394
mp-540925,1.204119983
mp-14088,1.230448921
mp-11809,2.033423755
mp-4248,2.222716471
mp-9566,1.591064607
mp-20315,2.103803721
mp-754567,1.851258349
mp-317,2.1430148
mp-569639,1.301029996
mp-1008920,2.269512944
mp-766486,1.643452676
mp-3390,2.068185862
mp-850062,2.056904851
mp-557862,1.662757832
mp-30821,2.075546961
mp-20662,1.770852012
mp-522,2.130333768
mp-755313,2.240549248
mp-690785,1.361727836
mp-135,1.146128036
mp-468,1.653212514
mp-4878,2.008600172
mp-3098,2.260071388
mp-569794,2.290034611
mp-556927,1.556302501
mp-12608,2.389166084
mp-1437,1.544068044
mp-1498,2.037426498
mp-14587,1.799340549
mp-2659,1.544068044
mp-27677,1.672097858
mp-4573,1.477121255
mp-13155,2.045322979
mp-2363,2.301029996
mp-1907,1.255272505
mp-867133,2.025305865
mp-351,2.214843848
mp-29889,1.146128036
mp-570670,2.326335861
mp-16548,1.929418926
mp-30461,1.924279286
mp-214,2.26245109
mp-30886,1.897627091
mp-12086,2.201397124
mp-568803,2.359835482
mp-23295,1.176091259
mp-3315,2.220108088
mp-1281,2.437750563
mp-27827,1.041392685
mp-3104,2
mp-1840,2.281033367
mp-21907,2.184691431
mp-20012,1.544068044
mp-9960,1.875061263
mp-27243,1
mp-976256,1.301029996
mp-4820,2.307496038
mp-569151,2.086359831
mp-4593,2.33243846
mp-13156,2.068185862
mp-788,2.041392685
mp-560902,1.929418926
mp-2685,2.06069784
mp-2481,1.763427994
mp-997031,2.127104798
mp-29111,2.235528447
mp-19407,2.103803721
mp-755483,2.328379603
mp-867700,1.579783597
mp-10311,2.164352856
mp-18695,2.264817823
mp-15297,2.100370545
mp-20586,2.328379603
mp-643370,1.579783597
mp-14142,2.23299611
mp-2879,2.139879086
mp-13108,2.217483944
mp-11282,2.338456494
mp-112,1.612783857
mp-570491,2.346352974
mp-873,2.250420002
mp-20199,1.447158031
mp-2313,1.602059991
mp-7375,2.012837225
mp-541837,1.079181246
mp-5259,1.62324929
mp-19448,2.195899652
mp-752947,1.73239376
mp-18849,1.880813592
mp-20001,1.84509804
mp-10052,2.064457989
mp-7650,1.977723605
mp-999473,2.214843848
mp-27839,1.079181246
mp-30851,2.305351369
mp-12546,2.146128036
mp-505824,1.462397998
mp-27731,2.173186268
mp-29011,1.86923172
mp-30242,1.897627091
mp-3138,1.255272505
mp-12595,2.424881637
mp-18712,1.770852012
mp-7430,1.591064607
mp-550306,1.785329835
mp-761842,2.257678575
mp-1473,2.431363764
mp-9166,1.982271233
mp-7631,2.328379603
mp-754134,2.309630167
mp-1475,2.149219113
mp-971706,2.184691431
mp-1749,1.755874856
mp-1569,2.303196057
mp-4500,2.240549248
mp-754624,2.278753601
mp-8982,1.77815125
mp-29556,1.176091259
mp-19219,1.799340549
mp-13314,1.531478917
mp-10322,2.017033339
mp-507,2.307496038
mp-15669,1.77815125
mp-4656,2.089905111
mp-12107,2.374748346
mp-9744,1.770852012
mp-548,2.357934847
mp-1266,1.414973348
mp-973364,1.544068044
mp-20147,2.243038049
mp-10877,1.968482949
mp-11327,1.146128036
mp-11231,1.880813592
mp-20563,1.838849091
mp-37614,2.307496038
mp-921,2.181843588
mp-19086,1.897627091
mp-10140,1.86923172
mp-690760,2.10720997
mp-610972,2.103803721
mp-30,2.161368002
mp-641526,2.264817823
mp-6980,1.924279286
mp-21104,2.053078443
mp-567842,2.136720567
mp-1677,2.298853076
mp-635,2.264817823
mp-19728,2.093421685
mp-754671,2.06069784
mp-4661,2.149219113
mp-30405,1.763427994
mp-28711,1.113943352
mp-1006226,1.579783597
mp-22956,1.113943352
mp-22700,1.903089987
mp-3953,1.880813592
mp-23034,1.491361694
mp-553875,2.195899652
mp-12772,2.053078443
mp-567889,2.049218023
mp-11557,2.354108439
mp-9158,1.908485019
mp-676828,1.875061263
mp-11513,2.320146286
mp-10919,1.568201724
mp-20905,2.28780173
mp-3635,1.77815125
mp-90,2.413299764
mp-684709,1.982271233
mp-136,2.46834733
mp-567681,1.113943352
mp-17639,1.908485019
mp-864940,2.075546961
mp-35539,1.531478917
mp-7583,1.380211242
mp-13948,1.301029996
mp-22227,2.164352856
mp-569785,2.120573931
mp-11806,1.944482672
mp-569886,1.602059991
mp-510437,1.949390007
mp-15803,1.716003344
mp-2294,2.178976947
mp-20551,2.255272505
mp-646824,1.698970004
mp-784631,2.357934847
mp-567191,1.740362689
mp-2657,2.320146286
mp-7875,1.69019608
mp-11113,1.919078092
mp-7707,2.23299611
mp-32311,1.176091259
mp-1278,2.100370545
mp-2301,2.06069784
mp-1356,1.924279286
mp-30501,1.959041392
mp-22769,2.23299611
mp-12773,2
mp-754538,1.62324929
mp-569167,2.447158031
mp-862868,1.361727836
mp-7434,1.556302501
mp-553946,2.127104798
mp-2780,1.944482672
mp-1145,2.403120521
mp-30363,1.653212514
mp-32669,1.278753601
mp-862657,2.064457989
mp-7350,1.832508913
mp-7187,2.209515015
mp-504580,2.139879086
mp-30599,2.120573931
mp-10402,1.397940009
mp-22150,2.120573931
mp-8001,2.152288344
mp-865939,1.477121255
mp-22546,2.290034611
mp-568912,2.123851641
mp-7544,2.281033367
mp-549,1.812913357
mp-11565,2.250420002
mp-7486,1.77815125
mp-10711,2.240549248
mp-1361,2.025305865
mp-316,2.385606274
mp-5938,1.973127854
mp-1282,2.487138375
mp-8642,2.559906625
mp-21342,2.212187604
mp-54,2.326335861
mp-1782,1.908485019
mp-22870,1.113943352
mp-8231,2.225309282
mp-672299,1.934498451
mp-4064,2.056904851
mp-29009,1.322219295
mp-20840,2.225309282
mp-30817,2.017033339
mp-7908,1.462397998
mp-17413,2.311753861
mp-697179,2.056904851
mp-1078,1.602059991
mp-13154,2.29666519
mp-27678,1.204119983
mp-866224,2.318063335
mp-976262,1.397940009
mp-21027,1.826074803
mp-672340,2.008600172
mp-10154,2.120573931
mp-3173,1.755874856
mp-16238,1.672097858
mp-11281,2.204119983
mp-4897,2.093421685
mp-570150,1.748188027
mp-1692,2.155336037
mp-9262,1.176091259
mp-569849,1.477121255
mp-1275,2.401400541
mp-656887,2.164352856
mp-22275,2.033423755
mp-12908,1.792391689
mp-567164,2.439332694
mp-21418,2.033423755
mp-14024,2.120573931
mp-35785,1.792391689
mp-2280,1.812913357
mp-560865,1.146128036
mp-1336,2.201397124
mp-20545,1.86923172
mp-102,2.326335861
mp-22304,1.361727836
mp-12696,1.84509804
mp-1491,2.456366033
mp-22925,1.301029996
mp-1159,2.093421685
mp-19809,2.206825876
mp-124,1.944482672
mp-10463,2.214843848
mp-764949,1.662757832
mp-29896,2.173186268
mp-24084,1.146128036
mp-19856,2.103803721
mp-16860,1.77815125
mp-30811,2.369215857
mp-625055,1.86923172
mp-2598,2.029383778
mp-10196,2.434568904
mp-11277,2.033423755
mp-4541,1.799340549
mp-7632,2.382017043
mp-9768,1.740362689
mp-12467,1.556302501
mp-866171,1.924279286
mp-3924,2.187520721
mp-755302,2.209515015
mp-22784,2.176091259
mp-6908,1.740362689
mp-7857,2.315970345
mp-7482,1.707570176
mp-1472,2.376576957
mp-12317,1.755874856
mp-31457,2.133538908
mp-8041,1.176091259
mp-29135,2.093421685
mp-32994,2.352182518
mp-7189,2.170261715
mp-9172,1.903089987
mp-7851,2.392696953
mp-19133,2.096910013
mp-22617,1.959041392
mp-567197,1.892094603
mp-2168,1.447158031
mp-11263,2.071882007
mp-601285,2.198657087
mp-11345,2.127104798
mp-12177,1.662757832
mp-571160,1.812913357
mp-3970,1.431363764
mp-570698,2.255272505
mp-7916,2.130333768
mp-2949,1.954242509
mp-12070,2.008600172
mp-862779,2.5132176
mp-9563,1.505149978
mp-8278,1.707570176
mp-12760,2.025305865
mp-3862,1.755874856
mp-113,2.477121255
mp-7066,2.093421685
mp-975906,1.799340549
mp-569458,2.340444115
mp-11029,2.004321374
mp-22716,1.903089987
mp-8093,1.146128036
mp-12752,2.033423755
mp-12571,2.170261715
mp-755759,2.328379603
mp-29352,1.934498451
mp-1019,2.08278537
mp-998,1.995635195
mp-2743,1.86332286
mp-288,2.193124598
mp-20144,2.326335861
mp-331,1.892094603
mp-4697,1.838849091
mp-865594,2.004321374
mp-2772,2.053078443
mp-544,2.227886705
mp-556424,1.812913357
mp-864798,2.328379603
mp-13725,1.84509804
mp-753826,1.792391689
mp-755769,2.201397124
mp-569875,2.28780173
mp-20066,0.698970004
mp-12614,1.397940009
mp-7443,1.880813592
mp-4909,2.004321374
mp-9923,2.181843588
mp-755328,1.939519253
mp-18767,2.012837225
mp-570436,2.212187604
mp-3909,2.206825876
mp-570691,2.056904851
mp-22320,2.303196057
mp-20536,2.103803721
mp-11533,2.222716471
mp-30062,0.903089987
mp-510347,1.505149978
mp-15687,1.491361694
mp-22315,2.146128036
mp-11073,2.086359831
mp-31187,2.267171728
mp-1823,2.06069784
mp-775296,2.217483944
mp-672371,2.217483944
mp-10374,2.426511261
mp-972088,1.973127854
mp-37473,2.130333768
mp-20344,2.247973266
mp-3654,1.662757832
mp-22865,1.176091259
mp-754333,2.357934847
mp-22987,1.230448921
mp-5042,1.939519253
mp-11350,1.929418926
mp-29076,2.350248018
mp-1211,1.826074803
mp-643002,1.892094603
mp-10797,1.919078092
mp-21422,2.155336037
mp-18778,1.963787827
mp-643101,1.146128036
mp-153,1.568201724
mp-779517,2.133538908
mp-669546,2.176091259
mp-22040,2.008600172
mp-20279,1.643452676
mp-11192,2.264817823
mp-570483,2.264817823
mp-1139,2.414973348
mp-696497,1.672097858
mp-672,1.72427587
mp-2540,2.404833717
mp-505215,1.826074803
mp-22434,2.328379603
mp-11471,1.880813592
mp-862871,1.462397998
mp-505206,1.322219295
mp-4613,2.103803721
mp-29678,1.785329835
mp-11482,2.527629901
mp-1279,2.487138375
mp-23736,1.602059991
mp-11572,2.40654018
mp-549706,2.049218023
mp-4163,2.113943352
mp-27848,1.380211242
mp-1696,2.041392685
mp-30769,1.477121255
mp-463,1.462397998
mp-7173,2.041392685
mp-3519,2.113943352
mp-38035,1.799340549
mp-755453,2.113943352
mp-12952,2.117271296
mp-160,2.324282455
mp-3623,2.283301229
mp-2634,2.495544338
mp-2065,1.748188027
mp-30685,1.986771734
mp-20211,2.309630167
mp-4230,1.986771734
mp-30768,1.491361694
mp-452,2.064457989
mp-18337,2.330413773
mp-11537,2.36361198
mp-570199,2.209515015
mp-4359,1.982271233
mp-7904,1.740362689
mp-8938,2.315970345
mp-5910,1.716003344
mp-754364,2.161368002
mp-643257,1.146128036
mp-862360,2.167317335
mp-31172,1.477121255
mp-10457,2.227886705
mp-10390,2.11058971
mp-3791,2.133538908
mp-755875,2.250420002
mp-16613,2.235528447
mp-5129,2.161368002
mp-21215,2.045322979
mp-11870,1.944482672
mp-864889,2
mp-661,2.28780173
mp-5538,2.033423755
mp-2395,1.949390007
mp-29481,1.176091259
mp-10550,1.973127854
mp-569331,1.792391689
mp-9595,2.206825876
mp-219,2.340444115
mp-815,2.255272505
mp-7426,1.740362689
mp-763,2.170261715
mp-571619,2.212187604
mp-557993,1.612783857
mp-27743,1.176091259
mp-22867,1.146128036
mp-999142,1.934498451
mp-22396,2.281033367
mp-1775,1.857332496
mp-510409,2.247973266
mp-2731,2
mp-432,2.374748346
mp-10270,2.330413773
mp-5443,2.204119983
mp-9835,1.991226076
mp-541014,0.903089987
mp-703260,1.826074803
mp-19097,2.240549248
mp-18316,1.838849091
mp-12622,1.806179974
mp-2856,2.096910013
mp-19390,2.357934847
mp-542488,1.886490725
mp-891,2.338456494
mp-754553,2.120573931
mp-20940,2.170261715
mp-12675,2.064457989
mp-30485,1.342422681
mp-22568,2.225309282
mp-12558,1.672097858
mp-30648,1.62324929
mp-4448,1.903089987
mp-1047,1.857332496
mp-30820,1.903089987
mp-570074,2.278753601
mp-28024,2.100370545
mp-23052,1.278753601
mp-972845,2.298853076
mp-776250,2.201397124
mp-2894,1.954242509
mp-30338,1.69019608
mp-10746,1.991226076
mp-3136,2.257678575
mp-10139,1.919078092
mp-973455,1.477121255
mp-567397,2.526339277
mp-13010,1.763427994
mp-760375,1.113943352
mp-27831,0.954242509
mp-975065,2.561101384
mp-628,2.029383778
mp-16719,1.977723605
mp-505554,2.235528447
mp-31337,1.838849091
mp-12109,2.399673721
mp-700,1.322219295
mp-760439,2.324282455
mp-22565,2.187520721
mp-12104,2.243038049
mp-2105,2.161368002
mp-755300,2.315970345
mp-1487,2.209515015
mp-9987,2.350248018
mp-761315,2.181843588
mp-1120,2.459392488
mp-2472,1.939519253
mp-754588,2.089905111
mp-601848,2.283301229
mp-864953,2.36361198
mp-5529,2.367355921
mp-5532,2.103803721
mp-1555,2.250420002
mp-570112,2.489958479
mp-11250,1.763427994
mp-9486,1.414973348
mp-570896,1.73239376
mp-567750,2.278753601
mp-8601,1.51851394
mp-22934,1.079181246
mp-510346,1.431363764
mp-30682,2.056904851
mp-669692,2.292256071
mp-11460,2.283301229
mp-1114,2.23299611
mp-30847,2.136720567
mp-23313,1.51851394
mp-16764,1.431363764
mp-28376,1.447158031
mp-10749,1.681241237
mp-733,1.579783597
mp-571247,2.133538908
mp-10055,2.481442629
mp-11481,2.491361694
mp-7140,2.326335861
mp-18988,2.049218023
mp-4366,1.716003344
mp-864920,2.068185862
mp-2677,2.190331698
mp-567220,2.093421685
mp-29752,2.292256071
mp-4192,1.77815125
mp-19241,1.919078092
mp-10850,1.908485019
mp-1232,2.424881637
mp-8044,2.356025857
mp-7948,2.390935107
mp-12550,2.292256071
mp-215,1.662757832
mp-30494,1.785329835
mp-4636,2.130333768
mp-554601,1.806179974
mp-20897,1.973127854
mp-556194,1.643452676
mp-4992,2.320146286
mp-505540,2.250420002
mp-8282,2.309630167
mp-22749,2.342422681
mp-9577,1.698970004
mp-625487,1.662757832
mp-13920,1.643452676
mp-230,1.982271233
mp-864952,1.681241237
mp-567629,1.255272505
mp-676,1.653212514
mp-20618,2.146128036
mp-18759,2.103803721
mp-542429,1.819543936
mp-22922,1.633468456
mp-3155,2.250420002
mp-999198,2.489958479
mp-570198,1.681241237
mp-3536,2.255272505
mp-16733,1.934498451
mp-429,2.164352856
mp-7576,2.271841607
mp-15695,2.041392685
mp-558781,2.247973266
mp-171,2.328379603
mp-12360,1.698970004
mp-567412,1.792391689
mp-570784,2.294466226
mp-1543,2.06069784
mp-820,1.612783857
mp-7557,2.209515015
mp-30819,2.103803721
mp-7188,2.281033367
mp-2857,2.301029996
mp-2697,1.851258349
mp-16648,1.806179974
mp-978508,2.220108088
mp-3216,2.120573931
mp-9902,2.089905111
mp-24093,2.033423755
mp-1935,1.342422681
mp-38970,1.342422681
mp-20674,2.037426498
mp-867840,2.322219295
mp-23037,1.322219295
mp-333,2.209515015
mp-1550,1.929418926
mp-5396,2.176091259
mp-7596,2.374748346
mp-2078,2.113943352
mp-75,2.240549248
mp-11693,1.681241237
mp-2619,1.973127854
mp-691,1.380211242
mp-19391,2.056904851
mp-21385,1.963787827
mp-19940,2.146128036
mp-399,1.69019608
mp-1490,2.103803721
mp-753946,1.86923172
mp-886,2.190331698
mp-4342,2.021189299
mp-10037,2.369215857
mp-20401,2.130333768
mp-2663,2.315970345
mp-4771,2.127104798
mp-569298,1.919078092
mp-9988,2.285557309
mp-21340,2.247973266
mp-1399,2.017033339
mp-37091,1.361727836
mp-569775,2
mp-9549,2.004321374
mp-30683,2
mp-866161,2.399673721
mp-27691,1
mp-11328,2.274157849
mp-640041,1.929418926
mp-7473,2.017033339
mp-505110,2.158362492
mp-7006,2.238046103
mp-571059,1.740362689
mp-13164,2.152288344
mp-2311,2.385606274
mp-21090,2.117271296
mp-1342,1.832508913
mp-22717,1.770852012
mp-8446,1.342422681
mp-1471,2.004321374
mp-636334,2.247973266
mp-140,1.69019608
mp-866152,2.285557309
mp-569364,2.136720567
mp-13503,1.908485019
mp-559,2.100370545
mp-23219,0.84509804
mp-551918,2.10720997
mp-1953,2.06069784
mp-2327,1.897627091
