mp-754118,-2.256779507
mp-978908,-0.913799777
mp-633688,-1.801193139
mp-3799,-3.358205387
mp-761650,-1.678487053
mp-12487,-1.085341302
mp-541594,-0.67279676
mp-775132,-2.8142945
mp-9712,-2.506450136
mp-754249,-2.378465234
mp-758115,-2.571328091
mp-755009,-3.878179889
mp-569482,-0.663323118
mp-32736,-1.80585678
mp-8675,-0.095557977
mp-980063,0.11016566
mp-755364,-2.730220252
mp-19113,-1.442117479
mp-753497,-1.591333767
mp-31808,-2.578239257
mp-772777,-2.632967013
mp-558875,-2.262901613
mp-561117,-1.43444901
mp-849412,-2.756322161
mp-2387,-0.148029657
mp-772260,-2.821651895
mp-540352,-2.342195022
mp-541044,-2.965099962
mp-568944,-0.810169022
mp-557769,-2.003722746
mp-866076,-0.651399187
mp-999072,-0.008654105
mp-571420,-0.653989857
mp-30055,-1.380593068
mp-569945,-0.198286364
mp-28435,-1.621907518
mp-977189,-0.34425905
mp-772343,-2.017700886
mp-974981,0.207681982
mp-769707,-2.300389865
mp-15257,-1.878313259
mp-29796,-2.154116879
mp-773411,-2.415987868
mp-1019110,-0.557826644
mp-23339,-1.016330863
mp-21001,-0.654014322
mp-766236,-3.990232265
mp-975198,0.010237367
mp-866056,-1.27105112
mp-849977,-2.053987615
mp-5477,-2.241060767
mp-41732,-3.240307921
mp-675028,-1.669474873
mp-560768,-3.122620013
mp-734019,-1.597666661
mp-781076,-2.025712729
mp-31793,-2.303511076
mp-3075,-0.725335262
mp-32041,-2.402530468
mp-34144,-3.38263031
mp-10114,-0.575791079
mp-2908,-3.037852626
mp-771075,-2.043670064
mp-4341,-0.660260645
mp-29579,-2.309655384
mp-21248,-0.845497477
mp-20799,-0.449442259
mp-772365,-1.720320258
mp-642646,-1.816635875
mp-753472,-3.208263072
mp-23275,-2.027530208
mp-566057,-2.664703377
mp-651268,-0.622686095
mp-505216,-2.568193079
mp-850079,-2.402517636
mp-743928,-2.161708426
mp-6219,-0.274379514
mp-779364,-2.207472601
mp-1018041,0.057770028
mp-5380,-1.779219612
mp-24034,-0.293779056
mp-961653,-0.306459035
mp-555447,-3.113118395
mp-12355,-3.614574714
mp-642831,-2.23290369
mp-23084,-1.689642607
mp-540946,-2.335477222
mp-581990,-0.139239283
mp-767302,-2.373571256
mp-569396,-0.428526799
mp-7090,-0.50488582
mp-862431,-0.37691492
mp-7223,-1.168689428
mp-8989,-2.357160506
mp-763957,-2.691531598
mp-770215,-2.652447483
mp-567600,-0.428685461
mp-4034,-1.253330653
mp-769727,-1.235805923
mp-12480,-1.246630612
mp-781501,-2.121588795
mp-505296,-0.584395705
mp-763868,-2.717627213
mp-566333,-2.054654997
mp-28030,-2.642890494
mp-779362,-2.467943982
mp-12466,-0.268617239
mp-761478,-2.492506132
mp-776520,-2.979050047
mp-16794,-0.642237584
mp-570393,-0.109498626
mp-864993,-0.626241621
mp-9272,-0.778055405
mp-553962,-1.546414575
mp-850137,-1.196040354
mp-2808,-0.737328685
mp-780890,-2.039033284
mp-560381,-2.893536037
mp-758520,-2.167891966
mp-20714,-0.02427429
mp-680653,-0.321385437
mp-780753,-2.221128002
mp-34611,0.025234168
mp-17864,-2.952779759
mp-676023,-4.114475884
mp-771413,-2.120316639
mp-26702,-2.546064729
mp-32495,-2.704629612
mp-773039,-3.035977596
mp-1007862,0.039278605
mp-37680,-1.682310833
mp-767357,-1.418554891
mp-6625,-2.359977367
mp-975897,-0.830600777
mp-771812,-1.554549049
mp-18411,-0.861715489
mp-761841,-2.552220969
mp-684504,-2.531980458
mp-31138,-0.226809353
mp-556088,-3.188327708
mp-771161,-2.603154218
mp-29955,-0.266286625
mp-9807,-2.596891342
mp-13816,-3.62544012
mp-780214,-2.210630764
mp-768009,-2.406731916
mp-556806,-3.02040991
mp-773605,-2.395048141
mp-644409,-2.771103622
mp-531820,-3.281534551
mp-540286,-2.239678812
mp-5326,-0.680052946
mp-4415,-0.606312009
mp-3585,-1.045423096
mp-1008866,-0.76224451
mp-775684,-2.064013024
mp-779807,-2.415463622
mp-979961,-0.516474324
mp-849371,-1.836796437
mp-753676,-3.25292713
mp-11549,-0.278817563
mp-32544,-2.606859404
mp-764229,-2.705344992
mp-646450,-0.48784539
mp-1069,-0.567430188
mp-15895,-0.774437814
mp-778593,-1.938298632
mp-753360,-2.192346482
mp-559227,-1.010940372
mp-675989,-0.3760864
mp-861948,-0.198344761
mp-723064,-2.562309651
mp-973068,-1.85196634
mp-562977,-2.389597267
mp-557915,-3.135309723
mp-15905,-1.106287326
mp-557285,-2.509950936
mp-31278,-0.523443273
mp-10125,-0.192643265
mp-10530,-0.709040894
mp-767932,-3.16553988
mp-11040,-0.541226666
mp-679930,-0.087612477
mp-506,-0.72909122
mp-20559,-0.264984538
mp-12722,-0.881990347
mp-557012,-2.966559655
mp-774424,-2.328854974
mp-635456,-0.503223293
mp-503,-2.181829327
mp-631317,0.883972608
mp-772387,-2.495387894
mp-552806,-2.415062388
mp-560402,-3.719053143
mp-764640,-1.086398208
mp-1009127,-2.272208144
mp-562012,-2.517688986
mp-989197,-1.653361876
mp-554236,-3.329870293
mp-6046,-2.436930619
mp-752858,-2.348814458
mp-12718,-0.502519067
mp-777422,-3.033784848
mp-675637,-0.005479418
mp-769239,-2.824653434
mp-14835,-3.293609855
mp-18944,-2.407934804
mp-541670,-1.69086688
mp-569281,-0.595793831
mp-763843,-2.09136937
mp-1864,-0.568864003
mp-540065,-2.497485092
mp-3925,-0.785053803
mp-764042,-1.888668432
mp-769632,-1.792184149
mp-32012,-2.322568292
mp-23005,-0.261553755
mp-765074,-2.365382619
mp-780129,-2.455031193
mp-1018019,-0.812688357
mp-573324,-3.010568094
mp-764190,-2.399590074
mp-7571,-3.43810256
mp-567407,-1.600885026
mp-569713,-0.45046436
mp-972204,-0.264652512
mp-764567,-2.33590145
mp-29622,-0.482532844
mp-25473,-1.979629369
mp-867676,-1.631010824
mp-31134,-0.837847847
mp-773457,-2.203607168
mp-531793,-3.359685126
mp-865250,-0.04235601
mp-1016833,-1.846958406
mp-768120,-2.369350553
mp-3817,-2.279259932
mp-744579,-1.554271007
mp-765658,-3.002088786
mp-759711,-1.632654558
mp-28288,-2.462725007
mp-553998,-3.307512927
mp-626690,-1.023825504
mp-775357,-3.03212475
mp-1085,-0.070248328
mp-850441,-1.904635258
mp-764324,-3.082322558
mp-774317,-2.487211124
mp-8207,-1.122891424
mp-755667,-2.187814
mp-753714,-1.191274986
mp-772040,-1.934234159
mp-574580,-1.097097831
mp-767855,-2.506354153
mp-15898,-0.773098887
mp-568320,-1.025277703
mp-1018729,-0.419917833
mp-557874,-2.353498068
mp-614628,-2.827032052
mp-779092,-2.934669887
mp-568287,-2.846278419
mp-865914,-0.451808772
mp-977355,-0.625123239
mp-763518,-2.258584406
mp-565705,-2.29571981
mp-972296,-1.25259093
mp-973271,0.567095259
mp-28656,-0.200803413
mp-7233,-3.415739096
mp-1009017,-0.764186553
mp-555088,-2.121819272
mp-770448,-3.660326428
mp-647818,-2.235500108
mp-997094,-1.878653317
mp-867319,-0.780887443
mp-754197,-3.061465093
mp-752767,-2.19012544
mp-771077,-2.516472417
mp-761814,-2.356487248
mp-541447,-1.125496414
mp-12815,-0.429501049
mp-32087,-2.619033765
mp-16001,-0.828653836
mp-561288,-1.663486495
mp-764692,-1.943356244
mp-19325,-3.053738849
mp-780565,-1.911121835
mp-764627,-2.137226791
mp-676874,-3.659236101
mp-13360,-0.884588511
mp-567090,-2.507696647
mp-706277,-0.839064281
mp-540584,-1.307866321
mp-744192,-1.071280113
mp-14036,-2.638089871
mp-542478,-2.170022408
mp-868320,-2.589427386
mp-771807,-2.375893111
mp-28945,-0.268966464
mp-998739,-3.100716984
mp-973627,0.117240211
mp-625653,-1.23293324
mp-20370,-1.790025023
mp-540474,-2.389336051
mp-9251,-0.432861232
mp-865214,-0.206099722
mp-772241,-2.745722079
mp-21073,-0.922592575
mp-753309,-2.554457476
mp-20473,-0.036916345
mp-762639,-2.613923465
mp-985707,-0.052380888
mp-540631,-2.503666738
mp-12784,-0.759324798
mp-559388,-1.773891847
mp-10846,-0.292441791
mp-19595,-1.847623452
mp-760501,-2.711972881
mp-7060,-2.075783302
mp-763110,-1.558881796
mp-570184,-0.951750933
mp-770124,-3.442065095
mp-1018936,-1.181045805
mp-763307,-2.359574388
mp-770024,-2.312954968
mp-36447,-2.895174885
mp-541844,-0.339788945
mp-754640,-3.271091921
mp-767924,-1.867591525
mp-571094,-0.659798827
mp-32395,-2.293838072
mp-510357,-1.367855962
mp-3278,-0.934649009
mp-774123,-2.00880094
mp-10003,-0.343186328
mp-685941,-0.224129339
mp-571382,-0.728537483
mp-540686,-2.682697114
mp-28743,-0.355605941
mp-753809,-1.695165409
mp-773030,-2.899626602
mp-1006278,-0.772792519
mp-3997,-0.600730879
mp-11791,-1.196599814
mp-542629,-0.656390784
mp-765073,-2.45950963
mp-30909,-0.7806806
mp-7234,-1.214140598
mp-770941,-2.33915075
mp-775082,-1.966750833
mp-4903,-0.56790592
mp-570981,-0.983918875
mp-558578,-3.20723044
mp-756698,-2.003519581
mp-768026,-2.273810216
mp-30339,-0.335996243
mp-568633,-2.156078286
mp-5426,-0.638009549
mp-775434,-1.754309274
mp-746030,-2.484946974
mp-573815,-0.066848918
mp-761806,-2.000553209
mp-675446,-1.401801082
mp-631337,1.406265698
mp-581834,-0.607680961
mp-19247,-3.062240092
mp-556343,-2.916705243
mp-542267,-2.118028255
mp-8081,-3.009944124
mp-677095,-2.329127169
mp-975920,-0.382913369
mp-770913,-2.430313292
mp-975049,-0.472621605
mp-937761,-2.373759259
mp-12920,-1.205203179
mp-31348,-0.373575319
mp-25725,-1.453985509
mp-6189,-3.024005744
mp-669325,-1.195448129
mp-778573,-2.635688422
mp-14105,-2.447184304
mp-767793,-2.180911041
mp-23405,-1.105803872
mp-776759,-2.364529757
mp-573274,-1.195523704
mp-758784,-3.740061201
mp-762935,-2.343083981
mp-771623,-2.634744968
mp-770094,-3.1633793
mp-775524,-2.379589458
mp-542757,-2.890264719
mp-1568,-0.315943966
mp-782053,-2.842817127
mp-755455,-1.232022131
mp-24560,-2.22920769
mp-771455,-1.838946022
mp-5699,-2.549337767
mp-976148,-0.366363092
mp-849688,-1.356677079
mp-971720,0.068735129
mp-556463,-2.377835677
mp-19094,-2.485720094
mp-24921,-2.503753505
mp-542512,-2.732690701
mp-9646,-3.035842494
mp-4667,-0.777030139
mp-28649,-3.265355389
mp-631544,1.165989073
mp-695793,-1.402158587
mp-769811,-2.074547252
mp-1019524,-1.90349257
mp-17687,-3.103765409
mp-762598,-2.501575551
mp-540566,-1.733846925
mp-570936,-0.287255656
mp-779172,-2.494286411
mp-29468,-1.927504496
mp-570822,-0.364660716
mp-773577,-1.907425886
mp-631592,1.165599816
mp-765675,-1.141738835
mp-561066,-0.560771777
mp-768330,-2.311515938
mp-10998,-0.766216556
mp-33684,-2.479575565
mp-27261,-0.47547955
mp-762215,-1.924972173
mp-571412,-0.608942142
mp-698479,-2.411611919
mp-769144,-1.926070288
mp-19896,-1.147084585
mp-600018,-3.277745223
mp-1019724,-2.758129224
mp-778916,-2.511929572
mp-27774,-0.580033963
mp-12160,-2.839388517
mp-780510,-2.410542384
mp-705414,-1.384337446
mp-13069,-0.391247911
mp-567872,-0.76551061
mp-850469,-2.732692086
mp-22951,-3.030418887
mp-866195,-0.268973594
mp-762908,-2.983017365
mp-780197,-2.461567974
mp-2410,-0.190011102
mp-778064,-1.779577125
mp-22882,-2.10928868
mp-764002,-2.440439021
mp-25694,-2.646482604
mp-769890,-2.735883179
mp-31958,-2.583634583
mp-571478,-0.208336007
mp-766365,-1.653384578
mp-764528,-2.375677091
mp-622026,-1.449277116
mp-775432,-2.242236133
mp-770178,-2.214428059
mp-567398,-0.838738507
mp-752394,-2.221729011
mp-555048,-3.261480414
mp-762841,-1.99506067
mp-755977,-1.110662531
mp-561479,-2.666438581
mp-773194,-2.252866323
mp-3581,-1.475495559
mp-28941,-1.122524638
mp-743618,-1.799751338
mp-28372,-0.77990173
mp-763483,-2.520415263
mp-764330,-1.697422821
mp-997007,-0.668665871
mp-999274,-0.124618901
mp-22251,-1.106625649
mp-756868,-2.203070749
mp-733590,-1.376703532
mp-25041,-2.802949727
mp-559573,-1.991725538
mp-770585,-2.334512124
mp-982244,0.497727622
mp-7467,-1.357463442
mp-758890,-1.806447495
mp-313,-0.186482816
mp-779246,-2.34811521
mp-33255,-0.808952409
mp-559292,-2.037651638
mp-7226,-0.155971537
mp-754572,-1.648427826
mp-554708,-1.099115216
mp-20358,-0.214900005
mp-7220,-1.970922447
mp-761384,-1.801628818
mp-849383,-2.584520029
mp-4901,-0.243667202
mp-777713,-2.146281714
mp-862991,-0.239968193
mp-707373,-1.346275108
mp-771570,-1.610947869
mp-984711,0.293281655
mp-675650,-1.975614469
mp-7290,-2.122171464
mp-680552,-0.579433895
mp-15900,-2.76036265
mp-24197,-1.670614154
mp-971803,0.137235534
mp-774289,-2.250889598
mp-865733,-0.05227136
mp-763089,-1.439858354
mp-568805,-0.611402305
mp-705785,-2.07692444
mp-631694,0.555824427
mp-14588,-0.811295095
mp-767452,-2.419070608
mp-29849,-0.052593834
mp-566574,-1.791350121
mp-975592,-0.15018938
mp-19154,-2.244507659
mp-571576,-1.406957994
mp-14712,-0.842311692
mp-578796,-2.165409933
mp-850152,-2.653813144
mp-248,-0.159000343
mp-867869,-0.26173356
mp-566698,-2.945999792
mp-569885,-2.055850905
mp-19442,-0.868432873
mp-1628,-0.322150275
mp-674712,-2.02203434
mp-569128,-0.040804079
mp-755870,-2.030791944
mp-770534,-2.020166679
mp-546285,-1.181603927
mp-771382,-2.566315045
mp-505130,-2.376088259
mp-8255,-2.696974199
mp-504891,-2.029529993
mp-763560,-1.814099365
mp-13400,-0.52938222
mp-766781,-2.820305243
mp-780258,-2.051819313
mp-770106,-2.214798757
mp-19509,-2.514970552
mp-29713,-1.420469669
mp-560887,-1.160459399
mp-30229,-1.606850185
mp-697068,-0.690131703
mp-5983,-0.593714838
mp-669389,-2.507403611
mp-769595,-2.421654481
mp-703515,-2.311538499
mp-5055,-1.245246114
mp-764141,-2.726034849
mp-18148,-1.607058486
mp-22051,-0.738133729
mp-568695,-0.506195202
mp-780198,-2.433222299
mp-22240,-0.27231949
mp-762710,-2.117820779
mp-763546,-1.986593176
mp-25769,-1.433703286
mp-7555,-0.586639704
mp-777742,-1.186064787
mp-546182,-2.722426626
mp-8161,-2.852828865
mp-39511,-3.420487847
mp-704810,-1.886647199
mp-1755,-0.140339906
mp-753945,-1.055072887
mp-29749,-0.361927629
mp-1013535,-0.288933178
mp-772238,-2.551263649
mp-5597,-0.848059758
mp-772382,-2.836994328
mp-4243,-2.113316686
mp-676156,-2.215844872
mp-977152,-3.14243683
mp-984555,-2.156049147
mp-558985,-3.678597503
mp-850105,-1.581375263
mp-761379,-2.706480738
mp-9325,-0.904495435
mp-20192,-0.688936467
mp-763842,-2.456246216
mp-756633,-1.912532525
mp-776402,-0.166740475
mp-632319,-0.157620632
mp-565565,-2.594483866
mp-31896,-2.181619308
mp-17719,-1.999567239
mp-699390,-2.186150081
mp-776791,-2.92225495
mp-866288,-0.2880666
mp-18572,-2.939655541
mp-645796,-1.947595587
mp-754741,-3.752386666
mp-5720,-0.915295741
mp-864991,-0.474086264
mp-773285,-3.791470906
mp-25065,-3.201164611
mp-30657,-0.540512717
mp-767364,-2.670152573
mp-568400,-0.346423428
mp-7470,-1.184962348
mp-764467,-1.725294479
mp-16620,-0.483916115
mp-558883,-3.655214029
mp-680850,-1.061421032
mp-28815,-0.940126603
mp-25157,-2.892354316
mp-769297,-3.486364573
mp-12559,-0.245706811
mp-21084,-1.793031856
mp-559171,-1.596710344
mp-626486,-1.569554805
mp-778752,-2.040480541
mp-566745,-2.78856516
mp-773507,-2.126240974
mp-764028,-1.977914688
mp-772991,-2.563148101
mp-559419,-3.211082564
mp-1019600,-3.820472239
mp-6757,-3.308281885
mp-4657,-2.229658626
mp-764556,-2.564337766
mp-760510,-2.370858683
mp-1019545,-0.910824495
mp-773679,-2.615335671
mp-763964,-1.34821626
mp-765509,-2.661228594
mp-473,-0.236215894
mp-641117,-3.627828304
mp-23217,-0.191359758
mp-30244,-2.343189625
mp-767197,-2.708692993
mp-774116,-2.909577858
mp-7774,-0.450534087
mp-600941,-1.810910009
mp-762034,-2.204172236
mp-542493,-0.737963827
mp-999076,-0.095316834
mp-623751,-0.240490269
mp-566425,-1.155573109
mp-974451,-3.226337483
mp-540349,-2.329873812
mp-504731,-4.088161747
mp-18865,-1.688973081
mp-776883,-2.586654015
mp-780046,-2.125462386
mp-24956,-2.981165585
mp-566312,-2.817009453
mp-6892,-2.29232294
mp-18890,-3.071388668
mp-31310,-0.66034791
mp-541677,-1.875835773
mp-776934,-2.360457229
mp-566164,-2.407625504
mp-22274,-0.659034086
mp-753748,-1.210952499
mp-763406,-2.595056778
mp-704753,-1.636691162
mp-556737,-3.01660801
mp-764098,-1.426698696
mp-510128,-2.633570743
mp-767817,-2.418602193
mp-9037,-2.12477632
mp-5479,-3.650130376
mp-853353,-1.955703693
mp-557347,-2.178943482
mp-850235,-1.968078886
mp-540211,-2.337739156
mp-9582,-0.743761747
mp-31354,-3.087952872
mp-763637,-2.36022862
mp-761653,-2.874823171
mp-29806,-0.786987409
mp-638749,-0.389921459
mp-630852,-2.984552306
mp-30759,-0.100015385
mp-30615,-0.297688408
mp-762351,-3.258789188
mp-442,-0.093281842
mp-11457,-0.84953979
mp-777303,-2.109032727
mp-973307,-0.057897517
mp-775243,-2.072908928
mp-32983,-1.522310357
mp-864962,-0.26676346
mp-540540,-2.241740944
mp-17036,-0.939494123
mp-30593,-0.121474934
mp-561394,-2.396447909
mp-607021,-1.949455718
mp-566795,-2.549433048
mp-755236,-3.658114357
mp-18547,-2.853316034
mp-13245,-0.643977261
mp-25491,-1.31716011
mp-6853,-3.102235904
mp-35220,-0.59947622
mp-27409,-0.917417427
mp-45,0.002248775
mp-39823,-3.037861435
mp-722902,-1.399963248
mp-782641,-2.143663565
mp-7899,-2.163438352
mp-753813,-1.332384858
mp-781738,-2.525865346
mp-2378,-0.229511057
mp-762897,-2.666059876
mp-743768,-2.882698033
mp-764004,-1.094400202
mp-764700,-2.261473566
mp-1016886,-2.241438067
mp-997019,-1.01715423
mp-997536,-2.737961501
mp-849392,-2.60234986
mp-989646,-1.221321251
mp-772007,-2.055725441
mp-554495,-3.300866661
mp-979987,-1.144450332
mp-707897,-1.988152699
mp-754940,-1.284468915
mp-31690,-2.543565885
mp-21178,-0.563891513
mp-20591,-0.590005183
mp-28828,-1.893060244
mp-27932,-0.347844223
mp-972002,0.05424999
mp-16947,-2.706020995
mp-771437,-1.5569265
mp-30959,-1.041588123
mp-770080,-2.337896489
mp-770594,-1.603676105
mp-781604,-2.872538272
mp-973091,-0.091589478
mp-776879,-2.445377597
mp-21236,-1.083464136
mp-557151,-1.128954983
mp-853139,-2.62762601
mp-765244,-2.861181126
mp-29043,-0.185199768
mp-976881,-0.028788715
mp-32310,-3.137717239
mp-558244,-1.931987964
mp-625414,-1.782322847
mp-28790,-1.395371754
mp-720721,-1.272092317
mp-559642,-3.467111533
mp-778583,-1.856363046
mp-557705,-1.855135336
mp-769910,-1.62817485
mp-1008278,0.139714175
mp-5040,-2.116684023
mp-639733,-3.271056238
mp-25565,-2.546988173
mp-764179,-2.671634505
mp-760080,-4.345312858
mp-768034,-2.554016666
mp-1008624,-0.942250985
mp-743762,-2.125281011
mp-49,0
mp-25134,-2.547191062
mp-770557,-2.535307402
mp-755898,-3.902834074
mp-30898,-0.742624704
mp-975142,0.361253603
mp-765275,-3.055449993
mp-568151,-0.692579484
mp-1008526,-0.422366506
mp-558188,-1.075330017
mp-1019269,-0.924980974
mp-11883,-0.277235055
mp-21891,-0.436030681
mp-761760,-2.297527914
mp-645183,-2.394822721
mp-20270,0.281806207
mp-696403,-2.309576152
mp-2461,-0.362807441
mp-21388,-0.100538863
mp-758056,-2.691788611
mp-771647,-2.302867377
mp-850978,-2.106090122
mp-10889,-0.189958693
mp-570786,0.017754685
mp-766672,-2.532247819
mp-39091,-1.167045301
mp-22084,-0.307846881
mp-765552,-1.915228798
mp-642642,-0.498018597
mp-15761,-3.526432337
mp-559585,-2.51129266
mp-775451,-2.203702676
mp-707201,-1.270575131
mp-24811,-2.218254496
mp-862334,-1.04664584
mp-19599,-3.204368221
mp-763633,-2.335651983
mp-1006351,0.08271038
mp-560562,-2.90459651
mp-761563,-1.864385881
mp-763718,-2.788062478
mp-555407,-1.882827926
mp-566277,-2.402055517
mp-556296,-1.528977332
mp-10911,-0.650430753
mp-9399,-0.974178559
mp-4112,-1.786246497
mp-555282,-0.749653445
mp-568735,-0.204880402
mp-24045,-2.24397746
mp-16037,-3.263901914
mp-601852,-0.948638576
mp-769815,-2.777818726
mp-771840,-2.276930179
mp-561326,-2.879794189
mp-550117,-3.053256035
mp-31670,-2.677052389
mp-566301,-1.776254907
mp-10721,-0.642820482
mp-583463,-1.150248235
mp-631346,0.756325175
mp-561902,-0.60928994
mp-18300,-0.837510095
mp-775167,-2.145891754
mp-850071,-2.408796827
mp-698183,-1.657492964
mp-763729,-2.234225052
mp-772137,-2.851767688
mp-643010,-0.475125162
mp-733455,-0.49469824
mp-865713,-0.372385426
mp-766731,-2.548946445
mp-850864,-3.872102818
mp-743715,-1.256534279
mp-985590,-3.285036428
mp-22899,-1.199311805
mp-851260,-1.710415309
mp-553909,-1.223692921
mp-6957,-1.00005043
mp-760457,-3.465596976
mp-14842,-0.483214296
mp-867823,-1.257137571
mp-760353,-1.851777668
mp-774251,-2.507646599
mp-570147,-0.764838056
mp-23095,-2.322462476
mp-1009720,0.763710594
mp-625,-0.142220932
mp-14015,-0.006803636
mp-695831,-0.889629193
mp-4881,-0.854977629
mp-568329,-0.35956321
mp-12237,-2.855600942
mp-579243,-3.268982884
mp-704952,-2.817469683
mp-756134,-2.534121879
mp-1865,-1.500566484
mp-642398,-2.291714497
mp-631473,0.736083411
mp-697807,-2.494677563
mp-765261,-2.610536482
mp-31986,-2.660554973
mp-556760,-2.789193536
mp-7955,-0.630181282
mp-776204,-2.277447999
mp-771800,-2.404710041
mp-705153,-2.123861622
mp-22012,-0.17445436
mp-763935,-2.755693895
mp-769612,-2.562443741
mp-554089,-3.285962205
mp-971757,0.126152661
mp-863842,-2.490898662
mp-771627,-2.305062781
mp-763547,-0.992855931
mp-631311,0.606374412
mp-14050,-3.161720603
mp-1013736,-0.509973272
mp-565352,-2.642034642
mp-757608,-1.772526768
mp-707096,-1.903953453
mp-3338,-2.232909068
mp-23866,-1.160612509
mp-980084,-0.344155774
mp-984728,0.499963295
mp-865443,-0.602457653
mp-2465,-1.022732595
mp-28264,-1.533373739
mp-673814,-3.934149444
mp-653337,-2.282697706
mp-2701,-1.213396996
mp-555866,-2.344407829
mp-24839,-2.348933733
mp-774449,-2.917104414
mp-761730,-1.229024026
mp-764255,-2.72606064
mp-31608,-2.115864706
mp-6358,-3.018634964
mp-31471,-0.313291187
mp-767844,-2.349790347
mp-555358,-1.698790558
mp-768204,-0.967812681
mp-771530,-2.33672601
mp-559681,-1.956537811
mp-541049,-3.289387655
mp-11629,-0.391557838
mp-767984,-2.41577573
mp-763564,-2.611811819
mp-865558,-0.871730899
mp-504100,-0.532439703
mp-977113,-0.43795846
mp-765791,-2.80996732
mp-978552,-0.358060464
mp-763299,-1.814646668
mp-568017,-0.104754754
mp-28263,-1.553850995
mp-557387,-3.474541361
mp-561258,-1.139758993
mp-622251,-3.313530364
mp-20465,-0.326708044
mp-767921,-2.579076165
mp-777183,-2.577657806
mp-763035,-2.235235872
mp-10521,-0.415660792
mp-30531,-0.527699604
mp-9569,-0.697777258
mp-780323,-2.909331125
mp-24960,-2.976148853
mp-770953,-2.172127741
mp-764519,-2.360553018
mp-20668,-0.317408955
mp-776084,-3.422878013
mp-763446,-2.32084991
mp-32591,-3.388904035
mp-622198,-2.529198202
mp-30618,-0.919612383
mp-543028,-1.290075551
mp-510548,-0.630221936
mp-2381,-0.955323873
mp-570990,-1.837198166
mp-40066,-2.768566839
mp-684489,-2.530572992
mp-10233,-2.093324149
mp-31017,-1.578263823
mp-767216,-2.291513513
mp-21026,-0.572240101
mp-763250,-2.376519955
mp-632706,-0.630373781
mp-24192,-0.788771931
mp-557022,-1.736720762
mp-3158,-0.68026829
mp-11226,-0.189620735
mp-149,0
mp-28746,-1.012341278
mp-770007,-2.234586908
mp-764365,-2.491468184
mp-1009019,0.553119259
mp-755487,-1.793624127
mp-766866,-2.180302381
mp-571008,-0.723871721
mp-19496,-2.259795141
mp-762845,-2.76074536
mp-777137,-1.881068679
mp-868422,-3.031336906
mp-1001844,-0.993520354
mp-4152,-0.899871341
mp-7436,-0.591884234
mp-2717,-0.427869431
mp-771662,-1.108689764
mp-18958,-2.828132667
mp-559288,-3.001844328
mp-770406,-3.278355639
mp-15371,0.284643121
mp-773162,-2.045638587
mp-867186,-0.210792602
mp-782666,-2.02169201
mp-706291,-2.86500425
mp-753727,-1.785034411
mp-11221,-0.370665966
mp-1013545,-0.905543291
mp-973732,0.193732524
mp-42089,-2.851288523
mp-770702,-2.48582094
mp-541057,-1.139057709
mp-561122,-1.845048747
mp-560513,-3.219876608
mp-771421,-2.403538827
mp-770544,-2.619806792
mp-767498,-3.135238699
mp-555463,-4.371346303
mp-560934,-2.452418185
mp-558834,-2.977590624
mp-753669,-0.064673773
mp-652866,-1.848917293
mp-540301,-2.161389871
mp-28507,-2.156615851
mp-565431,-2.238102727
mp-775906,-3.927751237
mp-768295,-1.594251434
mp-628665,-1.462613659
mp-867927,-0.479368355
mp-978494,0.321049337
mp-17720,-0.636683722
mp-781053,-2.327450505
mp-778416,-1.611301882
mp-22486,-0.482896222
mp-2889,-1.30068488
mp-756006,-0.941179546
mp-582357,-0.480717082
mp-18751,-1.985910905
mp-22441,-2.85868727
mp-640898,-0.080482852
mp-31168,-0.247001409
mp-753471,-2.059125073
mp-3897,-1.500459594
mp-753781,-3.740382225
mp-777530,-2.385959803
mp-568136,-1.221724908
mp-1851,-0.544454245
mp-767347,-2.371240353
mp-760837,-2.688121673
mp-570044,-0.464296998
mp-25545,-1.764655065
mp-762312,-2.781993919
mp-556517,-1.560206859
mp-15902,-3.22853761
mp-556069,-3.479955027
mp-1759,-3.824026625
mp-10679,0.01878187
mp-778780,-2.534631817
mp-8054,-2.657089715
mp-9245,-2.499458637
mp-773543,-2.056865832
mp-540416,-2.37443508
mp-8479,-0.831693455
mp-1598,-0.321187493
mp-8985,-3.217753315
mp-12832,-2.479428014
mp-780834,-2.969163076
mp-849359,-1.214555444
mp-780444,-2.759614633
mp-767549,-2.482517221
mp-763486,-2.813575252
mp-555151,-1.139923225
mp-29033,-1.019693288
mp-23023,-3.251169582
mp-1009787,0.905515811
mp-864969,-0.6414431
mp-771507,-1.78734796
mp-20686,-0.347690836
mp-706489,-2.49565323
mp-765544,-3.12483017
mp-579370,-1.851037695
mp-504742,-0.31157051
mp-542222,-1.965622694
mp-540822,-1.224061492
mp-770570,-3.324611787
mp-510122,0.03162103
mp-775228,-2.603127371
mp-676728,0.103008633
mp-863886,-3.06357351
mp-1001833,0.060036901
mp-25155,-2.008140652
mp-1008786,-0.81032784
mp-976271,-3.554050664
mp-18466,-3.340080422
mp-771842,-2.067263971
mp-28571,-1.957726771
mp-1019554,-2.954678364
mp-650928,-2.981387311
mp-765501,-1.911147287
mp-676014,-3.375985726
mp-761397,-2.508085314
mp-999539,-1.941767757
mp-29756,-2.817978799
mp-1347,-1.434513165
mp-4068,-1.169654585
mp-631436,0.638760401
mp-556797,-2.904915181
mp-6996,-0.455733127
mp-684022,-0.979060714
mp-774141,-2.459983162
mp-583029,-2.544524107
mp-553970,-1.029266915
mp-654373,-2.660108635
mp-775105,-2.108658938
mp-647579,-0.911649735
mp-38951,-2.554746997
mp-775685,-2.493155794
mp-989511,-1.425208859
mp-862297,-0.669759092
mp-12414,-1.074704587
mp-574138,-0.620665156
mp-864675,-1.106235179
mp-868388,-1.705294618
mp-779071,-2.740558453
mp-28020,-1.561407047
mp-567900,-0.091971123
mp-775271,-2.344320223
mp-565801,-2.749048463
mp-513,-0.441434294
mp-29514,-2.412159591
mp-2109,-1.011871025
mp-696225,-2.069288216
mp-17904,-3.805847586
mp-17588,-1.883104662
mp-11945,-0.55257004
mp-780865,-2.138566148
mp-7431,-0.481421586
mp-763352,-1.945056034
mp-554016,-3.381413092
mp-707788,-2.194274463
mp-772399,-2.385121941
mp-3347,-3.198681355
mp-604440,-1.972962407
mp-780880,-1.519450474
mp-19538,-1.932039835
mp-722832,-2.104817848
mp-4510,-0.905443017
mp-985587,-3.236051885
mp-12903,-0.928946403
mp-29631,-0.326167636
mp-619770,-2.133327625
mp-557689,-3.286851762
mp-3708,-0.130696317
mp-22332,-1.20007509
mp-24141,-1.550512724
mp-9319,-2.578680149
mp-722729,-2.701519253
mp-972410,-0.957470122
mp-13252,-2.633848031
mp-328,-0.321645037
mp-675022,-1.867568687
mp-759560,-3.381862448
mp-775523,-2.531525743
mp-755046,-3.90373125
mp-13072,-0.70908801
mp-570290,-1.40054496
mp-13916,-0.407796412
mp-764210,-2.374139704
mp-767432,-2.992217603
mp-780203,-1.986382377
mp-540433,-2.514591551
mp-27199,-0.157011145
mp-530399,-3.369041957
mp-771765,-2.433329088
mp-764651,-2.241040396
mp-755924,-3.089257558
mp-505077,-1.434067577
mp-541373,-2.92737505
mp-559770,-3.348347098
mp-769462,-2.675335323
mp-662789,-1.912449193
mp-759382,-3.189928953
mp-772691,-2.471411443
mp-865911,-0.576577739
mp-705344,-2.433876121
mp-630773,-0.936999544
mp-569597,-0.414198298
mp-7568,-0.779137035
mp-7523,-1.976132649
mp-773382,-1.709462692
mp-35035,-0.350154273
mp-542634,-0.357511568
mp-14333,-3.425110622
mp-763682,-1.65554241
mp-675336,-2.360764807
mp-10785,-1.693754142
mp-18895,-1.476464698
mp-27629,-1.804181086
mp-753774,-3.181941311
mp-868380,-2.544782514
mp-20493,-1.185419125
mp-12183,-2.862303114
mp-686001,-3.805826598
mp-867166,-3.541884251
mp-767137,-0.728296934
mp-565779,-1.772653518
mp-689929,-2.518735156
mp-626287,-1.440599628
mp-569310,-0.649316463
mp-763006,-2.85691755
mp-13694,-2.598995428
mp-6961,-0.757741776
mp-27227,-0.822067319
mp-26409,-2.757628209
mp-19384,-1.557493688
mp-766411,-0.5661107
mp-20857,-0.400333685
mp-2552,-1.343933669
mp-504104,-2.196739047
mp-629701,-2.11115617
mp-803,-0.517814673
mp-744533,-2.160382772
mp-715436,-0.554753476
mp-763306,-1.234464471
mp-976838,0.10399742
mp-568598,-0.230777764
mp-672326,-0.141455332
mp-31259,-1.025693663
mp-607031,-2.203869704
mp-565394,-1.715334379
mp-677288,-1.856895162
mp-560016,-2.924764151
mp-778878,-2.177906509
mp-768605,-3.916177893
mp-31110,-3.523678933
mp-744439,-1.62913642
mp-5857,-3.293824017
mp-13063,-3.950768177
mp-862755,-0.30992536
mp-540924,-0.457452608
mp-641534,-1.361104913
mp-868821,-2.568943864
mp-734733,-0.547077756
mp-24845,-1.845133906
mp-770341,-2.568045914
mp-40478,-3.170203906
mp-763061,-2.22201256
mp-765950,-2.4881403
mp-27791,-3.134426576
mp-583184,-0.512962159
mp-973662,-0.316066836
mp-27514,-1.51788547
mp-1980,-0.449100945
mp-781059,-2.492274038
mp-865744,-0.695905554
mp-763174,-2.627472695
mp-662588,-1.161230946
mp-635413,-0.281477271
mp-779587,-2.974143338
mp-1057,-0.611407634
mp-850882,-2.575493717
mp-631474,0.784611818
mp-580192,-0.854365389
mp-10381,-0.31307676
mp-705510,0.116132842
mp-127,0.027145925
mp-1019774,-3.283142202
mp-690635,-3.044224656
mp-680085,-1.140085888
mp-4476,-0.670812863
mp-10181,-0.503666044
mp-2724,-1.147788815
mp-1123,-0.464167772
mp-27609,-0.444499852
mp-779831,-2.605534425
mp-777050,-2.238685342
mp-22261,-0.26903129
mp-560022,-1.174981225
mp-571557,-0.213681292
mp-1019535,-3.467516679
mp-648069,-2.687628201
mp-865985,-0.264991036
mp-8580,-0.967140934
mp-13073,-0.59536937
mp-772696,-2.141812676
mp-12041,-1.07899257
mp-673029,-2.468047285
mp-675223,-1.515714941
mp-767727,-2.679746036
mp-720299,-2.137477052
mp-1013874,-3.01045696
mp-694965,-0.94269647
mp-975913,-2.946850582
mp-667283,-2.796609489
mp-778246,-2.474056847
mp-754839,-1.715721237
mp-753299,-2.120062741
mp-778640,-2.070756542
mp-18299,-3.731795689
mp-768764,-2.086424726
mp-21456,-0.409378263
mp-30594,-0.070978522
mp-30791,-0.580388935
mp-623038,-0.560434695
mp-763185,-1.676393109
mp-983429,-0.221599012
mp-764396,-2.697210588
mp-853224,-2.745685434
mp-775045,-2.664724766
mp-24018,-2.195760961
mp-975144,-0.289373974
mp-566881,-2.384007317
mp-16825,-3.161690456
mp-559982,-3.249944293
mp-27366,-1.48935622
mp-764932,-2.359874618
mp-510302,-3.267102454
mp-585220,-2.092617857
mp-30247,-2.081131041
mp-560110,-3.640362584
mp-2203,-0.399800311
mp-776721,-2.800541444
mp-761822,-2.352784667
mp-780148,-2.548153343
mp-15963,-1.08162857
mp-13374,-3.984692244
mp-753995,-3.963051884
mp-11503,0.072354733
mp-697691,-2.355615065
mp-31837,-2.547842248
mp-10182,-0.549764236
mp-16253,-0.417375053
mp-352,-4.04375588
mp-510486,-0.576628049
mp-760582,-2.442904848
mp-40519,-3.419161409
mp-25499,-1.837798716
mp-763968,-1.91740701
mp-771687,-1.800992583
mp-18243,-2.89061364
mp-767223,-2.739156219
mp-24364,-1.868472389
mp-752648,-2.608670591
mp-771684,-2.328733037
mp-673845,-3.159794523
mp-40201,-2.927231634
mp-543017,-0.355714994
mp-756705,-3.699204247
mp-773491,-1.584436417
mp-778768,-1.421795468
mp-79,0
mp-631880,0.958880555
mp-772374,-2.418259726
mp-542201,-3.277725088
mp-776798,-2.43685023
mp-20656,-0.000912292
mp-9442,-0.661043372
mp-31970,-2.642707217
mp-776047,-2.347243746
mp-1020015,-2.811276941
mp-773698,-2.318705704
mp-989520,-1.910285923
mp-764205,-2.183851462
mp-753131,-3.062689409
mp-2291,-0.350399173
mp-562247,-2.180116265
mp-770397,-1.431279803
mp-4534,-1.893318076
mp-580287,0.037398827
mp-763958,-1.978496592
mp-19196,-2.772501497
mp-5981,-0.331719382
mp-764455,-2.250771828
mp-756565,-3.318070977
mp-32004,-2.384982084
mp-864837,-0.168949726
mp-667360,-2.774615754
mp-5517,-1.020879227
mp-767071,-1.933759873
mp-571664,-0.556203913
mp-768976,-2.285240591
mp-776470,-1.884356141
mp-5632,-2.871832098
mp-849676,-2.082336529
mp-20861,0.009043171
mp-550908,-3.822458384
mp-763320,-2.885157431
mp-23634,-2.587584582
mp-1200,-0.09986875
mp-1406,-0.038175015
mp-767893,-2.39382035
mp-763492,-2.421556063
mp-19801,-2.225431417
mp-569810,-1.431424868
mp-30767,-0.375191852
mp-554930,-1.013631551
mp-619127,-2.977469347
mp-505005,-0.639626775
mp-766846,-2.375087478
mp-542814,-3.284635553
mp-861900,-0.430216047
mp-976784,0.092720487
mp-680576,-0.82426459
mp-850746,-2.321171592
mp-764110,-1.9921076
mp-15503,-1.108288469
mp-769284,-3.414984091
mp-3042,-3.450224934
mp-571335,-0.521748617
mp-675506,-2.279504346
mp-6064,-2.645395972
mp-20181,-0.254040846
mp-611623,-0.814495277
mp-584116,-2.163713407
mp-9804,-2.597789375
mp-767342,-2.288414562
mp-2794,0.053717312
mp-28496,-2.226845558
mp-769028,-2.7369123
mp-766111,-2.439331101
mp-772920,-2.442407989
mp-868361,-2.716157888
mp-752942,-3.175035941
mp-31531,-1.970087858
mp-31935,-2.35069953
mp-8892,-2.977223778
mp-775847,-2.297046654
mp-733817,-3.119598622
mp-2089,-0.693299472
mp-772863,-2.141268519
mp-768585,-3.545331448
mp-32538,-2.967096705
mp-28773,-1.309104234
mp-362,-0.635935805
mp-557322,-1.378318181
mp-556496,-0.651073086
mp-771984,-2.778437801
mp-772305,-2.557400019
mp-554645,-2.165469128
mp-866006,-0.371942808
mp-25751,-1.806414347
mp-30777,-0.58203008
mp-566047,-2.206278657
mp-18502,-3.113674555
mp-30137,-3.289919836
mp-928,-0.819124543
mp-759234,-2.615102372
mp-19187,-2.756294198
mp-32750,-0.14877507
mp-777974,-2.347054669
mp-18109,-2.684256448
mp-566470,-2.585620804
mp-744644,-1.542403268
mp-849457,-1.926508095
mp-776906,-2.831325464
mp-556778,-3.162705155
mp-761710,-1.7106172
mp-267,-0.337411605
mp-764447,-2.368621858
mp-640315,-0.18654803
mp-561127,-1.485510792
mp-974739,0.097678065
mp-555097,-3.239989646
mp-626414,-2.107415859
mp-773262,-2.467795072
mp-23453,-0.352477703
mp-603912,-0.186383575
mp-558592,-1.652083401
mp-565489,-1.708311419
mp-699331,-2.161957507
mp-585408,-2.524918264
mp-28686,-0.395724259
mp-763167,-2.214831607
mp-776882,-2.304515288
mp-6783,-2.372064502
mp-555119,-3.879634522
mp-22151,-0.900163794
mp-17272,-2.316818634
mp-755664,-1.619051776
mp-22206,-0.710738613
mp-1019715,-2.860255274
mp-12965,-0.507826977
mp-2932,-0.668029342
mp-754936,-3.740659603
mp-22061,-0.227968325
mp-39010,-2.424868208
mp-17586,-1.931299809
mp-24708,-1.588509113
mp-743637,-1.513705156
mp-569558,-0.319014437
mp-976185,-1.345289942
mp-14389,-2.710357132
mp-766006,-2.016330503
mp-540981,-2.090405996
mp-754157,-2.697065296
mp-684638,-1.453800423
mp-570696,-0.675647033
mp-31499,-0.18422177
mp-7892,-0.468865297
mp-27373,-2.007098095
mp-767365,-2.462045228
mp-556705,-1.902180804
mp-864834,-0.214465921
mp-32389,-2.098227767
mp-22493,-0.704872073
mp-774384,-2.128391317
mp-763552,-2.544879417
mp-1018149,-0.255146055
mp-770003,-2.56767288
mp-3807,-0.768529735
mp-15728,-2.566335527
mp-9588,-0.524872441
mp-698669,-2.693495174
mp-862716,-0.14420052
mp-556378,-1.47611422
mp-770060,-2.363395069
mp-764871,-2.407256985
mp-542791,-2.090958112
mp-29068,-0.576077043
mp-1666,-2.213283547
mp-13680,-3.523535956
mp-782638,-1.9676495
mp-764125,-2.602535503
mp-753831,-1.401995633
mp-18440,-0.390141496
mp-19643,-2.073286254
mp-623066,-0.447114384
mp-14364,-2.118044122
mp-773363,-2.141770692
mp-865161,-0.361003329
mp-510324,-0.582483332
mp-763591,-2.278188637
mp-695383,-1.919548944
mp-973865,-0.249344255
mp-569313,-0.462789177
mp-1014226,-0.964701206
mp-761336,-2.650660235
mp-753192,-1.826498886
mp-7073,-2.04700401
mp-721875,-2.001308076
mp-672715,-1.606697166
mp-14243,-1.537550584
mp-624234,-1.589869529
mp-27587,-0.327960947
mp-764207,-1.996325306
mp-162,0
mp-774379,-2.882806634
mp-774019,-1.732744814
mp-631270,0.925650168
mp-5848,-0.77882597
mp-561434,-0.877200771
mp-720643,-2.938753964
mp-6899,-3.342218466
mp-998560,-1.271880778
mp-34730,-1.83554506
mp-2350,-2.502287356
mp-761932,-1.423982722
mp-771869,-2.535139004
mp-626229,-1.595520947
mp-774089,-2.415760742
mp-761385,-2.491087524
mp-975655,-0.74383083
mp-766824,-1.962842455
mp-765754,-2.525949896
mp-582175,-1.07744083
mp-28796,-2.361320151
mp-580154,-0.674846976
mp-763171,-2.210156785
mp-861956,-0.436452516
mp-25656,-2.107271929
mp-974583,-0.594655187
mp-743906,-3.038333269
mp-865115,-0.371300598
mp-565702,-3.065255987
mp-540878,-3.117401246
mp-1019564,-1.076111139
mp-705842,-1.592237936
mp-19023,-2.59089556
mp-705844,-2.194946552
mp-764806,-1.833245644
mp-30752,-0.069142505
mp-976931,-0.323584731
mp-762289,-2.577385753
mp-765757,-2.846214503
mp-3944,-0.596809313
mp-780677,-2.038720578
mp-553884,-2.753373215
mp-5640,-0.84393022
mp-558642,-2.746114278
mp-13236,-0.694105416
mp-647900,-0.624158252
mp-571109,-0.615692611
mp-776424,-2.367938232
mp-631539,1.435498352
mp-763837,-2.75496575
mp-18814,-2.03321755
mp-555322,-3.163943754
mp-763431,-2.509216775
mp-1019566,-2.504515958
mp-761485,-2.794495642
mp-540011,-2.418923974
mp-853151,-1.562283483
mp-977548,-0.761581961
mp-20288,-3.046020003
mp-762431,-2.899712407
mp-780752,-1.843894184
mp-643629,-2.082466884
mp-768083,-3.065188861
mp-30479,-0.383577741
mp-773449,-2.548865534
mp-971906,-0.259558454
mp-560815,-3.112922346
mp-772272,-1.830559614
mp-961695,-0.737672829
mp-28754,-0.467622715
mp-545482,-1.048075957
mp-774380,-1.994353142
mp-850764,-2.507912557
mp-770002,-2.403287928
mp-560708,-3.279695276
mp-761599,-2.564620527
mp-775694,-1.930282039
mp-778250,-3.008260116
mp-770733,-2.564350219
mp-555770,-1.583397819
mp-22052,-0.98839518
mp-773596,-1.391893649
mp-11947,-0.251590808
mp-7352,-0.431211124
mp-849471,-2.049253385
mp-561012,-2.643515446
mp-567514,-1.04932692
mp-5288,-0.67686423
mp-613820,-1.372992143
mp-771806,-1.337786147
mp-706912,-1.914039643
mp-29476,-0.13109604
mp-774421,-2.351833914
mp-11959,-0.659717809
mp-4081,-0.516752853
mp-773785,-1.81236889
mp-680114,-0.590392567
mp-13981,-2.697299838
mp-15557,-0.45019369
mp-975579,-2.891645907
mp-20977,-1.225157053
mp-974732,0.655603825
mp-558285,-1.980192589
mp-19771,-0.609258404
mp-12364,-0.741757046
mp-570998,-0.253077699
mp-772755,-2.212283095
mp-6163,-3.077080438
mp-569440,-0.347605154
mp-1401,-0.294091247
mp-7554,-0.405835959
mp-555954,-1.236725998
mp-1009218,0.503220556
mp-7070,-0.385623676
mp-715561,-1.672126683
mp-566725,-3.076059732
mp-755947,-1.230504433
mp-978543,-0.339151977
mp-775273,-2.352899455
mp-706279,-2.676574364
mp-10778,-1.716344121
mp-777457,-2.924864857
mp-675127,-1.930469463
mp-582185,-0.436422911
mp-8974,-3.582405879
mp-14345,-2.85746173
mp-571271,-1.109912618
mp-572510,-1.200527166
mp-764421,-2.670320227
mp-767110,-2.400147109
mp-541152,-2.6627481
mp-555410,-1.138248087
mp-759541,-1.534597856
mp-778628,-2.366922116
mp-971857,1.042755217
mp-28562,-0.613293841
mp-18921,-1.59836731
mp-862767,-0.315723405
mp-932,-0.492961439
mp-868467,-2.600762392
mp-10810,-2.858927036
mp-767651,-2.33816806
mp-7773,-0.485898501
mp-570597,-1.300725366
mp-985591,-1.329903766
mp-32312,-1.676186047
mp-6000,-3.086625615
mp-867192,-0.971355701
mp-17133,-1.041902846
mp-11914,-2.719568737
mp-628588,-1.994409373
mp-868648,-2.340149523
mp-767014,-2.156848895
mp-778704,-2.797830213
mp-775073,-2.141576494
mp-555716,-2.631769871
mp-28424,-0.375207215
mp-1009649,-1.115282744
mp-556122,-3.014020902
mp-695074,-3.159169281
mp-554199,-1.531337059
mp-557450,-1.507604851
mp-998781,-0.644030505
mp-561691,-2.312027411
mp-4577,-0.554079727
mp-707710,-1.794498514
mp-14125,-0.483266341
mp-676296,-2.042862039
mp-30775,-0.103499907
mp-6376,-1.155074586
mp-600005,-3.273602037
mp-30041,-1.090051381
mp-8655,-0.798790038
mp-985556,-0.017810425
mp-8341,-2.081849891
mp-775499,-2.319455321
mp-560826,-3.277272652
mp-18880,-3.196631713
mp-777221,-2.211681787
mp-556783,-2.182163608
mp-850449,-2.381804633
mp-600125,-0.162436323
mp-540234,-2.455351169
mp-778582,-2.270589215
mp-20210,-0.83742143
mp-961718,-0.441413391
mp-862654,-0.635234472
mp-3648,-0.139598652
mp-25029,-3.077421531
mp-17552,-3.44855164
mp-974658,0.509943941
mp-12778,-0.236019358
mp-697652,-2.517984768
mp-543104,-2.298848472
mp-774393,-2.469401469
mp-863403,-2.644867801
mp-23164,-0.358422735
mp-776772,-2.477645026
mp-582635,-0.029747709
mp-775116,-2.537508612
mp-761768,-2.941676606
mp-555174,-2.494316747
mp-761997,-2.432564635
mp-999542,0.062202968
mp-1121,-0.2790429
mp-776061,-2.855432056
mp-669542,-0.275493209
mp-696272,-0.967838924
mp-569561,-1.081995623
mp-18360,-0.707442162
mp-850986,-2.315620795
mp-29374,-0.228319971
mp-504990,-2.38583017
mp-21136,-1.237272404
mp-765516,-2.13033751
mp-9705,-1.132121341
mp-776869,-2.027280237
mp-566070,-3.089692936
mp-19228,-2.41384431
mp-765681,-1.362114052
mp-27772,-0.512208687
mp-647350,-2.261458339
mp-29172,-2.091774616
mp-11597,-0.879239711
mp-28151,-0.435798089
mp-761308,-2.645257402
mp-770601,-1.510354514
mp-754494,-2.070449692
mp-569610,0.025231263
mp-557426,-3.42828061
mp-771402,-2.057512298
mp-27260,-2.201812339
mp-756793,-2.830254543
mp-778781,-1.537245324
mp-23737,-0.340954627
mp-24182,-1.49724005
mp-974322,0.01030049
mp-770026,-2.385962113
mp-555618,-2.947364898
mp-31923,-2.605865385
mp-32,0
mp-22559,-0.709718313
mp-18625,-0.332064442
mp-695026,-2.74947836
mp-770316,-2.569170167
mp-1762,-0.768736708
mp-20281,-1.057427733
mp-28227,-0.309395653
mp-684106,-2.487153144
mp-760506,-1.432989524
mp-569563,-2.274167484
mp-7108,-1.001758258
mp-767034,-1.546147824
mp-772334,-1.936812976
mp-778897,-2.469686498
mp-24719,-0.112095719
mp-568244,-0.812644042
mp-19373,-2.42419006
mp-23406,-1.647228595
mp-510537,-2.221147658
mp-644828,-0.938378351
mp-866692,-2.11691317
mp-5182,-0.059044068
mp-566190,-2.702614832
mp-998233,-1.166206474
mp-7400,-0.18255543
mp-565625,-2.229371269
mp-38357,-3.523392234
mp-541106,-0.510685605
mp-756073,-2.697076889
mp-20151,-0.423065242
mp-976055,-0.229664538
mp-1773,-0.429683689
mp-764479,-2.848600098
mp-608717,-2.449873123
mp-552604,-2.465485904
mp-771162,-2.083478495
mp-541418,-3.229793068
mp-6772,-3.141812767
mp-558055,-0.842601821
mp-756769,-2.129632327
mp-31059,-0.385607484
mp-680146,-0.590513452
mp-557177,-2.927037476
mp-20630,-0.131706792
mp-745,0.013803885
mp-781602,-1.965240757
mp-573651,-0.273422997
mp-557082,-1.358965753
mp-763566,-2.529767287
mp-767899,-2.318452586
mp-865656,-0.234134772
mp-9574,-0.165129152
mp-767187,-2.721907858
mp-17089,-2.851707462
mp-21067,-0.31070042
mp-756630,-3.768668051
mp-767606,-2.749785745
mp-774319,-2.113508401
mp-29784,-1.110301055
mp-25039,-2.939142331
mp-759939,-1.332457171
mp-775785,-2.547224731
mp-675479,-3.972942545
mp-36031,-1.607585018
mp-2085,0.016748637
mp-19926,-3.294956918
mp-18575,-2.454938588
mp-759790,0.063574652
mp-767834,-3.155894238
mp-27832,-1.418290222
mp-768893,-1.950185319
mp-15819,-0.273906498
mp-26586,-2.501936095
mp-770763,-2.578949404
mp-11237,-0.277786226
mp-760311,-1.73076327
mp-850429,-2.338223839
mp-769557,-2.595526102
mp-865716,-2.881966937
mp-2571,-1.00500229
mp-760244,-3.338791864
mp-773187,-2.357256358
mp-30451,-0.520770587
mp-568961,-0.542317756
mp-1020030,-2.523822856
mp-556523,-1.923222942
mp-541032,-0.00957933
mp-557250,-0.764596132
mp-770749,-2.891867356
mp-767873,-2.275081741
mp-481,-1.051572696
mp-647520,-1.76017633
mp-19326,-1.794933734
mp-752393,-2.783620178
mp-600622,-2.388353363
mp-28859,-1.103015066
mp-675093,-2.548621212
mp-32308,-2.848947149
mp-560504,-2.849140401
mp-29297,-1.443191308
mp-9945,-0.182023228
mp-752785,-3.720860656
mp-753726,-3.571612688
mp-22479,-1.259000305
mp-1019091,-1.738930893
mp-13240,-0.259311466
mp-4334,-0.603787172
mp-761413,-2.627117148
mp-8926,-0.966129124
mp-987,-0.075409087
mp-566321,-2.78057152
mp-764046,-2.704781197
mp-850455,-2.332385211
mp-4733,-3.797152138
mp-765436,-1.921885675
mp-776689,-2.888188696
mp-764225,-1.580882629
mp-620812,-0.644376241
mp-31994,-2.617873454
mp-865212,-0.010160491
mp-676889,-1.968561091
mp-560928,-2.161610672
mp-510475,-2.599992616
mp-504760,-0.22444311
mp-3838,-0.815919031
mp-24307,-0.407948955
mp-18704,-3.373236729
mp-7621,-2.180051336
mp-976017,0.335423435
mp-770244,-1.651280799
mp-767696,-1.67549752
mp-15501,-1.131694564
mp-765990,-2.342861666
mp-771490,-2.129496305
mp-771703,-3.701421205
mp-744256,-1.692897848
mp-760172,-3.177167921
mp-1016882,-1.067773947
mp-15575,-2.999357509
mp-567381,0.195353532
mp-956,-0.243758072
mp-620346,-0.980276648
mp-631405,0.416804256
mp-770381,-2.561088611
mp-614455,-0.20248509
mp-771863,-2.942442733
mp-765258,-2.875030577
mp-850133,-2.255229071
mp-775675,-2.521972623
mp-764100,-2.508405729
mp-12128,-0.225426706
mp-8923,-0.669496196
mp-1013587,-0.503572604
mp-867171,-0.475726694
mp-10347,-3.343973095
mp-32482,-2.018062277
mp-30010,-1.758635678
mp-757890,-2.516757616
mp-765432,-2.328270346
mp-755449,-0.619082141
mp-704112,-1.961652195
mp-551456,-2.454021172
mp-555891,-3.281596813
mp-772247,-2.283422338
mp-22066,-0.498538716
mp-34425,-1.855790208
mp-781607,-2.41157223
mp-756342,-0.202155455
mp-767926,-2.675614609
mp-541005,-1.496411994
mp-867358,-2.125436018
mp-684619,-1.891595954
mp-773317,-1.52816008
mp-31097,-0.295983728
mp-20425,-0.243900433
mp-31702,-2.619897324
mp-767923,-2.318061479
mp-566189,-2.2138805
mp-2172,-0.489051147
mp-24030,-2.547052032
mp-32329,-1.930012394
mp-757312,-2.513021969
mp-864957,-0.130387063
mp-21223,-0.423752659
mp-561628,-2.266800546
mp-862287,-0.877223368
mp-39226,-3.698828924
mp-31630,-3.18208022
mp-674478,-2.650593306
mp-756426,-3.274138507
mp-8499,-0.322848988
mp-752400,-3.838530825
mp-1019380,-1.312184206
mp-680061,-2.099149847
mp-673663,0.050658365
mp-504898,-0.620533742
mp-13955,-0.586539034
mp-722294,-0.547604023
mp-685862,-3.807903059
mp-974982,0.131395496
mp-19453,-1.720752343
mp-752906,-2.22092325
mp-703308,-2.556546107
mp-1014231,-0.170475138
mp-543051,-0.816451569
mp-753793,-4.26243855
mp-8866,-1.818919139
mp-765862,-2.126687082
mp-19414,-1.950516413
mp-775407,-2.416873415
mp-2938,-0.678680766
mp-764923,-2.980518755
mp-17979,-3.472223588
mp-756508,-2.523756796
mp-780805,-2.430409403
mp-738663,-1.395333802
mp-15013,-1.20718153
mp-767765,-0.939577093
mp-1018896,-0.58294716
mp-1006256,-0.298995683
mp-1014227,-1.154585361
mp-1559,-0.902356383
mp-767252,-2.950003564
mp-707841,-1.339849915
mp-764295,-0.968503081
mp-19337,-2.46228342
mp-763568,-2.041581969
mp-761810,-2.201689246
mp-6758,-0.374386318
mp-766744,-2.772555939
mp-1328,-0.260951038
mp-772013,-2.540523948
mp-19314,-2.789391518
mp-1873,-2.617374312
mp-757947,-2.535487594
mp-540147,-2.665234503
mp-20983,-0.344398762
mp-5051,-0.362415017
mp-648893,-2.334165961
mp-3345,-0.532221127
mp-12418,-0.613454855
mp-769906,-3.775222676
mp-4437,-1.143917987
mp-866290,-0.796754349
mp-14730,-2.50701537
mp-554944,-2.657849862
mp-1019277,-0.47239226
mp-1019717,-2.163817845
mp-566537,-3.366751768
mp-813,-0.484133523
mp-675592,-1.736097568
mp-505798,-1.130090274
mp-779804,-2.498301487
mp-1682,-1.148055925
mp-5388,-1.765657084
mp-31019,-0.116963266
mp-1073,-0.36655264
mp-566977,-2.596793567
mp-8697,-3.45680908
mp-24943,-2.166988161
mp-776229,-2.147994787
mp-6088,-2.408486991
mp-4622,-3.384006972
mp-569978,-1.910182707
mp-569082,-0.149017051
mp-566356,-2.870596081
mp-3239,-0.829753553
mp-555370,-1.131865711
mp-541297,-1.083306968
mp-14560,-3.473924758
mp-972680,-0.402190805
mp-28160,-1.166970272
mp-13334,-1.956746475
mp-16179,-0.696370922
mp-867303,-0.032600207
mp-545735,-2.776886258
mp-31704,-1.589046304
mp-865274,-0.859537654
mp-17424,-0.577316421
mp-776888,-2.875196695
mp-641069,-0.490972796
mp-683899,-0.177482813
mp-772245,-1.652316132
mp-1189,-0.485049237
mp-18981,-2.989642982
mp-760484,-3.509290793
mp-560591,-3.383295058
mp-756988,-3.008642339
mp-26210,-2.325915102
mp-570798,-0.74059495
mp-695608,-3.10610675
mp-2973,-2.611386674
mp-542448,-1.079936336
mp-775137,-1.939471408
mp-12385,-3.592262259
mp-14795,-0.92161328
mp-1019734,-1.23331189
mp-7767,-2.142091306
mp-31521,-2.133354886
mp-12098,-0.74274043
mp-558504,-2.134253468
mp-775125,-2.528307462
mp-573373,-0.94420373
mp-1914,-0.663139187
mp-1018812,-0.441867708
mp-780226,-2.630617998
mp-559849,-2.654401288
mp-773408,-2.384541996
mp-541989,-0.600903781
mp-30280,-0.840924549
mp-983607,0.328292822
mp-536,-0.280257832
mp-637378,-1.023799051
mp-752606,-2.351303784
mp-765890,-2.601229626
mp-864943,-0.45075969
mp-706301,-0.684263257
mp-769883,-1.514128367
mp-769583,-2.397294083
mp-744430,-2.125448037
mp-778799,-2.801153237
mp-1956,-0.595687012
mp-4606,-0.312879977
mp-31443,-0.275319746
mp-569294,-0.584954073
mp-11262,-0.554134772
mp-19117,-2.310307887
mp-698563,-1.315090501
mp-1014229,-0.151017606
mp-720857,-1.708514721
mp-762088,-1.832641904
mp-570553,-0.369858389
mp-757953,-3.217657347
mp-762709,-2.428255015
mp-25976,-2.218991227
mp-567472,-0.087136672
mp-5461,-1.746167811
mp-777493,-2.619688964
mp-553988,-2.919920434
mp-32895,-3.273567226
mp-9978,-1.527118044
mp-868565,-2.47200351
mp-776111,-2.524611493
mp-554593,-3.752405919
mp-556506,-2.657574891
mp-765970,-2.510809708
mp-25182,-1.888166832
mp-713,-0.458235598
mp-720263,-1.251954235
mp-1018122,0.006502867
mp-780442,-2.510538585
mp-1019716,-2.740872339
mp-561973,-1.636722048
mp-12341,-1.103381924
mp-775051,-2.469695645
mp-18628,-0.433281702
mp-972120,-0.653571945
mp-754434,-1.810907791
mp-34145,-1.892795309
mp-975361,-2.33294883
mp-771672,-2.369282955
mp-21382,-0.722210151
mp-673669,-2.031461723
mp-7917,-0.937790385
mp-868383,-2.44597307
mp-977230,0.622618173
mp-557492,-3.643058589
mp-644324,-1.972340099
mp-754948,-1.709329074
mp-22907,-0.848979638
mp-103,0
mp-554335,-1.426282391
mp-12549,-0.36227809
mp-769900,-2.831905442
mp-25176,-2.013153816
mp-771898,-2.337541588
mp-14551,-3.596673647
mp-22543,-2.072050933
mp-504983,-2.740038301
mp-20400,-0.898648539
mp-764154,-2.235606162
mp-773758,-2.557927081
mp-5898,-0.784168062
mp-974458,0.263193463
mp-867162,-0.539486785
mp-850143,-2.407442954
mp-752398,-1.933956362
mp-770997,-3.177075964
mp-761454,-2.048572825
mp-20831,-1.056684041
mp-7661,-2.495571022
mp-31818,-2.212690933
mp-5854,-2.394500539
mp-685633,-3.922713402
mp-2567,-0.463646456
mp-772208,-1.768436825
mp-28423,-0.514110006
mp-773319,-1.732282531
mp-35869,-1.485798503
mp-763947,-2.67298647
mp-773055,-3.259607468
mp-775736,-1.09501526
mp-1969,-0.267213647
mp-545974,-3.132099085
mp-565994,-2.188582495
mp-743780,-3.128094909
mp-2602,-1.513970426
mp-631635,0.592648025
mp-771596,-2.53380982
mp-684833,-3.035865037
mp-781997,-1.59680866
mp-655,-0.405782946
mp-772438,-2.36847812
mp-7478,-3.096605142
mp-1020142,-2.740242961
mp-561637,-2.471439954
mp-2926,-0.283628933
mp-7038,-0.392406878
mp-773058,-2.781404359
mp-4279,-2.528648586
mp-972412,-0.948871985
mp-8789,-1.823889776
mp-672213,-0.802749222
mp-985302,0.05030837
mp-18986,-2.966371666
mp-27490,-0.401063097
mp-771560,-2.081429633
mp-31183,-0.544016917
mp-565192,-1.87428804
mp-996,-1.366963456
mp-772701,-1.999645096
mp-1818,-3.495165018
mp-20471,-0.588347159
mp-552120,-3.526552364
mp-976856,0.120584319
mp-867132,-1.460147007
mp-6140,-0.43126302
mp-553952,-1.430517246
mp-4250,-0.951273062
mp-22309,-0.273201358
mp-43134,-3.389395752
mp-778022,-1.928575524
mp-19460,-3.190185837
mp-560409,-1.265432765
mp-757636,-2.47232376
mp-767658,-1.742170231
mp-762172,-2.041827042
mp-541996,-3.225838416
mp-11615,-0.518971725
mp-557754,-3.129995674
mp-568405,-1.981851907
mp-582259,-0.905761415
mp-761579,-1.194174187
mp-753508,-0.910451139
mp-777591,-2.856665301
mp-772391,-1.870534159
mp-768229,-1.062828605
mp-562,-0.481200572
mp-981212,-0.040582573
mp-759526,-1.624668961
mp-7298,-0.320482059
mp-30948,-1.498531003
mp-570634,-0.10153609
mp-631354,0.686937276
mp-1008626,-0.30861187
mp-10844,-0.218520683
mp-32443,-2.656091735
mp-25681,-1.778650743
mp-867234,-0.463669603
mp-585226,-2.542737249
mp-763041,-1.845958451
mp-755194,-2.570523286
mp-771060,-2.198204491
mp-769833,-1.965429956
mp-767,-0.574809548
mp-755840,-2.651032214
mp-764572,-2.449274176
mp-756095,-1.094761729
mp-23949,-0.45893162
mp-24973,-2.422264923
mp-30021,-0.431979207
mp-530986,-3.153812639
mp-554526,-2.930373131
mp-1018089,-1.165102619
mp-775792,-2.904063894
mp-764730,-2.626375864
mp-989512,-1.563507976
mp-770627,-2.096804621
mp-764090,-2.139958083
mp-11006,-1.573486582
mp-30343,-0.040346391
mp-851283,-2.568252904
mp-556804,-3.250448501
mp-674513,-3.637120238
mp-1124,-0.123508351
mp-765374,-2.260108697
mp-755380,-3.895081786
mp-28490,-0.315974059
mp-765351,-2.350417744
mp-557401,-1.576840898
mp-771417,-2.090543689
mp-569975,-0.477365123
mp-771876,-1.78935531
mp-1776,-1.60791004
mp-674940,-1.18715451
mp-763386,-2.456822499
mp-850094,-2.496255284
mp-766993,-2.426713616
mp-23119,-1.030473712
mp-676814,-0.530228642
mp-567248,-0.426533146
mp-649654,-2.191934882
mp-780014,-2.064180671
mp-976949,-0.240187111
mp-11569,-0.274560871
mp-685003,-1.854629065
mp-20800,-0.271352569
mp-5816,-0.445665577
mp-11690,-0.537903171
mp-4804,-2.120410727
mp-771110,-2.535098272
mp-2674,-1.090514077
mp-558947,-3.28058642
mp-19851,-0.697302503
mp-631384,1.532501545
mp-571166,-2.052141318
mp-23884,-2.245873934
mp-557664,-2.735212613
mp-554435,-1.827351164
mp-8983,-0.943117013
mp-768161,-2.529962255
mp-20033,-0.22558971
mp-16965,-0.82600862
mp-2906,-1.013750948
mp-29836,-2.348471691
mp-770154,-2.578899393
mp-763466,-2.532868441
mp-14276,-2.389558545
mp-557203,-3.629281144
mp-766619,-2.501536553
mp-6660,-2.86785853
mp-765549,-2.883826345
mp-643738,-0.424720062
mp-734771,-1.942086281
mp-8073,-0.378783269
mp-558208,-1.936071912
mp-37255,-1.662256258
mp-570520,-1.316068869
mp-558759,-1.507272556
mp-2473,-0.084741539
mp-631420,0.806139344
mp-763227,-2.880227833
mp-782664,-3.00206161
mp-780017,-2.137213808
mp-762163,-2.486224493
mp-10824,-0.359065173
mp-755998,-2.922131914
mp-18713,-1.832584111
mp-775440,-1.969610153
mp-769898,-1.359743426
mp-542972,-1.190061652
mp-1606,-0.116145023
mp-777258,-4.208221951
mp-775786,-2.54821302
mp-863724,-0.401351638
mp-10942,-3.056782175
mp-17722,-3.672518685
mp-868143,-2.643474922
mp-11607,-1.212769195
mp-619836,-3.207702556
mp-559184,-2.36772216
mp-2534,-0.355646068
mp-556709,-3.09480909
mp-22947,-1.670515515
mp-773238,-1.377905625
mp-775959,-3.152755214
mp-972318,0.097782223
mp-28602,-1.702432333
mp-2049,-0.128188983
mp-1380,-0.139359754
mp-3163,-2.606122656
mp-761589,-1.659614114
mp-570666,-0.414163447
mp-777751,-2.767602253
mp-510057,-3.078786505
mp-18463,-2.525436959
mp-764565,-1.906533158
mp-775846,-2.269689602
mp-978539,-0.284253741
mp-2843,-2.586639652
mp-561353,-3.744071881
mp-17434,-3.759985163
mp-771073,-1.62230229
mp-675830,-0.423903637
mp-978542,-0.455404094
mp-505078,-2.591886142
mp-763596,-1.752574351
mp-779095,-2.755115312
mp-2523,-0.689932517
mp-765672,-2.755325321
mp-762170,-2.437274489
mp-767853,-2.716198599
mp-771114,-1.507749791
mp-755901,-3.688159589
mp-30929,-1.179918454
mp-561090,-3.274331103
mp-996958,-0.784309384
mp-1019593,-2.902587542
mp-16818,-0.843195266
mp-30533,-1.010804978
mp-541267,-1.698538904
mp-5175,-1.998651206
mp-976236,-0.252677357
mp-555629,-2.125965047
mp-783903,-1.606795773
mp-777935,-2.34092166
mp-754406,-2.311016627
mp-683,-0.139246768
mp-623814,-0.62727903
mp-560822,-2.410705031
mp-16509,-0.519538008
mp-31233,-0.881067305
mp-30672,-0.319014004
mp-761670,-2.352602459
mp-30340,-0.356396148
mp-13949,-0.380059789
mp-2700,-0.381536068
mp-30818,-0.703397235
mp-982261,-0.325489179
mp-767427,-2.362796137
mp-2661,-0.46931426
mp-976424,0.137894712
mp-762029,-1.852417067
mp-769494,-2.301440358
mp-772216,-2.73627315
mp-560588,-1.134702732
mp-23915,-3.299792887
mp-558548,-2.517253046
mp-761840,-3.623870511
mp-1016902,-1.285408665
mp-780310,-1.746771557
mp-11224,-0.188302838
mp-755883,-3.163297119
mp-10089,-1.050000066
mp-540008,-1.855523095
mp-6413,-2.952013268
mp-764749,-2.360753888
mp-764635,-2.027277651
mp-765911,-2.818208079
mp-30422,-0.533402149
mp-1018723,-0.109165644
mp-646116,-2.169670816
mp-850114,-2.247590226
mp-566717,-2.055892784
mp-675104,-2.3491595
mp-560107,-1.667246895
mp-762840,-2.509546889
mp-17951,-2.821712497
mp-558805,-2.817268455
mp-28881,-2.223052782
mp-20162,-0.672957897
mp-542425,-1.787757294
mp-570711,-0.828268634
mp-557352,-2.019913503
mp-560725,-1.13997478
mp-28800,-0.530555273
mp-677731,-2.954857538
mp-29082,-0.892894996
mp-1011377,-1.420121159
mp-975905,0.977324762
mp-9530,-0.277668825
mp-766795,-2.281783802
mp-22760,-0.458256991
mp-743741,-1.907538641
mp-780110,-2.512174928
mp-31302,-1.747691628
mp-978960,0.019510748
mp-770234,-2.241072738
mp-22346,-0.637046245
mp-36305,-1.136587656
mp-24038,-1.673674399
mp-864918,-1.066054031
mp-541753,-1.116023737
mp-6891,-1.918655318
mp-582924,-0.170527723
mp-3276,-0.520184607
mp-27838,-0.35802482
mp-530303,-2.546280885
mp-834,-1.762366021
mp-540424,-2.464468893
mp-695960,-1.591546432
mp-556808,-2.90838649
mp-13771,-2.436099761
mp-34202,-0.229948938
mp-625272,-1.518505575
mp-28714,-2.157245322
mp-565522,-1.686905414
mp-764955,-2.573894757
mp-18794,-3.458454384
mp-2760,-0.540601148
mp-760502,-1.674709608
mp-771790,-2.080210373
mp-741706,-1.99977089
mp-18334,-2.900593276
mp-22170,-1.934807982
mp-773715,-2.783115811
mp-11368,-0.476613469
mp-25002,-2.754882921
mp-18134,-2.810713478
mp-554941,-2.91096136
mp-976744,-0.178314703
mp-768512,-1.580030825
mp-773536,-1.112547314
mp-560188,-1.908624264
mp-5215,-0.742661197
mp-18943,-1.805905588
mp-565743,-2.330733494
mp-540545,-1.304462711
mp-15856,-0.515960142
mp-18549,-3.992679417
mp-5159,-0.523887677
mp-766262,-1.183121574
mp-1739,-0.678929315
mp-558083,-3.412938038
mp-20642,0.055779149
mp-696736,-3.485353155
mp-764356,-2.967171488
mp-30230,-1.315790054
mp-569213,-0.32612311
mp-30441,-0.205925292
mp-646633,-2.437838527
mp-2444,-0.692656135
mp-582108,-0.834758769
mp-26742,-1.868804915
mp-780292,-2.483379166
mp-765198,-2.877737321
mp-505707,-2.605716818
mp-696123,-1.260512907
mp-541285,-2.486220787
mp-29816,-0.471851564
mp-775435,-2.62941653
mp-866007,-0.20312285
mp-556340,-2.77224237
mp-558648,-1.808691375
mp-735541,-1.747478322
mp-1814,-0.167247639
mp-9946,-1.139370304
mp-976075,0.044774749
mp-561493,-1.354165155
mp-568196,-0.79643599
mp-19096,-2.943477824
mp-1001785,0.027210924
mp-1014265,-1.344705261
mp-754152,-2.777057835
mp-696994,-2.005732448
mp-1793,-0.502340972
mp-767075,-2.846192119
mp-771323,-3.828435295
mp-780648,-1.821779572
mp-764652,-2.364458679
mp-764212,-2.568730284
mp-764976,-2.541890871
mp-1477,-0.358690784
mp-33107,-1.713446608
mp-777277,-1.973754269
mp-18636,-0.622808366
mp-568498,-0.969289971
mp-10271,-0.011143783
mp-5557,-0.575843167
mp-766848,-2.565004491
mp-616718,-2.523543854
mp-705574,-1.747180782
mp-778275,-1.175437017
mp-765550,-2.571246366
mp-669326,-0.59057874
mp-754659,-2.86196156
mp-720642,-2.245501287
mp-560908,-1.145611926
mp-567159,-0.334949006
mp-532676,-1.7996501
mp-569462,-0.614306961
mp-770249,-2.150053018
mp-27428,-0.858178893
mp-569943,-1.084815058
mp-542449,-2.140790009
mp-554515,-1.910550356
mp-567712,-0.588690777
mp-766650,-2.180098491
mp-849325,-1.037355397
mp-15339,-0.966273944
mp-774658,-2.407981985
mp-777047,-3.297170804
mp-21464,-0.275035943
mp-25896,-2.282228113
mp-632502,-0.504801883
mp-626785,-1.614645065
mp-18907,-3.044967689
mp-567817,-0.46368022
mp-643359,-0.483940757
mp-780836,-2.843850547
mp-754117,-3.012455427
mp-7480,-3.112226027
mp-780399,-2.413980603
mp-774397,-1.726693032
mp-2783,-0.554364793
mp-771336,-2.524142715
mp-542167,-1.442710516
mp-997510,-2.569967574
mp-566812,-3.096149217
mp-616490,-2.758132615
mp-5590,-0.512920476
mp-11215,-0.501270769
mp-569804,-0.826503493
mp-631497,0.718129627
mp-18308,-2.72422782
mp-1019526,-3.170646518
mp-772297,-1.84838878
mp-867745,-0.793029874
mp-971799,-0.49396025
mp-770706,-2.30857156
mp-8943,-1.585125646
mp-3759,-2.5593035
mp-675797,-1.83668335
mp-770388,-1.796993856
mp-20381,-0.722186477
mp-539,-1.061926707
mp-760918,-1.606050358
mp-865950,-0.20367232
mp-745175,-1.42982905
mp-706400,-2.382091528
mp-568048,-0.324306879
mp-14912,-3.191894538
mp-561238,-3.388254939
mp-975588,-1.620415453
mp-20182,-0.47066984
mp-1018177,-0.028307839
mp-541747,-1.952550451
mp-21689,-0.696121856
mp-766098,-2.870359577
mp-769965,-1.946848654
mp-6208,-3.411200377
mp-31234,-0.633685984
mp-540405,-2.510236091
mp-25764,-1.630619502
mp-777328,-3.05253602
mp-868327,-3.041855824
mp-978828,-0.026087498
mp-775217,-2.300065313
mp-540363,-2.550181414
mp-27133,-0.735732855
mp-1395,-0.23885305
mp-15751,-3.556188703
mp-755723,-2.570989818
mp-26585,-2.57498169
mp-622210,-2.183603313
mp-763066,-1.678684056
mp-10070,-2.647113094
mp-868348,-2.595287788
mp-561157,-3.380625102
mp-639741,-3.276340322
mp-753048,-2.781990216
mp-762542,-2.619699012
mp-754144,-1.518042829
mp-541761,-1.416534198
mp-984761,-0.313440459
mp-771851,-2.024805126
mp-646420,-0.678703853
mp-505403,-1.310765774
mp-768820,-2.481728377
mp-558894,-3.025023432
mp-29089,-0.818376968
mp-759432,-2.352165224
mp-3804,-0.932495373
mp-868657,-2.485941566
mp-767955,-1.575125325
mp-6879,-2.030289607
mp-5773,-2.205813666
mp-30147,-0.988453852
mp-556820,-3.228278995
mp-761327,-2.380750392
mp-558576,-2.530401857
mp-569896,-0.124907008
mp-690521,-2.089235733
mp-5637,-2.449941892
mp-18848,-2.991901566
mp-779853,-2.389889008
mp-542,-0.539771445
mp-19485,-3.248390631
mp-10394,-0.085358612
mp-1941,-0.362452905
mp-23357,-2.371476329
mp-30926,-3.103004671
mp-769644,-2.821144596
mp-13634,-3.683446153
mp-766917,-2.964430155
mp-22337,-0.442225902
mp-697820,-2.650979531
mp-545548,-3.372954314
mp-703273,-3.296431561
mp-5504,-2.700679095
mp-778037,-2.99441177
mp-557195,-3.17472149
mp-565694,-2.569817107
mp-29456,-0.765781923
mp-755044,-3.762810037
mp-23774,-0.360790788
mp-699570,-0.983221439
mp-780474,-2.449514046
mp-850018,-2.478784272
mp-850253,-2.366262943
mp-761972,-1.946382041
mp-758101,-2.369612053
mp-764913,-2.050758928
mp-27872,-3.238622616
mp-567917,-0.241384402
mp-780216,-1.949418581
mp-31964,-2.645016374
mp-22830,-0.981152241
mp-818,-0.823929781
mp-554505,-2.940710218
mp-618075,-1.857421384
mp-764879,-2.966398045
mp-504565,-2.001908887
mp-781954,-2.477595414
mp-1007755,-0.5399257
mp-2025,-0.243644992
mp-30102,-1.893822268
mp-862362,-0.747367035
mp-763509,-2.851604917
mp-3291,-0.074228751
mp-765968,-2.214233906
mp-684641,-0.260419184
mp-765105,-2.095396503
mp-863705,-0.340017639
mp-776086,-2.749703284
mp-541732,-3.236096103
mp-25624,-1.455677442
mp-779415,-2.292078704
mp-571423,-0.349656538
mp-721317,-1.82389805
mp-764262,-1.721382029
mp-568506,-0.683859922
mp-30307,-0.747415131
mp-555735,-2.087394412
mp-778572,-2.742112064
mp-996966,-1.017363213
mp-865731,-0.419457655
mp-889,-0.46463489
mp-674831,-0.246484377
mp-707735,-1.080731708
mp-761572,-2.523681513
mp-23372,-1.945043079
mp-15217,-1.378252073
mp-626450,-1.938961021
mp-778629,-3.130861401
mp-19292,-1.657311138
mp-696931,-1.157469348
mp-2385,-0.123490883
mp-27453,-2.160818704
mp-771642,-1.644843312
mp-763310,-1.425997717
mp-774272,-2.300727199
mp-772018,-1.640674967
mp-2778,-0.336410306
mp-643749,-3.741019407
mp-554638,-2.186148317
mp-21748,-0.982107859
mp-546864,-2.47708093
mp-541148,-3.007330554
mp-763033,-1.741233283
mp-5369,-0.647753173
mp-976319,0.3279795
mp-978092,-0.586707844
mp-571039,-0.738919141
mp-19478,-2.144917274
mp-776653,-1.970375182
mp-18662,-3.700107067
mp-4176,-1.03599743
mp-567364,-2.820993997
mp-24266,-1.192790668
mp-743592,-3.002342261
mp-762218,-2.574974366
mp-10769,-0.3195111
mp-1392,-0.242551816
mp-764682,-2.919935033
mp-3141,-0.754284235
mp-19418,-2.362485184
mp-753632,-1.258928605
mp-720802,-2.13261009
mp-760184,-3.090441168
mp-776063,-2.747356521
mp-19877,-0.498233756
mp-3077,-0.663600661
mp-762111,-2.280590943
mp-556858,-1.755215419
mp-662572,-1.527713548
mp-6716,-2.577865815
mp-11371,-0.84092691
mp-776597,-2.34692003
mp-24668,-2.535411893
mp-765193,-2.256790339
mp-980942,-0.076719167
mp-761314,-1.890902821
mp-684042,-2.520392335
mp-4835,-0.618666891
mp-8127,-2.286651473
mp-754841,-1.888189633
mp-543082,-1.378407706
mp-566113,-3.03261709
mp-770146,-2.278581383
mp-28316,-0.111990027
mp-755121,-2.297255761
mp-581795,-2.3286308
mp-32654,-1.189978456
mp-558231,-2.548507865
mp-2365,-1.260940631
mp-775398,-2.060868984
mp-763495,-2.974298939
mp-865112,-0.26642725
mp-19364,-3.194309151
mp-768103,-2.370009484
mp-20804,-0.251246138
mp-865299,-0.719703431
mp-7348,-0.556455105
mp-771756,-2.206966311
mp-566082,-2.311633145
mp-2354,-0.099883591
mp-696878,-2.752915146
mp-685371,0.000569354
mp-33300,-1.697070026
mp-7655,-0.342143393
mp-867727,-1.703679261
mp-17902,-1.729097849
mp-557543,-3.115572745
mp-566781,-1.93670417
mp-567267,-1.888483567
mp-764788,-2.692394648
mp-22772,-2.877401582
mp-938,-0.091003237
mp-850193,-3.547901539
mp-375,-3.635464153
mp-540249,-1.835551199
mp-19677,-2.116770852
mp-17693,-2.829042743
mp-39540,-1.936211416
mp-745034,-1.570386888
mp-31014,-1.084480491
mp-760546,-1.546258319
mp-761712,-1.603503624
mp-866813,-1.66207471
mp-16291,-3.40702754
mp-643394,-1.736821841
mp-772231,-1.992863994
mp-757652,-1.293481174
mp-850868,-1.779501649
mp-558085,-2.131168305
mp-866097,-0.570249763
mp-762563,-1.723168819
mp-762169,-1.60387669
mp-610517,-0.256712
mp-27916,-0.260837085
mp-14722,-3.846739268
mp-686677,-1.913074928
mp-4056,-3.803637775
mp-769658,-2.622793839
mp-554163,-1.037722149
mp-557890,-4.032386022
mp-20916,-0.314883257
mp-25568,-1.398383595
mp-769892,-1.718086789
mp-541963,-0.730008804
mp-782668,-2.792000518
mp-776185,-2.678966086
mp-9579,-0.745017556
mp-761815,-2.366816078
mp-19269,-3.148383835
mp-680204,-3.276365519
mp-24925,-2.665351409
mp-669345,-1.494663107
mp-27638,-0.100584687
mp-774117,-2.643198887
mp-776908,-1.885413102
mp-8298,-1.6453814
mp-559390,-3.465631191
mp-20072,-2.705253869
mp-18594,-0.922250301
mp-766854,-2.25136267
mp-540314,-2.471337048
mp-7339,-3.400984359
mp-1009894,-0.193933574
mp-9637,-3.288868943
mp-567905,-0.205381326
mp-9973,-0.849467693
mp-570453,-1.624075282
mp-771622,-2.358564654
mp-631303,0.658559318
mp-570803,-1.215613896
mp-10393,-0.636942361
mp-19477,-3.200605721
mp-1346,-0.810032146
mp-23474,-0.674801657
mp-33581,-3.20964757
mp-865794,-0.594526424
mp-743627,-1.87420493
mp-752458,-4.006085755
mp-698120,-2.454558692
mp-570806,-0.043108259
mp-772535,-3.028539079
mp-18043,-3.361309429
mp-566874,-2.52164968
mp-764529,-2.351868602
mp-504769,-0.734034104
mp-622619,-2.58575037
mp-101,0
mp-31008,-2.267540423
mp-9564,-0.946537649
mp-23299,-2.155897182
mp-777059,-2.089589716
mp-4350,-2.361444685
mp-15822,-0.702012481
mp-972635,-0.469061629
mp-1009491,-0.22063766
mp-647604,-2.543720115
mp-763181,-1.548616318
mp-1002164,0.490539378
mp-34330,-3.341649109
mp-5223,-3.709055059
mp-542832,-3.665546506
mp-1054,-0.307407183
mp-1019550,-0.816516156
mp-559520,-2.064378316
mp-850994,-2.44753995
mp-780193,-2.615963634
mp-763265,-2.249596246
mp-540900,-2.22879645
mp-775864,-1.343262461
mp-676329,-1.168865161
mp-757816,-2.58588843
mp-761565,-2.538012224
mp-757159,-2.46616674
mp-559176,-3.56422716
mp-540632,-2.504968001
mp-27069,-2.53028617
mp-14435,-0.996169167
mp-25664,-2.524056557
mp-11293,-0.150876069
mp-559628,-3.677025529
mp-776806,-2.255034541
mp-558347,-2.904900972
mp-780403,-0.892618724
mp-557929,-0.416679194
mp-862947,-0.860334834
mp-754495,-1.93541718
mp-770543,-1.972862176
mp-25703,-2.646162361
mp-774012,-2.354559768
mp-27508,-1.071912346
mp-780680,-2.434459568
mp-696291,-1.222171482
mp-780936,-2.958085691
mp-14030,-3.207368397
mp-975468,0.403657905
mp-30611,-1.017473355
mp-510086,-0.78345742
mp-11317,-0.013909862
mp-22379,-0.311446993
mp-11550,-0.981719363
mp-777503,-3.254773167
mp-10927,-0.759358443
mp-775867,-2.350599726
mp-755018,-2.994881739
mp-705523,-2.936874359
mp-972058,-3.039569577
mp-782821,-2.734477938
mp-12024,-0.922282081
mp-865771,-0.771650791
mp-31859,-2.476431802
mp-771854,-1.939342303
mp-776220,-2.474534265
mp-28189,-0.990319737
mp-3615,-3.183248525
mp-3735,-3.451648562
mp-862775,-0.305339603
mp-557057,-2.917357016
mp-863703,-0.437349793
mp-768024,-2.599524171
mp-625318,-2.106918821
mp-973339,0.040630813
mp-781789,-2.670225562
mp-560262,-0.942821664
mp-555104,-3.196085054
mp-862747,-0.751017807
mp-761151,-3.645227561
mp-608555,-1.908479395
mp-566379,-1.500491792
mp-541180,-0.389689244
mp-557871,-1.522896623
mp-2866,-0.519077224
mp-776150,-2.132099686
mp-8830,-1.478347821
mp-758720,-2.787218876
mp-1009596,1.323944639
mp-769687,-2.61339409
mp-765273,-2.820382703
mp-23133,-1.703068196
mp-560235,-3.209224109
mp-971683,0.111431921
mp-767215,-2.290905239
mp-17501,-1.401846204
mp-760415,-1.17790732
mp-769771,-2.115897512
mp-29219,-0.290965764
mp-22696,-0.385444408
mp-28835,-1.121873027
mp-21078,-0.09269691
mp-20193,-0.494235399
mp-541919,-2.357022858
mp-29519,-0.553428388
mp-765546,-2.275892966
mp-30320,-3.911172374
mp-12640,-3.47289877
mp-779980,-2.54525642
mp-624486,-2.139105463
mp-21129,-1.956005439
mp-505686,-0.692660695
mp-867677,-1.531811816
mp-765751,-2.042995836
mp-31653,-2.560584635
mp-754478,-3.900629278
mp-32880,-0.248573835
mp-2058,-0.262284325
mp-962069,-0.425011099
mp-631569,0.555682586
mp-634062,-1.113429236
mp-774412,-2.56004247
mp-763358,-2.548615044
mp-29986,-0.807570786
mp-4404,-0.685799626
mp-764310,-2.374499375
mp-755346,-2.367799919
mp-753385,-1.808331775
mp-764853,-2.600276644
mp-27820,-0.138981607
mp-2568,-0.530313253
mp-570097,-0.832577919
mp-546757,-2.432290436
mp-3324,-2.762758215
mp-862485,-0.379149908
mp-672368,-1.503289803
mp-1009813,0.1648448
mp-777807,-3.139957176
mp-6254,-3.465315315
mp-753268,-2.852598594
mp-565732,-2.710843072
mp-780861,-1.645486923
mp-680722,-1.638106073
mp-4798,-0.346850279
mp-18255,-2.938335576
mp-764910,-1.810659468
mp-561002,-3.429921963
mp-755529,-2.120890928
mp-757916,-1.656632933
mp-776903,-1.924486976
mp-850358,-1.753589487
mp-25053,-2.203837047
mp-676636,-3.866288276
mp-567981,-0.10318461
mp-763091,-3.026582336
mp-976783,-0.476598633
mp-774402,-2.404224902
mp-569446,0.078966415
mp-5819,-0.683519437
mp-32449,-1.921503805
mp-31874,-2.401703514
mp-685415,-1.704761627
mp-761527,-2.63776071
mp-559937,-2.069946503
mp-672349,-0.274379514
mp-568656,-0.204898949
mp-27212,-2.409222071
mp-2,0
mp-850880,-2.024539066
mp-21757,-3.365794108
mp-7973,-2.910660469
mp-604908,-0.268422612
mp-1029,-4.181387697
mp-542733,-3.070664476
mp-12992,-3.508001519
mp-975045,0.733950572
mp-9556,-0.435778132
mp-775259,-2.995105126
mp-762570,-2.695028205
mp-569030,-1.808169383
mp-698696,-2.671492466
mp-471,-0.090444063
mp-776821,-2.950278122
mp-764669,-2.286594447
mp-571461,-0.456940072
mp-975216,-1.996231851
mp-973022,-0.051295956
mp-7937,-1.536169334
mp-1001,-0.764811323
mp-971634,-1.181721561
mp-31312,-0.343178225
mp-756876,-2.60687948
mp-780141,-2.112543363
mp-554566,-3.147291437
mp-640173,-2.42897989
mp-759424,-2.594088884
mp-581775,-0.185721598
mp-697120,-2.068431007
mp-976593,-0.244583126
mp-619802,-2.572501349
mp-776615,-2.427395089
mp-867835,-0.559229659
mp-631304,1.271529961
mp-4658,-3.211985511
mp-868385,-2.042135477
mp-2725,-0.80274443
mp-863374,-1.633272947
mp-601344,-2.311441642
mp-27124,-0.627049075
mp-775288,-1.894746293
mp-766154,-2.796117728
mp-756951,-2.099312772
mp-631484,0.813045028
mp-771838,-3.612591237
mp-34465,-0.56222396
mp-28733,-0.405346447
mp-865013,-0.480149572
mp-567214,-0.857153108
mp-28339,-1.141192763
mp-554821,-1.509513064
mp-769118,-3.10102684
mp-761752,-2.148300226
mp-780818,-2.91199837
mp-774411,-2.057425506
mp-752433,-3.588339243
mp-753349,-3.07338413
mp-972966,-0.585441419
mp-3880,-0.479282738
mp-557969,-3.135575022
mp-505265,-3.521223342
mp-773380,-2.026948594
mp-22914,-0.669090787
mp-767985,-2.436154208
mp-766609,-2.346587615
mp-569684,-1.476353769
mp-770976,-1.710800534
mp-763678,-1.874415385
mp-753663,-1.995870721
mp-720397,-0.739593641
mp-2696,-0.246433388
mp-761132,-2.290108568
mp-761624,-2.87261576
mp-569153,-0.567797813
mp-764196,-2.563909549
mp-995206,-0.584928993
mp-640391,-0.502598084
mp-765874,-2.89588456
mp-631331,0.646559472
mp-764184,-1.814451996
mp-770174,-2.395354083
mp-779064,-2.848979681
mp-999502,-0.317417585
mp-615,-0.10832569
mp-20849,-0.303514098
mp-1019565,-2.67595958
mp-979935,0.214464927
mp-654327,-2.729498599
mp-31572,-2.272614417
mp-570683,-0.362842328
mp-31746,-2.633275121
mp-19381,-3.230125845
mp-17143,-3.622186
mp-771581,-2.405294324
mp-706617,-2.963523653
mp-778251,-2.378931903
mp-2068,-1.85736112
mp-570248,-0.343767946
mp-865665,-0.269425501
mp-22229,-0.273176114
mp-14790,-0.031236304
mp-769148,-0.989858648
mp-9837,-2.826186729
mp-3721,-3.829197404
mp-771194,-2.448510477
mp-23171,-0.949508525
mp-763244,-2.101719057
mp-695772,-2.499179248
mp-566751,-3.465693009
mp-753524,-2.046853211
mp-776839,-2.541708984
mp-5752,-1.083698912
mp-765117,-2.659394716
mp-771555,-1.864392868
mp-559752,-2.524884174
mp-21504,-0.734679036
mp-24510,-1.507462479
mp-779968,-2.233373826
mp-705606,-2.860882313
mp-567314,-0.48605605
mp-647285,-2.607586617
mp-779664,-1.356833685
mp-865989,-0.877932602
mp-3789,-2.461954908
mp-6309,-1.545672104
mp-643158,-0.607473232
mp-15483,-1.785181845
mp-545481,-2.120169631
mp-754239,-3.062045793
mp-764417,-1.545632524
mp-950,-0.052276675
mp-769075,-1.033337645
mp-8787,-1.240797676
mp-861940,-0.564345865
mp-763996,-2.534222656
mp-43,0.093748808
mp-644292,-0.504547594
mp-19528,-2.812144378
mp-530245,-3.76018771
mp-7599,-3.113285339
mp-974364,0.393286495
mp-704836,-2.425929035
mp-11798,-0.08238361
mp-571624,-0.318850147
mp-774138,-2.677294142
mp-705008,-2.490156329
mp-560656,-2.429870801
mp-3055,-0.66470273
mp-10264,-0.191777688
mp-777556,-3.155703572
mp-558569,-3.216169249
mp-767700,-2.736387828
mp-763685,-1.971022093
mp-865843,-0.333764124
mp-565798,-1.254375626
mp-23709,-0.128794729
mp-850268,-2.3575725
mp-19340,-2.488644222
mp-975274,-0.516120264
mp-10097,-0.824258865
mp-21835,-0.360016498
mp-17927,-1.541685219
mp-568903,-0.689873917
mp-29733,-0.194903322
mp-28344,-0.998180192
mp-757777,-2.144455578
mp-853145,-1.898165971
mp-775660,-2.230742465
mp-976903,0.251424601
mp-569868,-2.36993898
mp-1018791,-0.802131064
mp-850975,-1.800745041
mp-771302,-2.554482556
mp-11160,-0.877314609
mp-555641,-1.383511892
mp-782679,-2.693113597
mp-972095,0.110696966
mp-555527,-1.851927163
mp-39536,-2.211325932
mp-31768,-1.904315632
mp-765610,-1.874541287
mp-20245,-0.608156338
mp-23446,-1.882868172
mp-24898,-2.301682395
mp-764256,-2.359214283
mp-696195,-3.0151293
mp-763183,-2.907892663
mp-753656,-2.123540412
mp-619092,-1.96463868
mp-4888,-2.923515115
mp-771093,-2.230981569
mp-554716,-2.335578144
mp-779194,-2.948670239
mp-505344,-0.357758367
mp-971804,-0.111993246
mp-27411,-0.024819757
mp-28442,-0.544990026
mp-30141,-0.986434094
mp-560997,-3.238802487
mp-1315,-1.760041467
mp-771936,-1.565889152
mp-36821,-1.432476841
mp-631340,0.605708616
mp-776184,-2.113078351
mp-552588,-2.884630586
mp-557406,-2.802826636
mp-760046,-0.650361805
mp-766423,-1.308292305
mp-29958,-1.418564235
mp-765703,-1.989251074
mp-669645,-0.410054987
mp-778826,-2.811160266
mp-13406,-0.513348471
mp-686697,-3.479521795
mp-769757,-2.009724846
mp-631565,0.679581575
mp-767112,-2.860004938
mp-972217,-0.308645446
mp-756818,-2.494942602
mp-756597,-3.159261245
mp-778914,-2.702656918
mp-19052,-2.279462722
mp-30125,-1.152905962
mp-13466,-0.600487002
mp-766911,-3.141659812
mp-625571,-1.916006443
mp-9976,-0.338495095
mp-978102,-0.725904785
mp-868650,-2.818792983
mp-773747,-2.223880325
mp-705415,-2.511241716
mp-714931,-2.009641816
mp-762071,-1.553644754
mp-20250,-0.687126701
mp-8607,-0.092799933
mp-774874,-2.666234045
mp-772840,-3.033952074
mp-771150,-1.936475691
mp-775626,-2.417006785
mp-1860,-0.742892594
mp-1857,-0.412219437
mp-21003,-0.419426155
mp-26341,-2.518155592
mp-579812,-0.597350342
mp-557112,-2.68360946
mp-29227,-1.28145077
mp-752910,-1.698756984
mp-561829,-2.398256419
mp-18361,-0.466002005
mp-36751,-0.893008145
mp-675342,-3.100802378
mp-973847,-0.453001033
mp-779924,-2.188895968
mp-18127,-0.318017114
mp-777424,-2.582791998
mp-753211,-0.549871215
mp-864600,-0.781458896
mp-9092,-2.459193861
mp-973974,1.170647514
mp-976765,-0.171788161
mp-27540,-2.110792919
mp-766292,-3.995640816
mp-9953,-1.298457841
mp-673761,-2.778932537
mp-763506,-2.479118358
mp-20862,-0.291240827
mp-778375,-2.883280868
mp-22563,-2.46852445
mp-1652,-0.567316893
mp-556544,-3.207302816
mp-13413,-0.232442887
mp-756750,-3.816927973
mp-18910,-2.643172972
mp-782712,-2.959338703
mp-771981,-2.043738925
mp-684904,-1.219672687
mp-764734,-2.426552914
mp-505346,-3.199902846
mp-21296,-0.135138577
mp-851008,-2.19378852
mp-754759,-3.939776185
mp-29543,-1.674765586
mp-775652,-2.210705431
mp-1138,-3.180880198
mp-567770,-0.065279619
mp-849953,-2.196538044
mp-776323,-2.250941806
mp-756930,-3.027207724
mp-777855,-2.417946254
mp-561260,-2.907196462
mp-30867,-0.541168723
mp-775644,-2.057895416
mp-566521,-1.648698741
mp-684031,-0.15797585
mp-542833,-2.287959415
mp-31136,-0.39674061
mp-4891,-3.77661401
mp-559186,-2.628235597
mp-769904,-2.900935355
mp-505223,-3.049864199
mp-686702,-3.130240911
mp-12927,-1.120073172
mp-7921,-2.447920238
mp-20260,-0.756192525
mp-753623,-0.676816064
mp-998787,-2.215897866
mp-866297,-0.569695274
mp-30449,-0.107949198
mp-973538,-0.365775524
mp-559213,-1.942200647
mp-294,-3.548249112
mp-28087,-2.423614597
mp-560238,-2.550847685
mp-13695,-2.672312538
mp-765122,-2.965512393
mp-1020122,-2.303007551
mp-850959,-2.497410659
mp-566233,-2.206576493
mp-17291,-0.666719183
mp-757282,-2.339881137
mp-985829,-2.024983613
mp-871,-0.510982936
mp-778700,-2.924070048
mp-754110,-2.55961429
mp-559349,-1.948036972
mp-778256,-1.883787487
mp-30624,-0.733464673
mp-17137,-2.250279809
mp-2640,-1.543643282
mp-770988,-2.158929826
mp-16577,-3.904307743
mp-752446,-1.484141354
mp-981311,-0.37341231
mp-864990,-0.210024797
mp-18873,-1.816452408
mp-28661,-0.593004213
mp-763872,-2.618572176
mp-773240,-1.786198775
mp-744205,-1.826849527
mp-778060,-3.087689347
mp-675977,-0.529609722
mp-33746,-2.683654311
mp-31089,-0.844716423
mp-769751,-1.832927384
mp-569237,-0.90798067
mp-1008858,-0.944647501
mp-9210,-1.998797395
mp-18399,-0.508849479
mp-566179,-2.50481193
mp-27568,-0.503207261
mp-763460,-2.505120892
mp-764576,-2.377348589
mp-21580,-3.293509835
mp-541818,-0.576350992
mp-19169,-3.185415962
mp-771479,-1.312620313
mp-776740,-2.151480999
mp-568552,-0.412414729
mp-19348,-3.03922702
mp-8221,-0.864363966
mp-770574,-1.351645365
mp-627355,-1.055774351
mp-762530,-2.471083305
mp-770107,-1.558791159
mp-779988,-3.221661241
mp-766865,-2.275651891
mp-17164,-2.593213806
mp-6268,-3.072442656
mp-24638,-1.969428099
mp-15837,-0.665895734
mp-752503,-3.826987433
mp-770033,-2.199436534
mp-754370,-2.863600619
mp-4122,-2.6025461
mp-769834,-2.500399434
mp-764546,-2.354719583
mp-773708,-2.579743038
mp-433,-0.413526374
mp-777898,-2.830403277
mp-30849,-0.755045435
mp-972504,-0.350156
mp-28073,-2.686880545
mp-754250,-3.250605812
mp-25672,-2.515217444
mp-981748,-0.220691369
mp-540719,-2.063705581
mp-9886,-1.05338195
mp-989532,-2.770822924
mp-556212,-3.04921298
mp-570441,-0.514505688
mp-780619,-3.047586736
mp-767146,-3.247406117
mp-19360,-2.804618423
mp-1006118,-0.635839381
mp-561351,-3.27706336
mp-767151,-2.243029869
mp-561597,-1.242572669
mp-18297,-0.660633176
mp-753712,-2.949479936
mp-30671,-0.400113618
mp-770943,-2.317339898
mp-762566,-2.618853513
mp-850396,-2.467926365
mp-774359,-2.876174142
mp-615314,-0.322514597
mp-763716,-2.574540887
mp-770559,-3.327212584
mp-570377,-0.041590428
mp-23085,-1.896859474
mp-772993,-3.169446096
mp-779885,-2.670154776
mp-570256,-0.301271303
mp-2578,-0.22074864
mp-556420,-2.952153291
mp-12359,-0.038864727
mp-647,-1.229776637
mp-764771,-2.468457893
mp-768754,-1.967102592
mp-31364,-0.513404232
mp-21499,-0.777500067
mp-759634,-2.440679641
mp-20186,-2.499673148
mp-2525,-0.246757706
mp-762915,-1.17469509
mp-556641,-2.601074018
mp-676206,-0.492965971
mp-20219,-0.654957124
mp-574244,-1.025121013
mp-763846,-2.232634248
mp-1435,-0.217984363
mp-775433,-0.914712098
mp-13207,-1.99554253
mp-510065,-1.236224976
mp-29420,-1.263141869
mp-754672,-3.490799397
mp-762259,-2.278752756
mp-16751,-0.374465457
mp-770900,-1.840596217
mp-7469,-1.235435509
mp-771784,-1.522406801
mp-530714,-1.027448166
mp-570606,-0.796317537
mp-756074,-2.023965974
mp-25131,-2.038005789
mp-773465,-2.639410149
mp-22503,-0.377657821
mp-697994,-1.345962061
mp-30474,-0.390177518
mp-637866,-0.770414892
mp-770243,-2.277029784
mp-693857,-3.095262532
mp-616260,-3.378773204
mp-542063,-1.799561522
mp-774241,-2.016450586
mp-9206,-0.301771039
mp-3612,-2.538317793
mp-13925,-3.599160309
mp-25190,-3.342358876
mp-770084,-2.156112881
mp-974667,-1.763056584
mp-21890,-0.683930906
mp-723419,-1.522162363
mp-721686,-1.385930569
mp-706544,-0.547419765
mp-765615,-2.043850256
mp-779840,-1.214629593
mp-572441,-1.225523805
mp-571352,-0.34726749
mp-11415,-0.380449594
mp-15322,-0.668029576
mp-32499,-2.651226508
mp-976589,-0.074830559
mp-10765,0.020353055
mp-3922,-0.526242485
mp-778194,-0.799034177
mp-765002,-2.141186779
mp-29506,-1.690956138
mp-752555,-3.613202556
mp-28680,-1.220948254
mp-976420,0.012151126
mp-569768,-0.369401919
mp-582799,-0.27705739
mp-853247,-2.275316906
mp-778617,-1.811562366
mp-13932,-3.06332436
mp-28478,-0.380605137
mp-558241,-0.955783797
mp-640926,-0.897172179
mp-505071,-0.453006237
mp-540997,-1.139738004
mp-25775,-1.629571363
mp-769516,-2.023094679
mp-21503,-0.411136144
mp-19119,-2.066585972
mp-21712,-0.79683792
mp-763418,-0.841039372
mp-22323,-1.988078657
mp-769874,-2.744737761
mp-541947,-0.753315485
mp-676923,-1.47890996
mp-753657,-3.486006097
mp-4519,-2.939170015
mp-754933,-2.63870802
mp-767010,-2.827648843
mp-767330,-2.351267477
mp-37550,-1.273713698
mp-11418,-0.526782973
mp-18739,-2.69458435
mp-776147,-2.23768942
mp-979041,-0.325660117
mp-764314,-2.379930006
mp-546295,-2.170645971
mp-7379,-0.079429583
mp-1009134,0.093465175
mp-28171,-1.390575543
mp-669918,-0.425560366
mp-707343,-1.435513292
mp-10314,-0.693262022
mp-15889,-2.727317226
mp-767167,-2.217957305
mp-6310,-3.313043174
mp-554853,-2.63094983
mp-866157,-0.850271509
mp-559534,-2.714187474
mp-779182,-3.007200964
mp-565920,-3.040264067
mp-775017,-2.271219542
mp-2865,-2.554195026
mp-977453,-0.427837715
mp-849238,-2.698306386
mp-757586,-1.798086085
mp-770532,-2.396974515
mp-505543,-0.650078354
mp-4513,-0.483624837
mp-30721,-0.060894821
mp-762055,-2.03277881
mp-772425,-2.255350992
mp-761729,-1.815052549
mp-779903,-2.306716939
mp-757723,-2.043691271
mp-764362,-2.537702756
mp-568778,-0.229574054
mp-21766,-1.036487873
mp-866016,-0.656211983
mp-767289,-2.320588956
mp-11358,-0.231177358
mp-561058,-2.602246353
mp-21810,-0.784689198
mp-780641,-1.852136364
mp-756103,-3.035966301
mp-775605,-1.547382286
mp-769480,-3.377667393
mp-772366,-2.122656366
mp-567590,-0.399945517
mp-776188,-1.84729791
mp-780580,-2.20734447
mp-505564,-0.946139366
mp-556283,-3.140535644
mp-971740,-0.33255914
mp-24104,-2.812447507
mp-771338,-3.184924011
mp-777220,-2.513609642
mp-767716,-2.986773024
mp-515,-0.283499695
mp-1016843,-1.403290602
mp-976818,0.122200897
mp-22841,-1.676376122
mp-707473,-1.941786942
mp-974426,0.552532297
mp-505467,-1.011293971
mp-4689,-0.251664128
mp-756452,-3.882135421
mp-743882,-1.356405218
mp-616378,-0.953411815
mp-15319,-0.26457082
mp-2250,-0.410028463
mp-25638,-2.445927204
mp-569178,-1.381467578
mp-5306,-1.495872742
mp-867868,-0.505749655
mp-24861,-1.856421281
mp-767556,-2.661027168
mp-22694,-2.522573681
mp-6110,-3.06977937
mp-776762,-3.093429936
mp-559635,-2.728492751
mp-866668,-1.109259005
mp-772489,-3.308792726
mp-770253,-2.383774396
mp-776916,-2.297657208
mp-779839,-1.808830033
mp-561018,-3.034231859
mp-780210,-2.489718256
mp-763245,-1.525701192
mp-561536,-2.767097761
mp-560036,-3.365217459
mp-850985,-2.387500176
mp-1925,-1.678200182
mp-560792,-2.187916687
mp-770540,-2.419891424
mp-975912,0.865733053
mp-761678,-2.752829411
mp-540484,-2.595871332
mp-849554,-2.446946759
mp-15964,-0.372546187
mp-763260,-2.356371032
mp-850221,-1.066741427
mp-772373,-2.627445619
mp-699553,-1.709747191
mp-19067,-2.392452466
mp-505527,-0.789091766
mp-540193,-2.539100727
mp-625406,-2.315280732
mp-780181,-1.675856719
mp-218,-3.883495326
mp-24733,-1.810544411
mp-756587,-3.411924126
mp-3949,-0.10335644
mp-555234,-2.43213916
mp-30232,-1.406849665
mp-12666,-0.074307907
mp-762920,-2.220382397
mp-1009592,0.124867207
mp-773068,-3.182613786
mp-436,-0.738848601
mp-976343,-0.919811905
mp-22284,-0.773013912
mp-30103,-1.141551653
mp-30045,-0.151296498
mp-865211,-0.808831691
mp-766762,-2.479557737
mp-778879,-3.044036485
mp-560956,-3.127994201
mp-764586,-2.390932628
mp-764713,-2.523885812
mp-23507,-0.75299222
mp-776626,-3.214538395
mp-29542,-1.708473773
mp-38695,-1.681239236
mp-773286,-1.922468025
mp-14241,-0.483289498
mp-569617,-0.790333513
mp-684965,-0.937271565
mp-21318,-0.156481292
mp-558209,-3.403023606
mp-767464,-2.737143895
mp-850080,-2.411564096
mp-762507,-1.899026506
mp-778739,-1.640925838
mp-556004,-2.407079836
mp-766919,-2.146137299
mp-31083,-0.829951097
mp-780499,-2.46800942
mp-3010,-3.372792714
mp-27365,-1.032490386
mp-600063,-3.277217252
mp-1777,-0.326510483
mp-849718,-3.230093336
mp-764277,-2.479203291
mp-505576,-0.34752041
mp-39260,-3.020664364
mp-624221,-0.479250306
mp-22048,-1.142020358
mp-686296,-3.094326945
mp-14410,-1.224076388
mp-22766,-2.414027252
mp-32479,-1.687453186
mp-24646,-2.539228772
mp-1019361,-1.039900835
mp-558349,-3.320270508
mp-30733,-1.09475454
mp-22339,-0.533679243
mp-770587,-2.057252747
mp-4354,-0.266955573
mp-9127,-2.398237935
mp-20294,-0.42971874
mp-626851,-1.453591897
mp-764727,-2.005845577
mp-752405,-3.814864291
mp-3667,-1.732544924
mp-2252,-0.840387519
mp-27350,-0.247921173
mp-999054,-0.204052698
mp-18707,-0.59237959
mp-773439,-2.820100829
mp-636647,-2.389513872
mp-767226,-2.5048509
mp-754822,-2.481863351
mp-554833,-2.462218457
mp-851279,-1.925277581
mp-14515,-1.403967915
mp-2530,-1.038500453
mp-697753,-2.655469959
mp-18706,-0.660654666
mp-763825,-2.498323294
mp-865464,-0.295229069
mp-864631,-0.447283215
mp-849558,-2.882728856
mp-1989,-0.61481835
mp-559878,-1.575882085
mp-17694,-3.460312408
mp-675941,-0.624978927
mp-22259,-2.316775846
mp-541823,-1.059585514
mp-31107,-1.653765577
mp-765819,-2.659104674
mp-23875,-1.183361331
mp-743198,-1.265748655
mp-19921,-1.489269637
mp-11793,-1.236206859
mp-556467,-1.466172606
mp-13620,-0.682076525
mp-1903,-0.235357544
mp-560186,-3.322462108
mp-853133,-2.80597293
mp-765727,-2.380724121
mp-510582,-0.593522993
mp-19789,-0.411427766
mp-761341,-2.977311186
mp-766918,-2.694371365
mp-559715,-2.594294149
mp-33325,-2.220103685
mp-778642,-2.078210913
mp-2013,-0.195588156
mp-766275,-1.811029136
mp-850305,-1.591197052
mp-12884,-0.646094221
mp-28584,-0.496909894
mp-554018,-3.369034948
mp-766755,-2.49495592
mp-972960,-0.706325471
mp-989558,-2.872502299
mp-972454,-0.061595862
mp-541956,-2.562854337
mp-29373,-0.222738791
mp-579086,-3.228015082
mp-696651,-3.074991293
mp-762705,-2.477824677
mp-11311,-0.290006243
mp-10811,-1.230842431
mp-19367,-2.906330285
mp-21849,-0.952646046
mp-752426,-1.122168623
mp-763970,-2.565393379
mp-772529,-2.88980522
mp-779305,-2.381293551
mp-764482,-2.366269683
mp-2480,-0.182076607
mp-568322,-0.616742403
mp-7573,-0.456018895
mp-559119,-1.360058674
mp-22558,-0.528781491
mp-761886,-2.279098285
mp-29535,-1.038909535
mp-9018,-2.463024122
mp-8181,-1.133183123
mp-779579,-1.629365419
mp-764712,-3.034734066
mp-697742,-2.375342689
mp-777491,-2.560967772
mp-776622,-3.214315331
mp-781069,-2.468293406
mp-25734,-1.721773638
mp-763482,-2.511454576
mp-28513,-0.870071207
mp-23887,-1.621600422
mp-862943,-0.36518884
mp-762456,-1.792986053
mp-764755,-2.338650771
mp-781494,-2.324351458
mp-4002,-3.700330496
mp-14589,-0.750118717
mp-972117,-2.397542464
mp-12929,-2.842928695
mp-21295,-0.340574426
mp-763601,-2.041029366
mp-763030,-2.991126276
mp-697128,-2.271578962
mp-28684,-2.283118094
mp-555596,-1.660427063
mp-636328,-0.642694794
mp-769952,-2.796704514
mp-567185,-0.361672323
mp-504588,-1.296026302
mp-36940,-0.241223235
mp-979985,-0.676398511
mp-556911,-2.737833857
mp-1554,-0.837744559
mp-4092,-2.171133414
mp-767103,-2.78725928
mp-12806,-0.094960321
mp-778725,-1.673671572
mp-686718,-3.261281288
mp-28501,-1.863536558
mp-542915,-0.395649804
mp-566902,-0.942439382
mp-2484,-0.467931364
mp-675137,-0.737172159
mp-14324,-2.028800957
mp-3319,-1.665449937
mp-1867,-0.235470482
mp-762581,-2.608196098
mp-652494,-1.145525714
mp-540747,-0.388847947
mp-25736,-1.831149788
mp-779192,-2.355371995
mp-2469,-0.97116876
mp-776933,-2.782091775
mp-781735,-1.67829397
mp-22662,-0.819415386
mp-3161,-0.217009582
mp-1002115,-0.831497249
mp-766208,-3.363045197
mp-1805,-0.288402384
mp-763049,-2.32928051
mp-1018175,-0.61870757
mp-770625,-2.608397402
mp-673073,-2.497597684
mp-631431,1.094423954
mp-11522,-0.185191371
mp-16116,-1.502784501
mp-767152,-2.332583739
mp-567780,-1.047425826
mp-761414,-3.387717356
mp-18258,-3.684738868
mp-21089,-0.445422204
mp-5915,-1.079856265
mp-23583,-1.795918847
mp-557391,-2.481108394
mp-22602,-0.522675022
mp-20007,-0.259026621
mp-775202,-2.413694
mp-555194,-2.124402132
mp-766452,-3.876329273
mp-764018,-1.779887968
mp-996956,-1.038908214
mp-977534,-0.359124715
mp-769781,-2.157500443
mp-780288,-2.23971733
mp-769769,-2.378672259
mp-851031,-1.962302059
mp-974335,0.051660387
mp-1008661,2.245216201
mp-850522,-2.448075193
mp-542874,-3.211454395
mp-764515,-2.353850636
mp-753541,-2.17857857
mp-763913,-2.35523532
mp-555211,-3.278434969
mp-18246,-0.917323376
mp-977564,-0.385847494
mp-21562,-1.544809094
mp-19245,-2.747520912
mp-767632,-2.707385433
mp-568237,-0.577242853
mp-779783,-2.442248543
mp-540951,-2.830923739
mp-30489,-0.187147057
mp-14207,-0.52872398
mp-864696,-0.153160229
mp-782643,-2.499393679
mp-699266,-1.957646861
mp-755391,-1.937211289
mp-762917,-1.406968647
mp-759172,-2.293797234
mp-867181,-0.469498421
mp-16969,-3.883412257
mp-642238,-0.684100399
mp-9489,-3.368713299
mp-764502,-2.39191291
mp-9951,-0.317492506
mp-778594,-2.360212739
mp-851029,-2.301989754
mp-740719,-1.896788968
mp-571540,-1.534975709
mp-772822,-1.48633328
mp-5992,-0.566658128
mp-21194,-0.669464136
mp-735530,-2.69758855
mp-774523,-2.452974515
mp-763971,-2.133732164
mp-975596,-1.164920647
mp-976935,0.198890618
mp-571147,-0.762767142
mp-868619,-2.367023108
mp-31930,-2.30943302
mp-781753,-2.42248489
mp-560649,-1.419600237
mp-5694,-2.179341507
mp-769207,-2.013417649
mp-554083,-2.169028123
mp-29561,-0.739513263
mp-769878,-1.61950629
mp-867347,-0.31475559
mp-756142,-4.237056745
mp-29537,-0.388737853
mp-30625,-0.257798305
mp-771205,-2.25675987
mp-29577,-0.874833889
mp-865812,-0.454252013
mp-19435,-1.855572874
mp-998786,-1.710350932
mp-721217,-2.393134858
mp-571582,-0.40574278
mp-40161,-3.273459726
mp-743660,-1.66309048
mp-753766,-3.665119251
mp-23097,-1.702030272
mp-1018055,-0.918118142
mp-1008832,-0.178584199
mp-771369,-2.465185723
mp-972494,-0.085586894
mp-18344,-1.001750683
mp-684817,-3.148492915
mp-25755,-2.591549798
mp-29720,-0.222727185
mp-769793,-1.572894206
mp-29301,-1.960085656
mp-773884,-1.583606501
mp-777567,-2.826420687
mp-704942,-2.629496794
mp-16821,-2.579022272
mp-558135,-1.80296821
mp-25693,-2.639320511
mp-764705,-2.780690765
mp-770173,-2.207065403
mp-971819,-0.432181834
mp-9381,-0.528779373
mp-865919,-0.179415606
mp-540465,-2.106688866
mp-863944,-2.81702084
mp-84,0.045997455
mp-23046,-3.011547484
mp-933,-1.556240958
mp-776093,-1.912196443
mp-849565,-2.281944455
mp-556098,-2.891446458
mp-10816,-0.774293271
mp-780855,-1.633904262
mp-555507,-4.125220884
mp-540458,-2.466878312
mp-557739,-1.48483864
mp-4959,-2.607640124
mp-19092,-1.942001508
mp-755760,-2.112866065
mp-13,0
mp-768665,-2.412017473
mp-707491,-1.58015063
mp-706631,-2.559680325
mp-772273,-1.971562224
mp-764316,-1.994915535
mp-1018656,-1.005718261
mp-862761,-0.610820117
mp-782718,-2.46160832
mp-761996,-2.350095965
mp-639154,-0.148373857
mp-768368,-1.435330772
mp-769850,-2.753671518
mp-865461,-0.278760015
mp-999200,0.100583855
