mp-10009,1.37827886
mp-10013,0.61293916
mp-10044,1.8665910000000001
mp-1004528,7.599944000000001
mp-1004530,2.8749510000000003
mp-1006118,2.89221
mp-10064,3.142692
mp-1006880,0.6735373
mp-10074,1.9839820000000001
mp-1007823,4.440622
mp-1007922,2.343509
mp-1008223,3.96215561
mp-1008523,2.802094
mp-1008556,3.854211
mp-1008557,4.396718
mp-10086,2.302263
mp-1008624,0.09860657
mp-1008677,2.5283307500000003
mp-1008754,1.34669427
mp-1008776,2.898717
mp-1008786,1.31177289
mp-1008813,0.83944
mp-1008867,0.149509
mp-1009009,9.734968
mp-1009014,0.559982
mp-1009048,0.828997
mp-1009127,3.723779
mp-1009129,4.548500000000001
mp-1009555,0.7319390000000001
mp-1009651,1.39808338
mp-1009653,2.92431634
mp-1009730,1.0782441600000001
mp-1009733,1.0785131099999998
mp-1009750,3.5960436000000002
mp-1009819,4.35379794
mp-1009820,1.4479455099999998
mp-1009894,0.904886
mp-10101,3.5365729999999997
mp-10102,3.46687639
mp-1011709,2.567032
mp-1011730,1.463238
mp-1012551,4.787629
mp-1013524,0.6400520000000001
mp-1013526,0.58865286
mp-1013529,0.148015
mp-1013548,1.3042289999999999
mp-1013554,1.3494039999999998
mp-1013555,1.137393
mp-10155,1.2203330000000001
mp-10159,1.45301698
mp-10164,0.884957
mp-10175,4.780374
mp-10178,0.5018940000000001
mp-1018722,1.219277
mp-10191,2.245705
mp-10194,0.068731
mp-10204,0.62691668
mp-10219,6.28299
mp-1022,3.2338560000000003
mp-10226,3.32493834
mp-10231,0.7743813500000001
mp-10250,8.664026
mp-10281,3.097265
mp-10289,1.2892450000000002
mp-10293,3.347859
mp-10322,2.369363
mp-10326,5.522736
mp-10335,1.42696
mp-10341,4.448523
mp-10381,1.969135
mp-10383,0.527387
mp-1039,3.23084071
mp-10401,5.8452850000000005
mp-10402,5.649589
mp-10408,4.3101329999999995
mp-10413,6.004598
mp-10417,3.5677119999999998
mp-10418,3.548838
mp-10421,3.035416
mp-10423,2.827124
mp-10426,3.152005
mp-10464,9.562248
mp-1047,1.6198350000000001
mp-10474,9.072299
mp-10485,1.450463
mp-10486,2.99884
mp-10487,1.233811
mp-10488,2.476206
mp-1049,0.592145
mp-10492,8.863403
mp-10519,0.46690600000000004
mp-10525,3.2358459999999996
mp-10550,2.680729
mp-10572,6.131455
mp-10614,1.4683739999999998
mp-10615,1.329582
mp-10616,1.2009406999999999
mp-10627,2.849057
mp-10634,0.537776
mp-10636,0.175984
mp-10644,2.715081
mp-10653,1.2723001900000002
mp-10662,4.847887
mp-10667,0.768244
mp-10680,2.10510166
mp-10684,0.6718310000000001
mp-10694,8.49990323
mp-10695,3.077719
mp-10748,2.9535679999999997
mp-10749,0.758885
mp-10760,2.581415
mp-10776,1.69122
mp-10796,2.150628
mp-10811,2.983965
mp-1087,3.497046
mp-10910,0.5678030000000001
mp-10913,2.875346
mp-10927,4.916497000000001
mp-10928,5.028328
mp-10942,4.877817
mp-10948,7.244853999999999
mp-10953,1.9172859999999998
mp-10969,3.44694746
mp-10990,1.143869
mp-11009,4.529298
mp-11016,4.082705
mp-11017,4.054056
mp-11018,3.8254989999999998
mp-11019,2.1993
mp-1102,0.885792
mp-11020,1.704383
mp-11021,0.649668
mp-11022,3.409952
mp-11023,2.92337
mp-1105,3.91085511
mp-1106,0.803384
mp-11108,0.31804299999999996
mp-11131,2.3792820000000003
mp-11147,2.864111
mp-1115,1.120346
mp-11168,0.573386
mp-11174,0.813634
mp-11175,3.8634180000000002
mp-11191,1.2214800000000001
mp-11193,0.258892
mp-11214,0.6698230000000001
mp-1123,0.22109536000000002
mp-1125,4.974466
mp-11265,0.697831
mp-1132,0.456701
mp-11327,2.58125483
mp-11335,0.6130180000000001
mp-1136,0.583399
mp-1138,11.19298625
mp-11390,0.60793705
mp-1143,7.639919000000001
mp-11520,0.482216
mp-1153,4.43259282
mp-11583,1.459268
mp-11607,5.474101
mp-11654,5.726528
mp-11658,0.058669
mp-11659,4.1566980000000004
mp-11660,2.114367
mp-11661,1.6301109999999999
mp-11674,2.686393
mp-1170,2.25563044
mp-11713,2.799897
mp-11714,2.637483
mp-11715,5.146754
mp-11718,7.28002463
mp-11719,1.506044
mp-11725,7.9709639999999995
mp-11737,6.42822
mp-11739,2.18658754
mp-1175,2.095441
mp-11770,0.830014
mp-118,4.515514
mp-11824,1.651241
mp-1186,1.97934
mp-11869,0.6215062
mp-11875,8.145229
mp-1190,2.15766965
mp-11902,2.134868
mp-11917,5.381137
mp-11918,3.640923
mp-11919,2.960902
mp-1201,0.39777792
mp-12015,1.662865
mp-12087,0.47495299999999996
mp-12177,2.6013870000000003
mp-12181,2.241156
mp-1222,1.221346
mp-1224,2.3587730000000002
mp-12262,8.332812
mp-12263,3.970865
mp-12277,0.07505200000000001
mp-12309,8.961905999999999
mp-12324,1.31302
mp-12368,3.5988610000000003
mp-12385,4.9928230000000005
mp-1239,0.669482
mp-12411,0.5125315100000001
mp-12417,0.271583
mp-12418,0.968502
mp-12427,5.661697
mp-1243,3.7010300000000003
mp-12442,3.945153
mp-12444,2.907597
mp-1247,0.972135
mp-1249,8.985445
mp-12509,2.043004
mp-12515,0.76112
mp-12525,2.9844790000000003
mp-1253,2.84514581
mp-12532,2.318448
mp-12557,0.675095
mp-12626,9.257564
mp-12630,4.707770999999999
mp-12644,4.136477
mp-1265,6.30087423
mp-1266,2.843257
mp-12673,4.271801
mp-12725,2.572988
mp-12743,0.099463
mp-12779,1.2921430100000002
mp-12814,1.4634070000000001
mp-12829,8.348858
mp-1285,1.88733
mp-12866,2.694883
mp-12867,2.668729
mp-1287,2.549397
mp-1288,0.79904
mp-12883,4.440197
mp-12885,4.516741
mp-12894,4.424503
mp-12903,1.704601
mp-12908,1.878594
mp-12924,3.553677
mp-12927,2.230347
mp-12957,2.182863
mp-12958,4.815049
mp-12978,2.22157
mp-12979,0.696421
mp-13002,9.271241
mp-13024,7.07245717
mp-13031,3.45203232
mp-13032,4.4190666400000005
mp-13033,3.18028675
mp-13055,5.005827
mp-13056,5.032165
mp-13060,5.422665
mp-13061,5.770808
mp-13068,5.047105
mp-13097,0.9405469999999999
mp-13099,3.06659377
mp-13108,5.382087
mp-13109,5.743132999999999
mp-13133,5.089914
mp-13146,2.3930640000000003
mp-13148,2.12432
mp-1315,3.98818089
mp-13151,7.362477999999999
mp-13161,0.256007
mp-1317,0.6241429999999999
mp-13178,4.501562
mp-13182,5.408792999999999
mp-13190,7.7663340000000005
mp-13274,3.611318
mp-13275,1.946999
mp-13276,2.115859
mp-13277,1.6399020000000002
mp-13287,2.139095
mp-13314,0.8587069999999999
mp-13334,2.409485
mp-13356,4.647479000000001
mp-1336,0.62351786
mp-13383,2.57941
mp-1340,1.690813
mp-1342,3.48133576
mp-13445,1.19386
mp-1345,1.049883
mp-13459,0.481979
mp-1346,2.849441
mp-13520,0.10073
mp-13541,6.2561230000000005
mp-13545,0.734679
mp-13548,2.480574
mp-13554,0.695926
mp-13589,4.93983
mp-13590,7.9101669999999995
mp-13596,7.950858
mp-13610,3.34499
mp-13630,8.574171
mp-13634,9.176409
mp-13658,5.114667000000001
mp-1367,0.62786968
mp-13676,1.89724
mp-13682,1.5512009999999998
mp-137,0.67811
mp-13703,4.9741
mp-13725,7.76169436
mp-13743,3.855044
mp-13744,3.598557
mp-13798,5.069983
mp-13799,8.189226
mp-13800,5.0163
mp-13820,2.168136
mp-13841,0.987125
mp-13852,3.131615
mp-13853,0.7940849999999999
mp-13868,1.743665
mp-13898,7.210315
mp-13900,3.423771
mp-13903,5.724666
mp-13907,5.598434
mp-13922,0.345501
mp-13925,8.830037
mp-13926,8.379975
mp-1394,2.395705
mp-13946,8.824315
mp-13947,9.052135
mp-13948,9.120349000000001
mp-13954,7.930043
mp-1397,2.500753
mp-13983,3.44339
mp-13984,3.65794
mp-13985,3.8616729999999997
mp-13986,4.530553
mp-13995,2.173152
mp-14017,0.948585
mp-14018,0.593492
mp-14036,4.311933
mp-14037,3.7653170000000005
mp-14038,4.102175
mp-14039,4.150442
mp-1406,0.21901179999999998
mp-14069,5.796324
mp-14070,4.840091
mp-14088,4.228814
mp-14100,2.475719
mp-14105,3.0921160000000003
mp-14128,8.794089000000001
mp-1413,1.073571
mp-14142,4.819306
mp-1415,3.1083312
mp-14168,8.002413
mp-14175,4.419211
mp-14205,2.173056
mp-14206,1.836554
mp-14222,3.107176
mp-14285,0.817205
mp-14305,2.122043
mp-14307,2.6555
mp-14334,4.284901
mp-1434,1.79489805
mp-1439,4.1395360000000005
mp-14398,5.193893
mp-14411,4.218101
mp-14433,3.5536920000000003
mp-14434,3.314917
mp-14435,2.603744
mp-14437,5.127345
mp-14445,0.244855
mp-14447,3.116893
mp-14448,1.9001579999999998
mp-14466,0.08613399999999999
mp-1455,1.1266530000000001
mp-14623,0.830613
mp-14624,1.1028159999999998
mp-14628,2.7199459999999998
mp-14726,4.699800000000001
mp-14763,1.425616
mp-1479,2.053402
mp-14791,0.7474810000000001
mp-14796,1.580619
mp-14797,1.647978
mp-149,1.20639476
mp-1492,0.690644
mp-14928,1.383971
mp-14951,3.997854
mp-14983,2.2867059999999997
mp-1500,3.07451
mp-15056,0.9022910000000001
mp-15074,0.47295200000000004
mp-15141,8.149616
mp-1519,2.53514394
mp-15208,0.454446
mp-1522,2.023654
mp-15252,0.959536
mp-15349,5.333577
mp-1536,1.3336949999999999
mp-154,9.96459099
mp-1541,3.6381032700000002
mp-1550,2.358316
mp-1554,0.9851570000000001
mp-15567,3.3313800000000002
mp-15571,2.929622
mp-15622,1.028354
mp-15637,0.274605
mp-15638,1.124562
mp-15639,0.75308
mp-15641,0.46548
mp-15642,0.35086700000000004
mp-15643,0.532902
mp-15649,1.3844400000000001
mp-1565,4.8727148399999995
mp-15661,0.9829939999999999
mp-15668,1.3557830000000002
mp-15684,1.767627
mp-15685,1.439435
mp-15687,0.7885168300000001
mp-1569,1.9522410000000001
mp-1572,1.775712
mp-1575,3.350142
mp-15776,2.106867
mp-15781,3.285735
mp-15788,2.884542
mp-15794,2.3479609999999997
mp-15803,2.168888
mp-1581,4.782090999999999
mp-1582,5.350602
mp-15844,5.467984
mp-1588,2.997387
mp-15896,1.140622
mp-1591,2.163932
mp-15939,6.020972
mp-15951,10.188844
mp-15953,0.816454
mp-15954,0.562837
mp-15973,0.923856
mp-1598,1.039783
mp-160,2.069607
mp-16031,0.909319
mp-16180,4.286882
mp-16220,1.088601
mp-16236,1.2973590000000002
mp-16252,0.715292
mp-16253,0.612484
mp-16254,0.095331
mp-16263,0.131054
mp-16264,1.494181
mp-16307,1.4149500000000002
mp-16319,0.557061
mp-16321,0.535647
mp-1634,1.8472659999999999
mp-16364,0.45929522
mp-1639,6.09524778
mp-165,1.007328
mp-16577,9.449939
mp-16613,1.521304
mp-1672,3.455387
mp-16726,0.157995
mp-16742,2.407819
mp-16763,2.214371
mp-16764,2.286209
mp-1683,1.11253
mp-1707,4.975617
mp-17207,2.5184029999999997
mp-1746,8.97804
mp-1747,2.8434718
mp-1771,4.293374
mp-1784,6.983200249999999
mp-1794,10.33425087
mp-1818,9.706711
mp-1821,1.917704
mp-1836,0.712735
mp-1848,0.727636
mp-18591,5.6830072099999995
mp-1864,0.247807
mp-18640,4.30490846
mp-18673,5.55691645
mp-18721,4.474342999999999
mp-18726,2.817583
mp-1873,5.6869250000000005
mp-18730,2.962264
mp-18733,5.068873
mp-1874,0.31441919
mp-18740,3.8352509999999995
mp-18741,4.278924
mp-18748,0.485387
mp-18749,3.911524
mp-18750,1.8088739999999999
mp-18753,5.171026
mp-18757,4.425003
mp-18761,2.61922
mp-18764,4.264317
mp-18766,3.84462
mp-18767,2.19422
mp-18770,2.511529
mp-18771,2.280455
mp-18772,3.300054
mp-18775,3.100082
mp-18779,4.160211
mp-18780,5.9174690000000005
mp-18781,3.4583749999999998
mp-18782,1.750097
mp-18788,2.2518719999999997
mp-18793,4.132604000000001
mp-18798,1.076231
mp-1880,5.389639
mp-18803,6.305127
mp-18807,3.6261539999999997
mp-18809,3.211149
mp-18814,4.884755
mp-18817,3.46852
mp-18819,4.09777
mp-18828,1.4631750000000001
mp-18829,3.387092
mp-18834,4.955937
mp-18835,2.79141498
mp-18837,4.91869
mp-18840,2.232485
mp-18841,2.663876
mp-18848,4.139966
mp-18852,5.626274
mp-18860,3.514681
mp-18864,5.814659000000001
mp-18868,3.380731
mp-18875,4.605111
mp-18878,3.579614
mp-18879,2.311189
mp-18884,2.918079
mp-189,0.73331
mp-18901,2.562205
mp-18903,4.4854020000000006
mp-18906,3.13425302
mp-18908,2.98029
mp-18909,4.221513509999999
mp-18912,2.302404
mp-18914,5.6232050000000005
mp-18915,3.87136296
mp-18918,4.29239
mp-18937,1.1342029999999999
mp-18938,4.373569
mp-18939,5.368479
mp-18940,2.893275
mp-18946,2.64704
mp-18949,2.5585199999999997
mp-18950,2.878711
mp-18953,3.466438
mp-18957,2.618789
mp-18962,3.263877
mp-18966,2.139552
mp-18971,1.073489
mp-18977,4.119634
mp-18981,4.148886
mp-18986,4.154911
mp-18988,3.3747209999999996
mp-18992,1.683479
mp-18997,4.98247012
mp-19,0.70921444
mp-19000,2.962968
mp-19019,2.612554
mp-19021,3.49367999
mp-19022,1.72878
mp-19027,2.082639
mp-19029,0.875548
mp-19039,3.5259270000000003
mp-19044,2.6754759999999997
mp-19048,6.022002
mp-19073,2.375494
mp-19078,4.313631
mp-19082,3.571827
mp-19085,2.750365
mp-19090,3.115245
mp-19092,2.79808
mp-19094,1.732446
mp-19097,2.648351
mp-19098,4.22039
mp-19107,3.083857
mp-19120,3.663098
mp-19125,3.054337
mp-19131,3.80345
mp-19137,4.740342
mp-19142,2.098485
mp-19143,3.120189
mp-19147,3.9912289999999997
mp-19148,1.3995250000000001
mp-19156,3.0236609999999997
mp-19157,0.635127
mp-19163,5.722458
mp-19174,3.470147
mp-19175,2.722165
mp-19182,4.197674
mp-19184,1.87619299
mp-19188,2.995074
mp-19189,4.212648
mp-19198,4.098097
mp-19202,3.9162660000000002
mp-19212,5.669864
mp-19213,0.6577740000000001
mp-1922,1.142039
mp-19225,2.084389
mp-19227,0.351885
mp-19230,4.373527
mp-19251,4.265614
mp-19260,4.834656
mp-19262,3.460484
mp-19270,2.1493670000000002
mp-19277,3.1277929999999996
mp-19279,3.703741
mp-19280,2.716428
mp-19282,4.3426670000000005
mp-19285,2.733139
mp-19290,2.341123
mp-19292,3.009162
mp-19299,3.622432
mp-19302,5.085691
mp-19308,4.200277
mp-19311,2.8818960000000002
mp-19313,2.388127
mp-19318,3.4149890000000003
mp-19326,2.246757
mp-19329,3.97848976
mp-19330,4.634125
mp-19331,2.455501
mp-19335,2.721357
mp-19341,4.3017129999999995
mp-19344,2.508988
mp-19352,5.106153
mp-19357,3.200916
mp-19359,2.621159
mp-19362,2.9136580000000003
mp-19363,3.490025
mp-19365,5.113999
mp-19376,3.089594
mp-19378,2.614172
mp-19380,2.5475149999999998
mp-19383,4.230711400000001
mp-19384,3.5245990000000003
mp-19386,4.972182
mp-19387,4.202434
mp-19388,3.9902880000000005
mp-19394,0.00272
mp-19395,2.5705639999999996
mp-19399,3.529097
mp-19400,3.984592
mp-19403,3.273646
mp-19406,3.481529
mp-19407,2.9712250000000004
mp-19409,2.702658
mp-19410,3.6966599999999996
mp-19417,2.079889
mp-19418,2.8789949999999997
mp-19419,2.1935729999999998
mp-19420,4.299391
mp-19426,5.3733260000000005
mp-1943,1.776142
mp-19435,2.263462
mp-19438,2.642896
mp-19442,2.38793
mp-19443,1.697462
mp-19448,2.479269
mp-19449,4.360002
mp-19450,4.940898
mp-19455,2.087625
mp-1950,2.567921
mp-1958,2.6923414500000002
mp-1960,6.58367191
mp-1968,5.436831
mp-19717,1.1264639900000002
mp-19723,0.591142
mp-19727,2.2850070000000002
mp-19734,4.562067
mp-19795,2.076489
mp-19799,4.425961
mp-19803,1.983181
mp-1981,0.421631
mp-19845,2.9621869999999997
mp-1985,4.841273
mp-1986,2.069484
mp-19913,1.6839439999999999
mp-19956,2.9077260000000003
mp-20012,0.1267283
mp-20042,0.893987
mp-20066,8.148735
mp-20067,1.227998
mp-20072,3.983148
mp-2008,1.096374
mp-20088,2.498392
mp-20134,6.79032225
mp-20162,0.676685
mp-20210,2.6025530000000003
mp-20273,0.806943
mp-20282,4.327808
mp-20289,2.511748
mp-2030,1.643238
mp-23141,6.54926066
mp-23153,1.714416
mp-23156,20.26521478
mp-23158,20.130889890000002
mp-23164,1.30781519
mp-23170,2.4120519999999996
mp-23173,3.337389
mp-23185,4.422509
mp-23189,3.912381
mp-2319,1.4339
mp-23192,2.234501
mp-23195,2.59920234
mp-23197,2.5525961
mp-23205,4.77486231
mp-23209,6.483313890000001
mp-23210,7.04159473
mp-23218,3.040146
mp-23229,1.501238
mp-23231,2.02991683
mp-23251,5.5075692599999995
mp-23259,6.09059829
mp-23260,4.619377999999999
mp-23262,3.0912189999999997
mp-23263,4.56815
mp-23264,0.390399
mp-23268,4.63839611
mp-23281,2.685556
mp-23289,6.2053805099999995
mp-23292,3.607982
mp-23297,3.867298
mp-23299,6.05934832
mp-23301,5.211019
mp-23302,4.33302429
mp-23303,5.0246993799999995
mp-23306,0.814352
mp-23317,4.151391
mp-23324,2.5839090000000002
mp-23349,4.895687000000001
mp-23353,1.7798239999999999
mp-23360,4.520074
mp-23376,3.120892
mp-2340,3.6851380000000002
mp-23407,3.833033
mp-2341,2.284911
mp-23411,2.5916
mp-23431,3.444889
mp-23435,0.32954300000000003
mp-23450,4.280814
mp-23482,0.126327
mp-23514,2.417652
mp-2352,3.268466
mp-23562,4.194434
mp-23582,2.474815
mp-23664,5.765345999999999
mp-23667,6.8274649499999995
mp-23675,5.430322
mp-23680,4.316041
mp-23684,6.784066
mp-23697,2.804202
mp-23709,5.846019
mp-2371,1.55251415
mp-23710,5.0326889999999995
mp-23711,4.768359
mp-23712,2.922015
mp-23713,4.099146
mp-23714,4.1827820000000004
mp-23715,3.84998
mp-23719,4.362671
mp-23724,6.650649
mp-23729,1.85158
mp-23736,5.164114
mp-23737,3.520786
mp-23751,3.661905
mp-23758,7.6294640000000005
mp-23759,2.2019900000000003
mp-23764,5.929482999999999
mp-23778,7.690615
mp-23790,5.09542
mp-23791,7.518028
mp-23794,7.381098000000001
mp-23803,4.435434
mp-23804,3.826199
mp-23807,7.393687
mp-23818,3.167694
mp-23856,5.722016
mp-23862,3.9205669999999997
mp-23879,5.746028
mp-23918,5.695292
mp-23933,3.2747789999999997
mp-23934,6.8712773600000006
mp-23940,4.455425
mp-23945,4.457967
mp-23949,4.4386969999999994
mp-2395,0.075117
mp-23950,5.994235
mp-23966,5.258914
mp-23980,5.515022999999999
mp-24,3.8030409300000003
mp-2400,2.311316
mp-24001,5.7446937899999995
mp-24007,4.726732
mp-24030,5.876344
mp-24064,6.239307
mp-24076,5.42157
mp-24084,4.464731469999999
mp-24090,4.830621
mp-24113,7.102969
mp-2416,9.78737
mp-2418,1.274697
mp-24230,6.401955
mp-24263,6.854056890000001
mp-24292,3.5216519999999996
mp-24338,1.2287640000000002
mp-24341,4.3816749999999995
mp-24361,7.47008647
mp-24390,7.24542437
mp-24409,4.882956999999999
mp-24419,2.7923780000000002
mp-24423,4.937221
mp-24424,4.217978
mp-24428,3.369328
mp-24433,5.621099
mp-24473,6.964444049999999
mp-24504,10.938934
mp-2455,1.300456
mp-24589,4.979514
mp-24591,5.702686
mp-24610,7.27545631
mp-24657,6.67860226
mp-2472,4.86849856
mp-24721,3.88923889
mp-2480,0.40780099999999997
mp-24809,1.5421109999999998
mp-2482,2.72339906
mp-2488,1.1516000000000002
mp-2490,2.27876965
mp-25,9.95311718
mp-25053,2.9431469999999997
mp-2511,5.540461
mp-2513,0.43990999999999997
mp-2517,0.6979960000000001
mp-252,2.98439052
mp-25262,3.231246
mp-2530,3.447886
mp-25301,5.127402
mp-25317,1.2969140000000001
mp-2534,0.6344543300000001
mp-25380,0.12199650000000001
mp-25405,0.60373705
mp-2542,9.309849
mp-25433,3.9930166
mp-25436,4.05096215
mp-2552,2.257641
mp-25542,2.267479
mp-25587,0.770112
mp-256,0.503283
mp-2574,5.5850409999999995
mp-2576,0.788716
mp-2589,6.04121
mp-25929,4.89226033
mp-2600,1.60002621
mp-2604,1.9159039999999998
mp-2605,5.2909630000000005
mp-2612,0.586418
mp-2632,2.710605
mp-2633,1.976237
mp-26446,0.032697359999999995
mp-2653,6.83115472
mp-2657,3.333216
mp-2659,4.87243521
mp-26695,4.04545408
mp-267,1.138822
mp-2672,3.7928420000000003
mp-2682,0.337999
mp-26835,5.17907801
mp-2695,0.845467
mp-27018,3.5338623
mp-27138,2.5003409999999997
mp-2715,0.45791800000000005
mp-27173,2.1009349999999998
mp-27175,2.443556
mp-27178,2.630099
mp-27193,3.9091899999999997
mp-27226,0.843828
mp-27227,1.7538909999999999
mp-27230,5.772589999999999
mp-27243,2.80679
mp-27255,2.215926
mp-27257,4.432835
mp-27281,6.3164679999999995
mp-27300,1.3381180000000001
mp-27303,1.689024
mp-27311,4.465251
mp-27315,6.935463
mp-27330,0.62063
mp-27337,3.680972
mp-27370,1.1733609999999999
mp-2739,3.02341
mp-27404,4.71593401
mp-2741,9.09094359
mp-27419,4.231279
mp-27420,4.400116
mp-27421,4.4045890000000005
mp-27422,4.517306
mp-27438,0.739376
mp-27453,4.907704000000001
mp-27456,5.4549710000000005
mp-27462,3.793061
mp-27480,3.5615259999999997
mp-27508,3.142736
mp-27529,3.2662699999999996
mp-27544,3.043868
mp-27546,6.016457
mp-27549,1.330679
mp-27563,2.5609859999999998
mp-27566,0.687279
mp-27577,1.222031
mp-27608,2.852936
mp-27635,0.858501
mp-27636,1.0237340000000001
mp-27639,2.383048
mp-27641,3.2774650000000003
mp-27684,1.707309
mp-27689,5.128036
mp-27725,3.101495
mp-27726,4.416281
mp-27741,1.5896050000000002
mp-27747,1.868509
mp-27782,4.572665
mp-27801,2.29533
mp-27814,3.629779
mp-27816,0.164923
mp-27819,0.084821
mp-27821,1.490675
mp-27838,0.344394
mp-2784,2.82401495
mp-27848,0.627661
mp-27852,2.6088060000000004
mp-27853,2.42385
mp-27864,6.821222000000001
mp-27888,5.532618
mp-2789,4.385934
mp-27891,1.189361
mp-27910,0.9879720000000001
mp-27916,0.738123
mp-27922,2.810701
mp-27962,2.225586
mp-27987,4.929240999999999
mp-28011,1.311198
mp-28072,5.67506401
mp-28077,3.599968
mp-28099,3.3247370000000003
mp-28109,4.657482
mp-28110,1.398793
mp-28111,1.220828
mp-28118,2.9537109999999998
mp-2815,1.9460309999999998
mp-28150,3.98942
mp-28153,3.477344
mp-28222,2.317967
mp-28223,2.145155
mp-28247,1.6932399999999999
mp-28248,3.336462
mp-28266,1.2857020000000001
mp-28270,2.99704
mp-28295,4.221143
mp-28302,1.429733
mp-28304,1.7225929999999998
mp-28317,0.457064
mp-28319,2.309022
mp-28324,1.1817119999999999
mp-28339,0.19030999999999998
mp-28383,3.5207490000000004
mp-28395,3.277464
mp-28431,1.254064
mp-28439,8.207181
mp-28447,0.450127
mp-28453,1.104319
mp-28460,2.716373
mp-28483,1.816382
mp-28487,0.496201
mp-28490,1.662182
mp-28505,2.38452
mp-2852,4.449858
mp-28545,3.5826830000000003
mp-28553,3.393509
mp-28554,2.287719
mp-28567,5.9883440000000006
mp-2857,0.93669572
mp-28571,0.7164200000000001
mp-28577,5.0315069999999995
mp-2858,5.133455
mp-28591,1.5270890000000001
mp-28593,5.769477999999999
mp-28595,2.8845669999999997
mp-28603,3.353298
mp-28670,2.961365
mp-28691,0.734581
mp-28712,2.62366
mp-2874,4.1350940000000005
mp-28760,3.147707
mp-28766,2.192832
mp-28768,2.278049
mp-2878,7.63686283
mp-28793,2.425525
mp-28796,2.978859
mp-28797,2.3336098400000003
mp-28810,2.262292
mp-2885,1.0172080000000001
mp-28862,0.606604
mp-28863,0.442345
mp-28864,0.588238
mp-28872,5.36616
mp-28873,5.525572
mp-28879,1.886066
mp-28899,1.3515670000000002
mp-30943,2.963191
mp-30946,2.3114
mp-30953,4.275378
mp-30965,2.4302140000000003
mp-3098,3.528843
mp-30988,2.680378
mp-30996,2.4433
mp-31002,0.8517889999999999
mp-31036,1.556149
mp-3104,2.013593
mp-31053,2.141385
mp-3107,4.615384
mp-31076,2.618031
mp-31145,0.263173
mp-31149,1.384989
mp-31220,1.998409
mp-3123,1.83934
mp-31235,0.9302619999999999
mp-31322,0.604541
mp-3143,6.672296
mp-31454,1.27505646
mp-31468,2.30645
mp-315,5.60582208
mp-3161,0.536987
mp-31624,3.757745
mp-31628,0.645939
mp-3165,0.689808
mp-31665,1.36417349
mp-3188,1.7160289999999998
mp-31906,0.24789299999999997
mp-31931,4.03204992
mp-3205,6.1899310000000005
mp-3216,2.66763
mp-322,1.356125
mp-32311,4.610805
mp-32384,3.9721316800000004
mp-3247,2.274413
mp-32493,2.324947
mp-32554,0.394876
mp-32669,2.186774
mp-32684,5.723641
mp-3277,6.080689
mp-32868,0.97786
mp-3288,4.297089000000001
mp-32884,2.183426
mp-32887,0.12364051000000001
mp-3291,0.070707
mp-32959,7.185714
mp-33056,0.186731
mp-3307,5.694153
mp-3312,1.7022190000000001
mp-3315,0.10802900000000001
mp-3319,2.863993
mp-3323,4.778679
mp-33297,4.288184
mp-33300,0.804977
mp-33332,0.040484
mp-33333,0.148074
mp-3336,4.674165
mp-33363,3.041305
mp-3338,4.039955
mp-33406,2.4657400000000003
mp-33432,2.423026
mp-3345,0.711805
mp-3348,0.41614300000000004
mp-33526,1.132724
mp-33546,0.568417
mp-33569,2.549792
mp-33588,2.673391
mp-33615,2.9280749999999998
mp-33618,0.148677
mp-33631,3.18731
mp-33723,2.31804992
mp-33746,5.82823
mp-33775,2.1599310000000003
mp-33816,1.7867479999999998
mp-3382,5.562392
mp-33880,0.8660049999999999
mp-33940,2.519481
mp-3395,4.9951430000000006
mp-33985,1.4420380000000002
mp-33997,3.527391
mp-34022,3.417319
mp-34036,3.00177
mp-34042,7.6947719999999995
mp-341,3.4058397
mp-34126,0.8841019999999999
mp-34139,0.606407
mp-34141,3.048103
mp-34169,1.5018340000000001
mp-34195,6.1314969999999995
mp-34202,0.6156889999999999
mp-34210,4.800636
mp-34240,0.36759922
mp-34260,4.951892
mp-3427,5.722428
mp-34293,3.3145160000000002
mp-3432,0.42908199999999996
mp-34326,3.2654579999999997
mp-34330,6.11552
mp-34381,4.908971
mp-3439,5.088551
mp-34418,5.193645
mp-3442,3.755631
mp-3443,2.775223
mp-34433,1.3002799999999999
mp-34460,2.6162349999999996
mp-34465,4.185611
mp-34467,2.779915
mp-3448,9.121781
mp-34489,1.096666
mp-3451,0.701334
mp-34563,0.471017
mp-34579,7.99164
mp-34656,7.597963
mp-34663,0.5739080000000001
mp-3468,4.893016
mp-34688,3.555411
mp-34730,2.5524709999999997
mp-34783,0.59114
mp-3481,0.637532
mp-3486,0.7057370000000001
mp-3487,7.1974979999999995
mp-34903,2.204503
mp-34932,3.4499977599999996
mp-35082,7.511732
mp-35152,1.35135
mp-35171,2.722627
mp-35185,2.6011390000000003
mp-3519,3.56332
mp-352,5.729341
mp-3521,9.793979
mp-35220,6.002469
mp-3525,0.41189600000000004
mp-35267,2.5880229999999997
mp-353,1.014284
mp-35308,4.2254539300000005
mp-35311,2.651193
mp-35320,1.325259
mp-3534,0.075795
mp-3536,6.781497
mp-35397,1.1738149999999998
mp-35421,2.977304
mp-35482,2.22874
mp-35493,1.008168
mp-35555,6.525932999999999
mp-35647,1.163584
mp-35659,2.352055
mp-35663,1.6022539999999998
mp-35683,2.451724
mp-35687,7.5179100000000005
mp-35695,3.762596
mp-35714,2.210982
mp-35746,3.176632
mp-35751,7.392258
mp-35759,5.379917
mp-35777,1.317059
mp-35785,2.042517
mp-35795,5.519099
mp-358,1.056642
mp-3589,9.17668757
mp-35907,1.75868
mp-36066,6.642962
mp-361,1.7974400400000001
mp-36111,2.28272455
mp-36194,2.942964
mp-36216,1.986621
mp-36225,8.065438
mp-36248,5.1050640000000005
mp-36262,4.209174
mp-3635,6.857411000000001
mp-3637,6.547062
mp-36381,1.922685
mp-36383,1.2092827800000001
mp-36395,2.4949529999999998
mp-3642,4.091891
mp-3647,3.864662
mp-36508,3.9591830000000003
mp-3653,2.21456
mp-36538,2.917747
mp-3654,8.291551
mp-36577,2.438122
mp-36582,4.271255699999999
mp-3666,5.306679
mp-36733,1.640145
mp-36751,0.633387
mp-3677,5.288506
mp-36843,0.213226
mp-36875,1.205194
mp-36890,2.93258
mp-36903,4.971414
mp-36915,1.892067
mp-36940,7.777934999999999
mp-36988,3.709917
mp-3700,9.823554
mp-37030,2.573577
mp-37036,2.4550710000000002
mp-37091,2.900606
mp-37153,3.4127650000000003
mp-3721,5.703886
mp-37216,3.417586
mp-3731,4.7709
mp-37399,5.095516
mp-37436,4.883686
mp-3744,2.157658
mp-37473,3.366451
mp-37478,2.4822040000000003
mp-3759,5.151464
mp-37614,4.38707
mp-3762,1.983551
mp-3771,5.239655
mp-37741,2.444107
mp-3779,0.94245
mp-37829,2.00167
mp-37836,6.707152000000001
mp-37879,2.483867
mp-37906,3.53555033
mp-37920,1.101775
mp-37947,4.2642489999999995
mp-37990,7.04234693
mp-37995,2.420947
mp-38017,1.395453
mp-38035,6.2829809999999995
mp-3807,2.0121729999999998
mp-3810,1.885176
mp-38117,1.937186
mp-38177,0.6467120000000001
mp-38194,7.351824
mp-3821,4.594893
mp-38220,4.991923
mp-38238,0.7548360000000001
mp-383,2.16087
mp-38307,6.256437
mp-38394,2.957489
mp-384,1.364393
mp-38487,3.145349
mp-3857,6.802391999999999
mp-38725,7.798689
mp-38951,3.470112
mp-38975,6.817369
mp-3904,4.665241
mp-39072,0.7696130000000001
mp-39091,0.49311499999999997
mp-39239,0.8564700000000001
mp-3924,2.323219
mp-39288,4.493511
mp-3930,1.872017
mp-3933,4.932976
mp-3941,9.342407
mp-39460,7.1119607
mp-3953,6.955636
mp-39536,7.3891860000000005
mp-39542,5.869486
mp-39681,3.8414800000000002
mp-3970,7.047157
mp-39770,6.08957214
mp-3980,6.664809999999999
mp-3988,0.557076
mp-39886,3.5157299999999996
mp-4002,8.759526000000001
mp-4009,1.3938190000000001
mp-40143,6.241404
mp-40161,6.918270880000001
mp-40189,4.653799
mp-402,2.175579
mp-40204,4.172658
mp-40251,4.784205999999999
mp-4026,2.29009164
mp-4043,2.193833
mp-406,1.2561774799999998
mp-4077,7.675549999999999
mp-40793,3.1284769999999997
mp-408,0.756499
mp-40802,3.36561
mp-4081,2.500168
mp-4083,0.167272
mp-409,1.951654
mp-41057,1.231004
mp-4120,0.7023269999999999
mp-4124,4.78863889
mp-41283,2.544461
mp-41414,2.5035629999999998
mp-415,1.24504
mp-4156,5.410508
mp-4165,3.199
mp-4170,3.694217
mp-41795,7.9720537
mp-4182,1.59725961
mp-4187,3.895164
mp-4190,4.238805
mp-41918,4.427141000000001
mp-4200,6.514115
mp-42022,6.005125
mp-42054,4.7095839999999995
mp-422,4.2770424799999995
mp-42227,5.369572
mp-4226,2.222724
mp-4233,0.5641579999999999
mp-4236,3.612828
mp-4247,0.132092
mp-4248,0.38673399999999997
mp-4249,4.218517
mp-4262,0.30417
mp-4264,4.407418000000001
mp-4266,6.981488000000001
mp-4280,2.34778909
mp-430,3.814424
mp-4338,1.9182260000000002
mp-4342,2.726423
mp-4343,0.382176
mp-4360,5.184394
mp-4385,4.179969
mp-4406,7.671567
mp-441,2.51956785
mp-4419,2.89457
mp-4431,1.9886500000000003
mp-4453,1.769396
mp-4474,0.509909
mp-4482,3.925996
mp-4495,3.350095
mp-4497,6.304095
mp-4515,1.707274
mp-452,0.32526
mp-4527,5.306983
mp-4531,4.942277
mp-4533,5.44708
mp-4551,5.377967
mp-4555,4.818963
mp-4558,5.823653999999999
mp-4559,6.022703
mp-4573,0.49748119999999996
mp-4578,3.256094
mp-4584,1.978455
mp-4590,4.388488
mp-4608,9.261880999999999
mp-4609,7.1843200000000005
mp-4624,5.11499
mp-4627,1.689684
mp-463,7.9053511
mp-4632,7.087645
mp-4638,0.35171606
mp-4651,3.330863
mp-4661,6.347179
mp-4662,6.466828
mp-4675,3.815002
mp-468,9.733888
mp-4690,5.227777
mp-4697,1.051944
mp-47,4.483277
mp-470,2.720783
mp-4747,4.003297
mp-476,2.8602930000000004
mp-4782,7.326726
mp-4798,0.716283
mp-4820,6.219136
mp-4824,1.559763
mp-4842,3.467807
mp-486,1.2222870000000001
mp-487,1.394042
mp-4888,4.657134
mp-4962,0.379706
mp-4964,0.8075949200000001
mp-5012,6.896147
mp-5014,1.2832489999999999
mp-502,2.830422
mp-5020,4.041240999999999
mp-5033,6.153612
mp-504151,1.13419449
mp-504498,0.374201
mp-504506,5.268129999999999
mp-504510,4.06701
mp-504535,2.9203900000000003
mp-504570,2.957775
mp-5046,8.65488
mp-504667,5.7362649999999995
mp-504723,4.006725
mp-504747,0.891473
mp-504748,4.4686299300000005
mp-504751,4.095863
mp-504818,2.878237
mp-504836,0.422244
mp-504864,2.513563
mp-540703,2.956943
mp-540783,4.769997
mp-540807,3.8387070000000003
mp-540813,3.8169139999999997
mp-540943,2.743488
mp-540957,2.004958
mp-541013,2.0306189999999997
mp-541037,2.242284
mp-541044,4.194076
mp-541226,5.190917
mp-541238,4.20403602
mp-541272,5.09440227
mp-541299,5.48725033
mp-541368,3.509181
mp-541449,0.822417
mp-541487,1.147632
mp-541582,1.679338
mp-541600,3.844432
mp-541667,1.907244
mp-541709,1.462835
mp-541772,1.35021
mp-541823,1.45606
mp-541899,3.847547
mp-541912,2.366482
mp-541989,4.208719
mp-542096,2.0794300000000003
mp-542112,4.772634
mp-542201,5.8965
mp-542461,2.44032
mp-5425,3.1896190000000004
mp-542605,2.2286989999999998
mp-542621,0.171844
mp-5427,7.113448999999999
mp-542724,5.062323999999999
mp-542769,4.088753
mp-542844,2.357688
mp-542919,5.51142916
mp-543024,1.411727
mp-543045,3.950366
mp-5431,3.8157289999999997
mp-5450,7.789015
mp-545346,4.139588
mp-545369,0.227687
mp-545379,0.49928
mp-545387,3.83648
mp-545487,4.261355
mp-545488,1.950349
mp-545512,4.432868
mp-545541,2.8229569999999997
mp-545603,1.928913
mp-545630,3.409314
mp-545719,6.346009
mp-545735,0.27377300000000004
mp-545756,5.879843
mp-545760,3.085687
mp-545820,1.053307
mp-545847,2.081284
mp-545974,6.79718542
mp-545999,1.344087
mp-546011,1.8444580000000002
mp-546079,6.900536
mp-5461,5.120501
mp-546125,5.256812
mp-546202,6.02327
mp-546279,4.712542
mp-546295,0.118076
mp-546320,3.182334
mp-546449,0.517553
mp-546546,7.012088
mp-546551,4.812184
mp-546643,3.2437519999999997
mp-546672,1.6738179999999998
mp-546707,3.516145
mp-546757,4.7984089
mp-546790,2.623127
mp-546794,7.117335
mp-5468,7.8476479999999995
mp-546810,4.267282
mp-546864,5.050518
mp-546920,3.754588
mp-546973,2.115451
mp-5470,2.462072
mp-547017,4.797026
mp-547029,3.61262
mp-547094,3.648
mp-5473,0.297932
mp-5475,2.3272220800000003
mp-547792,3.860135
mp-5479,8.899170999999999
mp-548403,7.607571999999999
mp-548658,5.891782
mp-548691,0.13722
mp-5489,5.860806
mp-549158,1.550932
mp-549207,5.614613
mp-549308,4.498093
mp-549389,7.849156
mp-549565,5.534479999999999
mp-549589,1.230134
mp-5496,2.342597
mp-549697,3.946098
mp-549706,4.854743
mp-549737,5.708571
mp-5498,0.362105
mp-549869,4.021863
mp-550008,1.2273049999999999
mp-550081,0.405837
mp-550172,2.057581
mp-550314,3.061293
mp-550320,6.62552
mp-550433,4.328288000000001
mp-550469,1.9455980000000002
mp-550474,5.229739
mp-550498,6.056975
mp-550514,1.705153
mp-550547,2.012992
mp-550579,3.3173380000000003
mp-550593,5.863073999999999
mp-550679,2.850607
mp-550685,4.546958
mp-550714,3.050318
mp-550751,5.847484
mp-550798,4.020106
mp-550805,2.030466
mp-550893,5.592768390000001
mp-550895,2.836797
mp-550925,5.155437
mp-551092,3.688356
mp-551203,4.501868
mp-551243,3.941319
mp-551267,1.623006
mp-551269,5.113414000000001
mp-5513,2.824222
mp-551437,2.26458
mp-551470,1.0709170000000001
mp-551561,3.4834259999999997
mp-551690,1.388999
mp-551736,3.837312
mp-551740,6.114743
mp-551741,5.416072
mp-551816,1.8619720000000002
mp-551835,4.312155
mp-551848,7.895101
mp-551886,3.625605
mp-551905,4.602264
mp-551918,3.8053909999999997
mp-552169,1.817749
mp-552185,3.590163
mp-552234,4.114425
mp-552454,2.201919
mp-552488,2.7685619999999997
mp-552537,3.9848540000000003
mp-552547,3.881694
mp-552552,2.703138
mp-552588,3.7043079999999997
mp-552604,1.669003
mp-552623,3.5593640000000004
mp-552663,5.190315
mp-552729,3.5920750000000004
mp-552941,3.575876
mp-552966,1.929997
mp-553025,3.6217629999999996
mp-553243,1.9962360000000001
mp-553248,2.855746
mp-553281,4.418965
mp-553342,7.415056
mp-553347,2.541541
mp-553374,3.566237
mp-553432,5.221668
mp-553875,1.9086789999999998
mp-553881,5.446736
mp-553896,3.4611110000000003
mp-553955,0.441174
mp-553961,4.899807
mp-553991,3.961652
mp-554002,6.771994
mp-554023,7.675063
mp-554051,7.585619
mp-554072,5.230869
mp-554089,7.174186000000001
mp-554109,1.4670239999999999
mp-554121,4.056803
mp-554134,2.351426
mp-554140,0.10511799999999999
mp-554151,7.187774
mp-554155,5.04347734
mp-554168,3.737262
mp-554218,4.44779243
mp-554236,7.06933285
mp-554252,5.242155
mp-554310,0.6987110000000001
mp-554311,2.495739
mp-554328,5.88849
mp-554337,0.889532
mp-554340,3.240871
mp-554355,7.41625842
mp-554396,5.864188
mp-554517,3.380429
mp-554560,7.25201007
mp-554573,7.057426
mp-554663,6.292265
mp-554669,5.055715
mp-554688,1.464884
mp-5547,6.8451249999999995
mp-554765,5.883263
mp-554769,1.73995
mp-554799,3.394145
mp-554867,1.5476779999999999
mp-554868,1.00826
mp-554883,6.694701
mp-554917,4.99928522
mp-554941,6.0037
mp-554948,5.4770509999999994
mp-554955,2.622063
mp-554959,4.797324
mp-555014,2.539501
mp-555018,3.454163
mp-555052,4.016806
mp-555064,4.991937
mp-555108,6.41447627
mp-555123,3.7892989999999998
mp-555147,7.010612
mp-555156,3.346489
mp-555166,1.245641
mp-555194,4.299728
mp-555212,2.635775
mp-555223,2.645881
mp-555231,5.11047371
mp-555234,4.575765
mp-555293,0.30322365
mp-555359,3.9151569999999998
mp-555396,6.66550876
mp-555477,2.2246639999999998
mp-555484,2.355787
mp-555552,6.751739
mp-555569,0.20236700000000002
mp-555580,6.1735283899999995
mp-555585,8.797739
mp-555608,6.677333
mp-555718,0.675699
mp-555731,4.475402
mp-555741,3.127482
mp-555760,3.481807
mp-555763,3.0853650000000004
mp-5558,5.096283
mp-555836,3.5276182900000004
mp-555850,3.477897
mp-555863,6.137638000000001
mp-555874,2.1020440000000002
mp-555891,6.752363
mp-555911,5.980499
mp-555934,2.957389
mp-555941,7.26031123
mp-556012,5.0162070000000005
mp-556034,8.164584000000001
mp-556111,2.481089
mp-556120,3.215561
mp-556145,4.776115
mp-556163,2.984757
mp-556185,5.195302
mp-556194,0.150504
mp-556225,2.0023239999999998
mp-556228,6.5435137999999995
mp-556242,7.73689
mp-556264,5.373906
mp-556275,4.862789
mp-556288,1.085806
mp-556376,4.493177
mp-556411,2.03932
mp-556424,3.4115140000000004
mp-556440,5.9556758
mp-556487,4.203336
mp-556506,1.9919069999999999
mp-556549,3.17808819
mp-556553,6.740613
mp-556565,2.556552
mp-556585,3.901161
mp-556588,5.869437
mp-556605,5.369616
mp-556646,3.542084
mp-556660,7.32066
mp-556662,7.124094
mp-556748,4.042838
mp-556767,4.6189350000000005
mp-556777,5.746736
mp-556786,4.93740361
mp-556788,6.581842
mp-556845,5.079592
mp-556859,2.367918
mp-556866,2.299539
mp-556880,6.598533
mp-556888,5.3327670000000005
mp-556916,1.969118
mp-556927,3.7105960000000002
mp-556953,2.905803
mp-556978,3.1090899999999997
mp-556985,7.145084000000001
mp-556994,6.953077
mp-557,3.022717
mp-557028,4.524814
mp-557032,1.506643
mp-557118,7.139997
mp-557133,4.332075
mp-557134,7.035073
mp-557136,0.220344
mp-557137,1.55586
mp-557142,4.143048
mp-557158,2.8652830000000002
mp-557244,6.9422809999999995
mp-557250,3.3701689999999997
mp-557257,3.019863
mp-557266,1.606137
mp-557296,0.784862
mp-557322,1.28384
mp-557328,3.953646
mp-557359,4.8733900000000006
mp-557376,3.221677
mp-557397,5.1129929999999995
mp-557426,2.574328
mp-557488,3.5160299999999998
mp-557519,2.7414690000000004
mp-557523,0.620246
mp-557559,3.557941
mp-557592,2.246493
mp-557597,3.79344
mp-557604,7.27214073
mp-557632,5.270268
mp-557653,5.983942
mp-557658,6.64921087
mp-557664,3.997173
mp-557685,1.8817320000000002
mp-557686,3.363252
mp-557719,2.492292
mp-557752,7.068699
mp-557753,5.57534993
mp-557837,7.157380999999999
mp-557861,3.680903
mp-557869,3.69297
mp-557920,5.2576148499999995
mp-557938,3.625223
mp-557964,3.494542
mp-558014,3.525529
mp-558050,2.915051
mp-558059,3.2136940000000003
mp-558078,5.12627
mp-558096,4.092111
mp-558110,0.73912911
mp-558111,5.159802
mp-558134,3.991033
mp-558170,5.11960564
mp-558189,1.6697950000000001
mp-558314,1.992348
mp-558332,3.199754
mp-558349,6.70181777
mp-558380,2.253753
mp-558382,7.865743
mp-558383,3.4976239999999996
mp-5584,0.159236
mp-558430,10.122796000000001
mp-558441,3.153927
mp-558585,3.3752938
mp-558625,5.88606203
mp-558632,6.663328999999999
mp-558636,6.538794
mp-558658,5.032317
mp-558674,5.125046
mp-558728,7.420604
mp-558749,4.070679
mp-558781,5.768883000000001
mp-5588,9.535475
mp-558836,5.681058999999999
mp-558838,3.9452740000000004
mp-558852,3.561613
mp-558864,2.57262
mp-558895,3.502169
mp-558979,2.7120640000000003
mp-558992,1.144335
mp-559043,3.1859650000000004
mp-559044,3.344122
mp-559067,3.404388
mp-559091,6.834223
mp-559092,8.625731
mp-559150,5.71650258
mp-559161,2.7155180000000003
mp-559200,1.739959
mp-559264,0.5432939999999999
mp-559278,3.042709
mp-559373,4.917885999999999
mp-5594,6.520300000000001
mp-559437,5.087986
mp-559470,1.1665990000000002
mp-559598,8.681377999999999
mp-559612,3.869122
mp-559633,0.838875
mp-559694,1.014317
mp-559695,5.995266
mp-559752,5.65718433
mp-559773,5.688125
mp-559808,5.02003906
mp-559931,2.41689
mp-559934,5.99077997
mp-560008,6.9532229999999995
mp-560023,4.609241
mp-560025,0.994908
mp-560030,8.205148999999999
mp-560037,6.1428460000000005
mp-560091,6.122673649999999
mp-560129,5.209814
mp-5602,0.281969
mp-560236,7.9747
mp-560244,6.70718509
mp-560262,0.7357549999999999
mp-560308,6.14248951
mp-560338,3.911392
mp-560387,6.444643
mp-560399,7.975463
mp-560459,5.95347488
mp-560460,4.151563
mp-560547,2.453676
mp-560558,3.121824
mp-560586,4.26177975
mp-5606,5.461059
mp-560607,1.806211
mp-560723,1.097011
mp-560767,5.333996
mp-560790,6.256837000000001
mp-560791,5.054195
mp-560806,0.383213
mp-560842,2.373656
mp-560851,6.198577
mp-560874,5.152701
mp-560882,4.768394000000001
mp-560894,7.90221948
mp-560902,3.632337
mp-560936,5.196905
mp-560956,5.315252
mp-561013,4.401829
mp-561017,0.47499800000000003
mp-561125,6.56532629
mp-561185,2.476789
mp-561203,4.230295
mp-561224,3.834484
mp-612,3.538506
mp-6126,3.5576350000000003
mp-6134,9.695774
mp-6138,4.936262
mp-617,3.06873786
mp-6179,6.792289
mp-6204,9.183315
mp-620404,3.119653
mp-6226,4.68248892
mp-6228,5.178719999999999
mp-624,3.452613
mp-6253,8.582953
mp-626012,3.916711
mp-6270,3.1244310000000004
mp-6304,2.277023
mp-6325,4.8420939999999995
mp-6332,5.156538
mp-634430,1.828522
mp-636813,1.768189
mp-6384,5.629971
mp-6425,5.53644037
mp-642725,5.3800419999999995
mp-643099,3.964316
mp-644203,4.286211
mp-645300,0.150172
mp-645330,2.546196
mp-6459,7.025157
mp-6473,7.366515789999999
mp-6474,4.094049
mp-648,3.45169862
mp-6492,4.880768
mp-6494,6.0109259999999995
mp-6498,1.037196
mp-6504,5.9110249999999995
mp-6514,4.155495999999999
mp-6521,3.954673
mp-655353,2.864703
mp-655489,2.474026
mp-6560,5.518165
mp-6586,8.997996
mp-6591,9.238441
mp-66,5.51701897
mp-661,5.5852074599999995
mp-6613,4.916361
mp-6615,3.389545
mp-6625,2.314572
mp-6628,4.0861979999999996
mp-665,1.150305
mp-6660,5.256477
mp-6685,0.52027
mp-6686,7.131120999999999
mp-669435,0.551546
mp-672389,0.205667
mp-674463,6.570711
mp-674849,3.036412
mp-675926,6.8804110000000005
mp-676,4.605931
mp-676437,1.56809
mp-676459,8.652854
mp-6782,4.332635
mp-6798,3.197723
mp-6799,3.253308
mp-6800,6.777913
mp-680731,1.138431
mp-682,8.299371279999999
mp-684617,1.428016
mp-684904,1.201073
mp-685146,1.345445
mp-685194,4.204224
mp-6858,7.026795
mp-685935,3.050779
mp-6867,5.775583
mp-6870,7.497899
mp-690,3.476349
mp-691,1.02795
mp-6913,1.75330934
mp-6929,4.991666
mp-6939,0.117981
mp-6948,3.538505
mp-6949,5.680056
mp-6951,4.8603570000000005
mp-6953,0.210934
mp-6954,0.086423
mp-695850,4.6494824
mp-696590,6.981801000000001
mp-697,1.648286
mp-6972,4.26655605
mp-6973,3.3490770000000003
mp-6977,4.645455
mp-6987,1.049842
mp-6989,5.192567
mp-7,3.63082005
mp-700,1.338205
mp-7008,1.326466
mp-7027,3.970928
mp-703295,4.81605
mp-7038,0.782943
mp-7041,3.64422481
mp-704227,0.48018136
mp-704645,1.000896
mp-705333,3.11181822
mp-705439,0.308161
mp-706269,0.034144
mp-706543,6.41826908
mp-7067,0.6588959999999999
mp-707190,2.433472
mp-7073,0.097894
mp-707727,5.433653
mp-7079,6.371825
mp-7084,0.852252
mp-7087,6.701359
mp-7089,2.026358
mp-7090,1.797676
mp-7094,3.843392
mp-7100,6.1128789999999995
mp-7104,8.886113
mp-7113,1.67943554
mp-7128,3.330355
mp-713,1.214108
mp-7139,4.467259
mp-7140,2.379597
mp-714904,0.8848070000000001
mp-714944,1.782946
mp-714960,1.1112790000000001
mp-715514,1.144519
mp-715574,1.443614
mp-717,10.236591
mp-7176,2.8661786200000003
mp-7191,1.2927400000000002
mp-7193,6.270034
mp-720260,0.09598000000000001
mp-7206,2.897615
mp-721442,1.1547470899999999
mp-7219,2.249599
mp-7223,1.5003929999999999
mp-722515,0.048526
mp-722860,6.22011
mp-7237,0.7137979999999999
mp-7249,4.184788
mp-7251,4.30548
mp-7257,6.134327000000001
mp-7275,0.21809499999999998
mp-7280,1.996309
mp-7288,3.207542
mp-7289,1.277957
mp-7297,7.2975840000000005
mp-730,1.682575
mp-7323,7.377347
mp-733610,6.658380999999999
mp-733929,5.53350952
mp-7352,0.6063149999999999
mp-7359,0.27508299999999997
mp-736,1.371439
mp-7374,3.016255
mp-7375,3.609862
mp-7385,6.828234999999999
mp-7390,1.454895
mp-7392,1.301012
mp-7394,1.5603989999999999
mp-741,5.011169
mp-7421,0.810794
mp-7429,0.438303
mp-743,5.35569
mp-7430,0.854795
mp-7431,0.308913
mp-7432,0.597513
mp-7433,1.2022650000000001
mp-7434,1.8158340000000002
mp-7435,1.23708
mp-743541,4.57700072
mp-7436,1.690629
mp-7437,1.536536
mp-7438,1.13188
mp-7439,2.233028
mp-7446,2.371074
mp-7447,1.489579
mp-7449,1.591027
mp-745173,0.23501639000000002
mp-7456,4.205374
mp-7457,3.311172
mp-7461,3.011387
mp-7462,2.404716
mp-7487,4.099245
mp-7492,6.073885
mp-7502,1.950571
mp-752413,5.493672
mp-752415,2.88365
mp-752446,4.903821000000001
mp-752467,3.63156
mp-752474,1.535277
mp-752483,0.269079
mp-752525,3.617001
mp-752537,5.010873999999999
mp-752539,2.6418299999999997
mp-752561,2.510509
mp-752580,2.673876
mp-752645,1.066662
mp-752648,3.464189
mp-752658,3.37961
mp-752675,9.174667
mp-752689,3.6384659999999998
mp-752699,1.012332
mp-752733,3.9893050000000003
mp-752734,0.8254760000000001
mp-752742,0.26997499999999997
mp-752753,2.491057
mp-752879,0.365603
mp-752881,0.1511
mp-752910,2.083199
mp-752922,7.1800239999999995
mp-752927,3.420537
mp-752942,0.648899
mp-753,0.6955279999999999
mp-753139,0.143541
mp-753160,4.275277
mp-753181,0.643621
mp-753209,0.590372
mp-753211,0.033211
mp-753257,1.2369919999999999
mp-753277,2.9720999999999997
mp-753304,0.50682838
mp-753315,4.820659
mp-753360,4.000856000000001
mp-753378,4.859376
mp-7534,1.712879
mp-753425,3.643899
mp-753459,2.7433810000000003
mp-753478,3.344534
mp-753508,1.967487
mp-753515,3.2242290000000002
mp-753519,0.37528053
mp-753524,0.522624
mp-753539,4.3118110000000005
mp-753575,4.600993
mp-753594,3.51836
mp-753605,2.233793
mp-753654,4.028145439999999
mp-753656,3.882473
mp-753661,3.794416
mp-753662,4.422955
mp-753663,4.9022440000000005
mp-753670,3.4869529999999997
mp-753671,6.59163
mp-753677,3.291492
mp-753691,0.517292
mp-753708,0.385909
mp-753709,4.156937
mp-753720,2.966508
mp-753747,3.696286
mp-753755,3.378089
mp-753798,3.549426
mp-753801,3.333386
mp-753802,5.316914000000001
mp-753809,4.934918
mp-753815,4.311528
mp-753826,2.472768
mp-753832,1.213228
mp-753842,1.297051
mp-753846,3.636254
mp-753939,4.70755882
mp-753947,5.794831
mp-753983,1.132377
mp-753990,7.939529
mp-754005,5.218945
mp-754009,3.9790159999999997
mp-754010,1.257698
mp-754021,4.282302
mp-754038,3.286065
mp-754047,3.4312319999999996
mp-754060,3.087902
mp-754065,1.4230939999999999
mp-754071,0.5651930000000001
mp-754086,0.398239
mp-754114,5.233083000000001
mp-754117,6.305943
mp-754118,4.760739
mp-754134,5.24608
mp-754144,3.912972
mp-754146,3.276286
mp-754152,3.373512
mp-754157,3.4979
mp-754165,4.1839260000000005
mp-754171,2.3731299999999997
mp-754196,4.865576
mp-754198,3.3616710000000003
mp-754199,4.023373
mp-754211,4.9159880000000005
mp-754212,5.123001
mp-754236,5.262441
mp-754246,2.110693
mp-754250,4.975378999999999
mp-754262,3.399122
mp-754272,2.798752
mp-754311,5.5605009999999995
mp-754326,1.997461
mp-754329,2.171325
mp-754333,0.293742
mp-754345,3.8716269999999997
mp-754352,2.580841
mp-754358,3.5698939999999997
mp-754381,1.616097
mp-754382,19.00757295
mp-754384,1.6249479999999998
mp-754401,5.802333
mp-754435,6.64996
mp-754455,5.793244
mp-754466,3.728285
mp-754478,5.075751
mp-754494,4.274378
mp-754505,1.844205
mp-754517,5.039276
mp-754519,2.794544
mp-754535,4.019926
mp-754540,3.6024969999999996
mp-754587,4.663831999999999
mp-754596,3.767848
mp-754604,7.91529679
mp-754610,4.10389
mp-754614,4.795995
mp-754624,7.40642
mp-754628,1.6423329999999998
mp-754629,1.953028
mp-754638,2.915194
mp-754663,5.968434
mp-754668,4.890002
mp-754672,4.6870199999999995
mp-754674,0.945363
mp-754698,0.19931
mp-754701,5.320967
mp-754710,4.838033
mp-754741,5.0254270000000005
mp-754745,3.705539
mp-754759,5.951974
mp-754779,0.007367
mp-754781,2.804323
mp-7548,1.9109859999999999
mp-754812,5.7565290000000005
mp-754815,5.19568
mp-754840,4.017742
mp-754844,0.110266
mp-754845,1.7892640000000002
mp-754850,0.322893
mp-754954,0.5738669999999999
mp-754978,0.940257
mp-755003,3.944662
mp-755004,3.1013599999999997
mp-755013,5.345178000000001
mp-755032,1.304459
mp-755053,2.582888
mp-755056,3.3876290000000004
mp-755060,1.232195
mp-755071,1.815667
mp-755072,2.331984
mp-755082,5.475272
mp-755089,5.663422
mp-755127,0.260496
mp-755132,4.163819
mp-755144,4.405339
mp-755198,2.876568
mp-755210,3.195378
mp-755225,6.47772
mp-755239,1.671312
mp-755243,3.631258
mp-755256,4.208073000000001
mp-755266,3.444151
mp-755287,3.787636
mp-755293,1.8004419999999999
mp-755309,3.761742
mp-755313,5.958373
mp-755318,5.360912
mp-755333,1.7759903499999998
mp-755342,3.578652
mp-755350,3.4885669999999998
mp-755352,6.1927319999999995
mp-755358,4.964974
mp-755373,4.637205
mp-755378,1.572135
mp-755382,3.176084
mp-755392,4.98109136
mp-755413,2.295648
mp-755421,5.892739
mp-755459,1.3551279999999999
mp-755463,2.698202
mp-755478,1.4534289999999999
mp-755480,2.414682
mp-755487,0.465129
mp-755505,5.65105
mp-755541,3.473833
mp-755552,1.276167
mp-755556,3.7681389999999997
mp-755558,4.632709
mp-755559,4.900827
mp-755568,4.015957
mp-755573,2.772863
mp-755585,0.26412
mp-755598,0.8974010000000001
mp-755610,3.525488
mp-755634,2.4947039999999996
mp-755643,3.148651
mp-755703,2.9014100000000003
mp-755705,3.394474
mp-755738,2.825685
mp-755759,4.818931
mp-755769,5.778997
mp-755789,4.38204
mp-755794,3.143721
mp-755796,1.2027700000000001
mp-755834,0.26492
mp-755856,4.061169
mp-755894,6.982647
mp-755902,5.306454
mp-755988,2.1210050000000003
mp-755999,4.416052
mp-7560,6.654675
mp-756018,4.506825
mp-756084,2.842138
mp-756134,1.332443
mp-756156,4.916313000000001
mp-756168,3.9930939999999997
mp-756182,4.595284
mp-7562,3.105277
mp-756214,6.669536
mp-756245,3.2722659999999997
mp-756293,5.757568999999999
mp-756294,5.437150000000001
mp-756297,2.3293730000000004
mp-756334,3.2480279999999997
mp-756354,4.391893
mp-756361,2.952392
mp-756426,1.145978
mp-756436,1.968711
mp-756437,4.377946
mp-756439,4.061234
mp-756468,4.679755
mp-756477,3.147158
mp-756505,3.969322
mp-756509,3.922285
mp-756560,4.1120090000000005
mp-756570,2.2364650000000004
mp-756580,4.19346
mp-756597,6.458635999999999
mp-7566,3.799576
mp-756646,4.486555
mp-756654,3.696496
mp-756795,0.440778
mp-7569,6.954934
mp-756951,3.665837
mp-757,1.218639
mp-757042,3.98314174
mp-757070,4.182477
mp-757074,5.173712
mp-757098,0.185763
mp-757173,4.013942
mp-757176,8.003909
mp-7572,7.335153
mp-757282,3.49020949
mp-757470,6.89677395
mp-757490,4.4380944499999995
mp-7575,1.8558126300000002
mp-757583,0.715049
mp-757758,4.05982745
mp-757826,4.556236
mp-757872,1.4147669999999999
mp-7580,2.997382
mp-758002,1.3159166900000001
mp-7582,3.1536860000000004
mp-7583,3.985316
mp-766325,4.467745
mp-766486,0.975729
mp-766543,0.416997
mp-766548,4.164111
mp-7667,2.3414859999999997
mp-766823,0.325643
mp-7670,1.403278
mp-767194,3.8301279999999998
mp-767363,1.562069
mp-767409,1.528533
mp-767644,1.546492
mp-767769,3.0300659999999997
mp-768068,0.57064
mp-768221,3.862693
mp-768229,1.220822
mp-768231,5.667485
mp-768240,9.224586
mp-768307,5.833938
mp-768310,3.813539
mp-768358,3.410108
mp-7684,1.378763
mp-768479,4.8470379999999995
mp-768537,2.750653
mp-768907,4.585872
mp-769365,3.8106359999999997
mp-769466,5.493594
mp-769557,1.6060530000000002
mp-769558,1.012972
mp-769630,4.43981
mp-769702,1.4777520000000002
mp-769922,1.2058019999999998
mp-7700,0.457401
mp-770107,0.553304
mp-770118,3.789601
mp-770192,1.282886
mp-770399,4.0213470000000004
mp-770405,4.0990590000000005
mp-770456,4.043483
mp-770618,3.379875
mp-770649,4.393036
mp-770662,0.704232
mp-770690,1.5154610000000002
mp-770700,4.507073999999999
mp-770727,3.450089
mp-770839,4.38589
mp-770840,1.9965259999999998
mp-7709,5.8278870000000005
mp-770932,3.815768
mp-770997,5.888666
mp-771189,3.624588
mp-771199,1.385735
mp-771611,1.459463
mp-772049,5.465298
mp-772052,3.490278
mp-772055,4.632376
mp-772151,4.50413
mp-772160,3.299019
mp-772290,2.42712
mp-7723,7.600677999999999
mp-772395,3.329463
mp-772421,3.0377069999999997
mp-772521,5.761592
mp-772550,3.707521
mp-772801,3.8094460000000003
mp-772925,4.678266000000001
mp-772968,4.980986
mp-772972,5.435669
mp-773238,0.244615
mp-773359,2.299175
mp-773500,1.4974539999999998
mp-773505,1.756068
mp-773510,2.45781
mp-773515,2.809614
mp-7738,2.613696
mp-774146,1.082128
mp-774155,1.364364
mp-774191,3.7638640000000003
mp-774192,2.502436
mp-774235,1.060996
mp-774332,1.7559179999999999
mp-7744,7.386734000000001
mp-774411,2.913691
mp-774702,2.456327
mp-774712,2.186338
mp-774736,3.014453
mp-774910,2.289194
mp-774922,4.569408
mp-775020,0.024874
mp-775027,1.7698809999999998
mp-775175,1.8472620000000002
mp-775196,0.818883
mp-775209,1.234687
mp-775296,1.28205
mp-775319,2.2051160000000003
mp-775320,2.60219
mp-775331,1.462229
mp-775543,4.543561
mp-775808,4.924064
mp-775909,5.056639
mp-775935,5.743129
mp-776054,1.103373
mp-776081,3.069484
mp-776083,3.246894
mp-776115,2.05125
mp-776150,1.208743
mp-776170,0.271866
mp-776205,2.713819
mp-776320,0.372227
mp-776532,5.641725
mp-776615,2.7744619999999998
mp-776618,2.7005429999999997
mp-776651,1.1164640000000001
mp-776661,2.577815
mp-776672,0.874189
mp-776687,4.852371
mp-776740,2.306901
mp-776911,4.9609049999999995
mp-776922,0.949417
mp-776952,2.835715
mp-7770,0.794824
mp-7771,0.558162
mp-7773,0.853723
mp-7774,0.941778
mp-777448,3.513634
mp-777469,1.391406
mp-777479,2.385838
mp-777522,3.97464
mp-777580,1.9334770000000001
mp-777584,4.125126
mp-777588,3.689793
mp-777595,4.456901
mp-777672,3.274559
mp-777801,4.936055
mp-778057,3.04505
mp-778079,8.617869
mp-778194,3.719032
mp-778241,2.9129810000000003
mp-7784,4.154672
mp-778554,5.038951999999999
mp-7786,3.030927
mp-778681,1.536749
mp-7787,4.113712
mp-778768,0.037804
mp-778819,4.274621
mp-778848,0.309924
mp-779083,0.8335589999999999
mp-779166,0.10838899999999999
mp-866810,3.4001080000000004
mp-866818,1.869215
mp-866824,1.5112070000000002
mp-866826,2.3423160000000003
mp-866833,0.39776999999999996
mp-866834,2.882642
mp-866845,1.055978
mp-867219,0.669593
mp-867369,1.6898900000000001
mp-867613,0.21781
mp-867680,0.556368
mp-867750,0.623812
mp-867958,0.30135599999999996
mp-8683,0.869217
mp-868632,2.022501
mp-8688,0.059504
mp-8695,1.374787
mp-8696,5.375468
mp-8697,6.155594
mp-870,2.726622
mp-8703,1.744364
mp-871,1.2044329999999999
mp-8710,2.780615
mp-8723,6.7629470000000005
mp-8724,4.928526
mp-8736,0.07711499999999999
mp-8751,3.703698
mp-8752,1.361899
mp-8753,1.568441
mp-8754,3.248249
mp-8755,2.855472
mp-8756,3.4190739999999997
mp-8759,5.259066
mp-8781,2.52315023
mp-8799,3.2376400000000003
mp-8812,7.954060999999999
mp-8830,3.0370761899999996
mp-8836,9.091429
mp-8857,1.72166
mp-8860,0.611596
mp-8871,4.867666
mp-8872,4.518392
mp-8873,6.316281
mp-8874,8.190118
mp-8881,2.46907845
mp-8882,1.9353760000000002
mp-8891,5.113401
mp-8911,1.140496
mp-8922,2.6598129999999998
mp-8926,4.649531
mp-8927,1.73388127
mp-8936,1.43711973
mp-8938,0.5543290000000001
mp-8939,0.391421
mp-8943,2.356618
mp-8973,5.587403
mp-8978,2.416896
mp-8979,5.125167
mp-9008,1.844939
mp-9010,2.904912
mp-9027,0.264972
mp-9029,1.917596
mp-9059,6.120296
mp-9062,2.6080740000000002
mp-9063,1.820511
mp-9064,1.2138689999999999
mp-9122,0.26739999999999997
mp-9124,1.31436915
mp-9125,3.9891360000000002
mp-9126,4.041183
mp-9127,4.019744
mp-9143,9.866774
mp-9144,7.195627
mp-9145,2.453115
mp-9157,4.358242
mp-9166,5.05826979
mp-917,3.567609
mp-9172,6.374017
mp-9173,4.084398
mp-9198,1.9013719999999998
mp-9205,4.6583000000000006
mp-924128,0.48758597
mp-924129,0.58481073
mp-924130,0.597766
mp-9244,1.5489199999999999
mp-9248,2.6904389999999996
mp-9250,3.133701
mp-9251,0.867404
mp-9258,5.905497
mp-9259,6.184788
mp-9268,1.6267390000000002
mp-927,1.665207
mp-9270,1.8853590000000002
mp-9272,1.6909550000000002
mp-9273,1.651973
mp-9274,1.791284
mp-9281,0.431736
mp-9295,1.880448
mp-9330,2.700702
mp-9344,0.646779
mp-9348,8.349262
mp-9349,8.224938
mp-9361,3.3215852000000003
mp-9382,1.20765897
mp-9383,1.34357389
mp-9384,3.346256
mp-9385,2.865919
mp-9386,3.2370330000000003
mp-9413,4.008846
mp-942700,4.7250879999999995
mp-942701,3.562829
mp-942702,5.083513
mp-945184,1.0080019999999998
mp-947,3.0030520000000003
mp-9479,1.896588
mp-9480,5.967416
mp-9481,1.824643
mp-9486,8.147908
mp-9490,1.5115180000000001
mp-950217,1.3573460000000002
mp-9514,2.5311
mp-9517,1.900988
mp-9519,5.081627
mp-952566,0.348475
mp-954,0.367861
mp-9561,0.568555
mp-9562,1.6029430000000002
mp-9571,0.945928
mp-9573,1.9820540000000002
mp-9574,1.7903390000000001
mp-9575,1.798548
mp-9576,1.714958
mp-9595,4.471356
mp-961657,0.9028480000000001
mp-961659,1.07095854
mp-961660,1.3255314
mp-961665,0.467541
mp-961675,0.865647
mp-961678,1.08275826
mp-961683,2.59182035
mp-961684,2.48497089
mp-961685,2.19896318
mp-961687,0.69449147
mp-961697,0.503857
mp-961698,2.04568366
mp-961699,0.19342828
mp-961707,0.5460884500000001
mp-961711,1.70344443
mp-961715,0.198861
mp-961732,0.52949
mp-961774,0.8489229300000001
mp-962058,2.72448266
mp-962060,0.7151661
mp-962062,0.32441663
mp-962069,0.297095
mp-962070,0.83826382
mp-962078,0.08041
mp-9625,7.40522042
mp-963,4.353631
mp-9631,2.63545
mp-9636,6.829935
mp-9657,4.927638
mp-9664,2.35437
mp-9665,1.894433
mp-9675,2.305303
mp-9676,1.241194
mp-9687,1.512712
mp-9692,2.5567789999999997
mp-9693,2.4117290000000002
mp-9697,0.955429
mp-9705,3.019282
mp-971,2.9725640899999997
mp-971632,0.7091609999999999
mp-971633,2.488766
mp-971647,0.354846
mp-971684,2.7370530000000004
mp-971724,1.076592
mp-9718,1.815476
mp-972,0.755139
mp-9720,2.209896
mp-9723,3.095332
mp-972808,7.105846
mp-972831,5.028097
mp-972937,1.090584
mp-9731,2.564019
mp-973185,3.337933
mp-9732,1.54939
mp-973217,1.9978559999999999
mp-973261,3.377358
mp-973585,4.238704
mp-973586,0.7863020000000001
mp-973681,1.222952
mp-973783,10.370068
mp-973981,5.361377
mp-974381,1.160852
mp-974400,8.61910716
mp-974586,4.275518
mp-974591,1.174711
mp-974603,1.8814829999999998
mp-974949,0.502554
mp-975115,4.639609
mp-975140,0.792828
mp-975272,0.52712138
mp-975336,5.240511
mp-975644,0.868268
mp-976181,7.803135
mp-976291,4.992983000000001
mp-976347,8.988559910000001
mp-976446,0.47334299999999996
mp-976707,5.920546
mp-976802,2.362717
mp-977011,2.327604
mp-977012,2.417866
mp-977013,2.132531
mp-977164,3.2271710000000002
mp-977408,1.014907
mp-977414,2.634093
mp-9775,1.3637000000000001
mp-9778,1.863558
mp-978,0.5912459999999999
mp-9780,1.072969
mp-978114,2.518658
mp-9783,5.6055340000000005
mp-978489,2.6838699999999998
mp-978493,2.09304
mp-978844,5.056658
mp-978846,1.7848950000000001
mp-978854,0.9636990000000001
mp-978857,3.6137749999999995
mp-978952,2.131049
mp-978985,2.1122639999999997
mp-9791,1.761064
mp-979286,7.10865518
mp-9797,1.706906
mp-9798,1.678965
mp-981,8.516806
mp-981103,1.471818
mp-9812,5.4813600000000005
mp-9813,1.94745445
mp-981379,2.67633
mp-9819,7.100585000000001
mp-9820,7.235751
mp-982048,1.848598
mp-9821,6.7201450000000005
mp-983327,6.784466
mp-983565,2.5713559999999998
mp-9839,9.675288
mp-984,5.613981
mp-9844,5.972091
mp-9845,1.842503
mp-984550,5.287248
mp-9846,2.142109
mp-984605,0.628109
mp-984876,0.254123
mp-9854,0.712867
mp-985571,4.230643
mp-985572,4.3590409999999995
mp-985575,3.905274
mp-985582,3.14234
mp-985584,3.383014
mp-985586,3.189552
mp-985587,6.483342
mp-985591,3.241
mp-985593,4.133528
mp-985594,4.37216
mp-9856,2.177849
mp-985610,3.448763
mp-985626,2.143944
mp-985782,7.828746
