1.571_La3OsO7_Os_76_49,1.69944844
1.371_Nd2NiO4_Ni_28_9,1.57
1.160_UP_U_92_1,1.7
0.609_NdMnO3_Mn_25_5,1.710116955
0.9_GdB4_Gd_64_1,7.14177849
0.9_GdB4_Gd_64_2,7.14177849
1.0.38_CsCoCl3_Co_27_7,2.3
0.441_Fe4Nb2O9_Fe_26_5,3.52066755
0.380_SmFeO3_Fe_26_5,2.8
1.90_YFe3(BO3)4 (1)_Fe_26_7,3.95
0.545_Mn2FeReO6_Mn_25_1,3.616348442
0.545_Mn2FeReO6_Fe_26_5,4.580047747
0.545_Mn2FeReO6_Re_75_7,0.805094328
0.598_AlCr2_Cr_24_3,0.917060521
1.101_LuMnO3_Mn_25_9,3.37
0.625_U2Pd2In_U_92_1,1.725340546
0.625_U2Pd2In_U_92_3,1.725340546
2.31_Mn3ZnN_Mn_25_1,0.61
2.31_Mn3ZnN_Mn_25_9,1.03
1.507_NdPd5Al2_Nd_60_1,2.7
0.420_Sr2LuRuO6_Ru_44_7,3.9
1.76_DyMn2O5_Dy_66_1,5.68
1.76_DyMn2O5_Mn_25_9,1.271416533
1.76_DyMn2O5_Mn_25_11,1.271416533
1.76_DyMn2O5_Mn_25_17,1.703936619
1.76_DyMn2O5_Mn_25_19,1.703936619
0.254_[C(ND2)3]Cu(DCOO)3_Cu_29_1,0.63
1.85_alpha-Mn_Mn_25_1,2.83
1.85_alpha-Mn_Mn_25_3,1.830737556
1.85_alpha-Mn_Mn_25_11,0.744781847
1.85_alpha-Mn_Mn_25_13,0.744781847
1.85_alpha-Mn_Mn_25_19,0.476864761
1.85_alpha-Mn_Mn_25_21,0.476864761
1.85_alpha-Mn_Mn_25_35,0.590169467
1.85_alpha-Mn_Mn_25_43,0.662797103
1.85_alpha-Mn_Mn_25_57,0.662797103
1.475_DyNiAl4_Dy_66_1,8.1
0.284_KOsO4_Os_76_5,0.46
0.317_Ho2CoMnO6_Mn_25_5,2.920054278
0.365_BaCr2As2_Cr_24_3,1.88
0.90_Rb2Fe2O(AsO4)2_Fe_26_9,3.64
0.90_Rb2Fe2O(AsO4)2_Fe_26_13,3.189498393
0.90_Rb2Fe2O(AsO4)2_Fe_26_14,3.189498393
1.267_Dy2Co3Al9_Dy_66_1,8.45683747
1.267_Dy2Co3Al9_Dy_66_5,8.45683747
1.267_Dy2Co3Al9_Dy_66_9,1.38
1.494_NdMn2Si2_Mn_25_3,2.57
1.138_MgV2O4_V_23_5,0.47381431
0.564_U2Rh3Si5_U_92_1,1.813422179
0.564_U2Rh3Si5_U_92_3,1.813422179
0.496_LaMn2Si2_Mn_25_3,2.74220714
0.496_LaMn2Si2_Mn_25_5,2.74220714
1.343_Ba2Co9O14_Co_27_31,2.827666883
1.343_Ba2Co9O14_Co_27_61,1.818020902
1.280_Yb2Cu2O5_Yb_70_1,1.341640786
1.280_Yb2Cu2O5_Yb_70_5,1.341640786
1.280_Yb2Cu2O5_Cu_29_33,1.1
1.357_Ho3Ge4_Ho_67_1,8.9
1.357_Ho3Ge4_Ho_67_9,7.2
0.270_Tb2MnNiO6_Mn_25_5,2.61270159
0.270_Tb2MnNiO6_Ni_28_7,1.744181721
0.7_ScMnO3_Mn_25_7,3.03
0.7_ScMnO3_Mn_25_8,3.03
1.399_Pr2CuO4_Cu_29_17,0.318198052
1.478_CoTi2O5_Co_27_33,2.72
1.340_LuMnO3_Mn_25_9,3.678505131
1.474_CuCl(C4H4N2)2(BF4)_Cu_29_1,0.76
0.88_LiNiPO4_Ni_28_5,2.220360331
1.402_Nd5Pb3_Nd_60_1,2.7
1.402_Nd5Pb3_Nd_60_17,2.1
0.348_Bi2CuO4_Cu_29_1,0.93
0.109_Mn3Pt_Mn_25_1,2.939387691
0.109_Mn3Pt_Mn_25_3,2.939387691
0.671_Sr2TmRuO6_Tm_69_5,1.4
0.671_Sr2TmRuO6_Ru_44_7,1.5
0.296_Cu2(OD)3Cl_Cu_29_1,0.581884723
2.60_NdMn2Si2_Nd_60_1,2.83
2.60_NdMn2Si2_Mn_25_3,1.608788364
0.262_CoFePO5_Fe_26_1,4.22
0.262_CoFePO5_Co_27_5,3.447100231
1.499_CsFe(MoO4)2_Fe_26_19,4.00969762
0.574_MnFeF5(H2O)2_Mn_25_1,4.936365059
0.574_MnFeF5(H2O)2_Fe_26_5,3.429125253
0.267_YbMnBi2_Mn_25_3,4.3
3.3_Ho2RhIn8_Ho_67_1,7.5
1.496_YMn2Ge2_Mn_25_3,2.95
0.541_Mn2FeReO6_Fe_26_5,3.48
0.541_Mn2FeReO6_Re_75_7,0.48
0.187_CeMnAsO_Ce_58_1,0.7
0.187_CeMnAsO_Mn_25_3,3.3
0.203_Mn3Ge_Mn_25_1,1.702204453
0.203_Mn3Ge_Mn_25_3,1.702204453
0.203_Mn3Ge_Mn_25_5,1.702204453
0.19_MnTiO3_Mn_25_7,4.55
1.403_La2CoO4_Co_27_9,2.9
1.505_GdAgSn_Gd_64_1,7.2
0.614_FeCr2S4_Cr_24_1,2.64
0.614_FeCr2S4_Fe_26_17,3.69
1.0.10_Sr3NiIrO6_Ni_28_19,1.5
1.0.10_Sr3NiIrO6_Ni_28_21,0.75
1.0.10_Sr3NiIrO6_Ir_77_25,0.5
1.0.10_Sr3NiIrO6_Ir_77_27,0.25
0.415_EuFe2P2_Eu_63_1,6.598560449
0.650_ErSi2O7_Er_68_1,6.693059593
1.188_CeRh2Si2_Ce_58_1,1.5
0.434_K2ReI6_Re_75_5,2.2
0.636_RbFeS2_Fe_26_5,1.718945177
1.279_Ho2Cu2O5_Ho_67_1,9.011104261
1.279_Ho2Cu2O5_Cu_29_17,0.8
0.70_Na3Co(CO3)2Cl_Co_27_49,1.732050808
0.70_Na3Co(CO3)2Cl_Co_27_53,1.732050808
0.96_CoSO4_Co_27_1,3.215851365
0.96_CoSO4_Co_27_2,3.215851365
1.350_Nd2BaCoO5_Nd_60_9,2.55
1.350_Nd2BaCoO5_Co_27_25,3.079236918
1.216_Nd2BaNiO5_Nd_60_9,2.650471656
1.216_Nd2BaNiO5_Ni_28_25,1.58113883
1.172_NiTa2O6_Ni_28_33,1.6
2.55_Sr2Fe3Se2O3_Fe_26_33,3.37721779
2.55_Sr2Fe3Se2O3_Fe_26_49,3.307053069
1.532_NdC2_Nd_60_1,2.95
1.384_USb2_U_92_1,0.94
1.433_Ba2YRuO6_Ru_44_13,4.5
0.77_Tb2Ti2O7_Tb_65_1,5.542562584
0.77_Tb2Ti2O7_Tb_65_5,3.536947837
1.431_Ca2Mn3O8_Mn_25_17,2.5
1.431_Ca2Mn3O8_Mn_25_25,1.981514395
0.399_FeOOH_Fe_26_1,4.45
0.97_FeSb2O4_Fe_26_1,3.681032464
1.235_Ba(TiO)Cu4(PO4)4_Cu_29_9,0.799624912
0.36_NiF2_Ni_28_1,2.000224987
1.453_EuMn2Si2_Mn_25_3,1.97
0.121_Li2Co(SO4)2_Co_27_5,3.332161461
0.17_FePO4_Fe_26_1,4.158557442
1.418_Cu4O3_Cu_29_65,0.46
1.117_NaFePO4_Fe_26_17,3.888200098
0.619_LaMnAsO_Mn_25_3,2.43
1.446_CeCoAl4_Ce_58_1,1.29
0.592_DyCrO3_Cr_24_5,2.6
0.571_CoSO4_Co_27_1,3.818756342
0.571_CoSO4_Co_27_2,3.818756342
0.571_CoSO4_Co_27_3,3.818756342
1.377_CeScSi_Ce_58_1,1.502069748
1.209_FeI2_Fe_26_1,3.7
0.593_UPSe_U_92_1,1.35
1.140_PrMgPb_Pr_59_1,1.800944197
1.107_Sm2CuO4_Cu_29_17,0.381837662
1.21_DyCo2Si2_Dy_66_1,9.5
1.197_Fe4Si2Sn7O16_Fe_26_9,2.518987892
1.197_Fe4Si2Sn7O16_Fe_26_13,4.318414061
0.588_PrCrO3_Pr_59_1,0.5
0.588_PrCrO3_Cr_24_5,2.46
1.199_Sc2NiMnO6_Mn_25_17,1.65611571
0.601_CaMnGe_Mn_25_3,3.342125072
0.627_NaMnP_Mn_25_3,3.6
1.422_ErRh2Si2_Er_68_1,7.7
1.477_Ba2CoO4_Co_27_33,3.208800399
0.128_FeSO4F_Fe_26_1,4.32
0.663_Mn3Sn2_Mn_25_1,1.900657781
0.663_Mn3Sn2_Mn_25_2,1.900657781
0.663_Mn3Sn2_Mn_25_9,1.79
0.118_Ba5Co5ClO13_Co_27_11,0.61
0.118_Ba5Co5ClO13_Co_27_15,2.21
0.118_Ba5Co5ClO13_Co_27_19,0.35
2.35_CrSe_Cr_24_1,3.494638751
2.35_CrSe_Cr_24_2,3.494638751
0.337_NdFeO3_Nd_60_1,1.1
0.337_NdFeO3_Fe_26_5,4.149602391
1.87_Tb2CoGa8_Tb_65_1,9.6
1.18_MnS2_Mn_25_1,0.5
1.449_Li2CuW2O8_Cu_29_5,0.65
1.417_Tb2O2Se_Tb_65_1,6.5
0.582_Fe3F8(H2O)2_Fe_26_1,3.98
1.164_Co3TeO6_Co_27_1,3.580502758
1.164_Co3TeO6_Co_27_33,2.19544984
1.164_Co3TeO6_Co_27_97,0.538516481
1.164_Co3TeO6_Co_27_161,0.948683298
1.164_Co3TeO6_Co_27_225,2.163330765
1.430_Mn5(VO4)2(OH)4_Mn_25_1,1.98
1.430_Mn5(VO4)2(OH)4_Mn_25_9,2.43
1.430_Mn5(VO4)2(OH)4_Mn_25_17,2.48
0.472_LaMn2Si2_Mn_25_3,1.2
1.504_GdCuSn_Gd_64_1,6
0.529_Co4Nb2O9_Co_27_5,2.820404404
0.529_Co4Nb2O9_Co_27_6,2.820404404
1.225_ScMn6Ge6_Mn_25_3,2.08
1.253_CeCo2P2_Co_27_3,0.94
0.398_Ca2RuO4_Ru_44_9,1.004987562
1.83_BaFeO2.5_Fe_26_57,3.849624906
1.83_BaFeO2.5_Fe_26_65,2.975951052
1.83_BaFeO2.5_Fe_26_73,2.672704021
1.83_BaFeO2.5_Fe_26_81,3.214284555
1.83_BaFeO2.5_Fe_26_89,3.771359535
1.83_BaFeO2.5_Fe_26_97,3.65727257
1.83_BaFeO2.5_Fe_26_105,4.202016921
2.26_PrCo2P2_Pr_59_1,3.08
2.26_PrCo2P2_Co_27_5,0.9
3.1_TmAgGe_Tm_69_1,6.44
3.1_TmAgGe_Tm_69_3,6.44
0.690_NdPt_Nd_60_1,2.341644721
1.0.14_CsFeCl3_Fe_26_19,3.16
1.0.14_CsFeCl3_Fe_26_22,3.16
1.31_MnO_Mn_25_1,5.658321306
0.303_BaCrF5_Cr_24_5,1
0.632_NaMnSb_Mn_25_3,2.67
0.238_Er2Pt2O7_Er_68_1,4.808326112
0.238_Er2Pt2O7_Er_68_9,4.808326112
1.207_U2Rh2Sn_U_92_1,0.5
1.207_U2Rh2Sn_Rh_45_13,0.056568542
1.207_U2Rh2Sn_Rh_45_15,0.056568542
0.33_HoMnO3_Ho_67_3,2.87
0.33_HoMnO3_Mn_25_7,3.048409421
0.33_HoMnO3_Mn_25_8,3.048409421
0.33_HoMnO3_Mn_25_9,3.048409421
0.343_TbGe2_Tb_65_1,9.45
0.343_TbGe2_Tb_65_5,7.55
1.106_Pr2CuO4_Pr_59_1,0.084852814
1.106_Pr2CuO4_Cu_29_17,0.395979797
0.59_Cr2O3_Cr_24_1,2.48
0.154_Er2Ru2O7_Er_68_1,4.5
0.154_Er2Ru2O7_Ru_44_17,2
0.475_Sr2TbIrO6_Tb_65_5,6.6
0.375_La2CoIrO6_Co_27_5,2.419636868
0.375_La2CoIrO6_Co_27_6,2.419636868
2.10_HoP_Ho_67_1,8.8
2.12_TbMg_Tb_65_1,7.339782013
2.12_TbMg_Tb_65_2,7.339782013
0.110_Cr2O3_Cr_24_1,1
0.182_KCrF4_Cr_24_25,2.107178208
0.182_KCrF4_Cr_24_33,1.9053871
0.182_KCrF4_Cr_24_41,2.186618394
1.380_Sr2FeO3Cl_Fe_26_9,3.579374526
1.380_Sr2FeO3Cl_Fe_26_11,3.579374526
0.521_DyCoO3_Dy_66_1,9.082400564
0.13_Ca3Co2-xMnxO6_Mn_25_19,1.93
0.13_Ca3Co2-xMnxO6_Co_27_25,0.66
1.158_YMn3Al4O12_Mn_25_3,2.92
1.47_Sr2FeOsO6_Fe_26_5,1.83
1.47_Sr2FeOsO6_Os_76_7,0.48
0.345_Tb2C3_Tb_65_1,8.838834765
0.480_HoNi_Ho_67_1,7.759671385
0.596_UAsTe_U_92_1,1.44
3.6_DyCu_Dy_66_1,8.625613022
3.6_DyCu_Dy_66_3,8.625613022
0.112_FeBO3_Fe_26_1,4.7
0.260_CuFePO5_Fe_26_1,4.28
0.260_CuFePO5_Cu_29_5,0.95
1.0.3_CsCoBr3_Co_27_19,3.02
1.0.3_CsCoBr3_Co_27_25,3.023325983
0.543_Mn2FeReO6_Mn_25_1,1.1
0.543_Mn2FeReO6_Fe_26_5,4.11
0.543_Mn2FeReO6_Re_75_7,0.86
1.456_Sr2CuO2Cu2S2_Cu_29_17,0.39
0.66_Fe2O3-alpha_Fe_26_1,4.221867122
1.124_YBaFe4O7_Fe_26_9,2.63
1.124_YBaFe4O7_Fe_26_13,3.11
1.124_YBaFe4O7_Fe_26_17,2.58
1.124_YBaFe4O7_Fe_26_21,2.387512961
1.35_LiErF4_Er_68_5,2.2
0.704_HoMn6Sn6_Ho_67_1,5.265453447
0.704_HoMn6Sn6_Mn_25_2,2.175545909
0.168_NH4Fe2O6_Fe_26_1,4.128498516
0.168_NH4Fe2O6_Fe_26_5,3.12
0.219_Co2SiO4_Co_27_1,3.874854836
0.219_Co2SiO4_Co_27_2,3.874854836
0.219_Co2SiO4_Co_27_5,3.35
1.120_BaFe2Se3_Fe_26_33,2.8
0.139_BiCrO3_Cr_24_1,2.62488095
1.246_CoCl2_Co_27_1,2.996447897
0.624_LaMnAsO_Mn_25_3,3.54
1.522_CrVO4_Cr_24_5,2.110023697
0.392_Fe3(PO4)2(OH)2_Fe_26_1,4.291983535
1.5_YBa2Cu3O6+d_Cu_29_9,0.47
1.277_LiFeCr4O8_Cr_24_5,0.28
1.277_LiFeCr4O8_Fe_26_21,2.54
1.204_Ni2SiO4_Ni_28_17,2.030369425
1.204_Ni2SiO4_Ni_28_33,2.082162338
1.146_LaCrAsO_Cr_24_5,1.568
0.379_SmFeO3_Fe_26_5,3.692
0.446_MnCoGeB0.05_Mn_25_1,2.194948747
0.446_MnCoGeB0.05_Co_27_5,0.76
1.452_FeSn_Fe_26_1,1.5
1.464_U2N2P_U_92_1,1.7
0.243_Li2Fe(SO4)2_Fe_26_17,2.98377278
0.199_Mn3Sn_Mn_25_1,3
1.363_TbCu2Si2_Tb_65_1,8.500847017
0.394_Cu2CdB2O6_Cu_29_5,0.444854357
0.394_Cu2CdB2O6_Cu_29_6,0.444854357
0.394_Cu2CdB2O6_Cu_29_9,0.832624281
0.394_Cu2CdB2O6_Cu_29_10,0.832624281
2.63_DyCrO3_Dy_66_1,8.595929269
2.63_DyCrO3_Cr_24_17,2.7
0.319_Tm2CoMnO6_Tm_69_1,0.783414045
0.319_Tm2CoMnO6_Mn_25_5,2.556388342
1.48_HoNiO3_Ni_28_17,1.420245461
1.48_HoNiO3_Ni_28_25,0.531893318
1.0.47_MnSe2_Mn_25_1,1
1.250_KNiF3_Ni_28_9,2.22
0.174_Pr3Ru4Al12_Pr_59_1,3.2
0.174_Pr3Ru4Al12_Pr_59_3,1.392838828
0.468_ErB4_Er_68_1,8.2
1.247_NiCl2_Ni_28_1,2.113101985
1.219_CuF2_Cu_29_1,0.728010989
1.0.42_CsNiCl3_Ni_28_19,1.4
1.0.42_CsNiCl3_Ni_28_28,1.4
0.334_CoF3_Co_27_1,3.21
1.72_Sr2CoOsO6_Co_27_9,1.599062225
1.72_Sr2CoOsO6_Os_76_13,0.700357052
1.304_ZnMnO3_Mn_25_25,1.986403786
0.234_MnLaMnSbO6_Mn_25_5,4.8
0.439_Tb3NiGe2_Tb_65_1,7.37
0.439_Tb3NiGe2_Ni_28_13,0.8
1.14_Ho2BaNiO5_Ho_67_9,9.060794667
1.14_Ho2BaNiO5_Ni_28_25,1.387083271
0.604_CaMn2Ge2_Mn_25_3,2.6
1.540_KMnP_Mn_25_5,2.88
1.361_DyGe_Dy_66_1,9
1.497_EuMg2Bi2_Eu_63_1,5.3
0.422_EuMnSb2_Eu_63_1,1.5
0.422_EuMnSb2_Mn_25_5,1
0.583_Fe2F5(H2O)2_Fe_26_1,3.866574712
0.583_Fe2F5(H2O)2_Fe_26_3,3.866574712
0.583_Fe2F5(H2O)2_Fe_26_5,2.8
1.0.23_Dy3Ru4Al12_Dy_66_1,9.298134221
2.36_TbGe3_Tb_65_1,8.15
2.36_TbGe3_Tb_65_17,8.3
1.254_UNiGa5_U_92_1,0.75
1.70_CoV2O6_Co_27_9,3.975524404
1.238_VBr2_V_23_1,2.476832655
1.238_VBr2_V_23_7,2.476832655
0.406_GdNiSi3_Gd_64_1,1
1.300_GdMn2O5_Gd_64_1,3.670054496
1.300_GdMn2O5_Gd_64_5,3.465602401
1.300_GdMn2O5_Gd_64_7,3.465602401
1.300_GdMn2O5_Mn_25_9,2.11161076
1.300_GdMn2O5_Mn_25_11,2.11161076
1.300_GdMn2O5_Mn_25_17,2.885619518
1.300_GdMn2O5_Mn_25_21,2.97195222
2.33_Na2Mn3Se4_Mn_25_33,3.898351248
2.33_Na2Mn3Se4_Mn_25_49,4.117952101
2.33_Na2Mn3Se4_Mn_25_65,3.234167294
1.180_Na3Co2SbO6_Co_27_25,1.79
0.665_CeMnSbO_Mn_25_3,3.73
1.511_TbNi2Si2_Tb_65_1,8.8
1.65_SrFeO2_Fe_26_9,3.1
1.190_YCr(BO3)2_Cr_24_7,2.473095227
0.524_MnPSe3_Mn_25_1,3.83
0.417_LaCrO3_Cr_24_5,0.98
0.212_Sr2Mn3As2O2_Mn_25_7,3.4
1.274_DyFeWO6_Dy_66_1,7.735269872
1.274_DyFeWO6_Dy_66_9,7.739412122
1.274_DyFeWO6_Fe_26_17,4.924682731
1.274_DyFeWO6_Fe_26_25,4.923900893
0.628_NaMnP_Mn_25_3,3.21
0.316_DyCrWO6_Dy_66_1,7.772965972
0.316_DyCrWO6_Cr_24_5,2.922208069
0.351_TbFeO3_Fe_26_5,4.8
0.217_LiCrGe2O6_Cr_24_5,2.325241905
1.567_Ba2TmRuO6_Tm_69_9,1.91
1.567_Ba2TmRuO6_Ru_44_13,2.13
1.537_URh2Si2_U_92_1,1.96
1.569_SrRu2O6_Ru_44_3,1.425
1.217_Tb2BaNiO5_Tb_65_9,8.028847987
1.217_Tb2BaNiO5_Ni_28_25,2.018043607
1.114_Ca4IrO6_Ir_77_97,0.421544778
0.577_BaMnFeF7_Mn_25_5,4.084908865
0.577_BaMnFeF7_Fe_26_9,4.105847901
0.140_LuFe4Ge2_Fe_26_3,0.447213595
0.140_LuFe4Ge2_Fe_26_4,0.447213595
1.495_YMn2Si2_Mn_25_3,2.4
0.383_LiCoPO4_Co_27_5,3.28
1.321_Ba2FeWO6_Fe_26_17,3.42664559
1.550_LiMnAs_Mn_25_5,3.75
1.23_La2CuO4_Cu_29_9,0.17
0.387_Fe3BO5_Fe_26_1,3.3
0.387_Fe3BO5_Fe_26_5,3.9
0.387_Fe3BO5_Fe_26_9,4
0.387_Fe3BO5_Fe_26_17,2.74
1.237_VCl2_V_23_1,0.926647182
1.237_VCl2_V_23_7,0.926647182
0.668_PrMnSbO_Pr_59_1,2.96
0.668_PrMnSbO_Mn_25_3,3.69
1.73_CaV2O4_V_23_17,0.962719889
1.73_CaV2O4_V_23_21,0.962719889
1.73_CaV2O4_V_23_33,1.017987545
0.374_YNi4Si_Tb_65_1,8.66
1.228_RuCl3_Ru_44_1,0.437898905
0.491_NdB4_Nd_60_1,2.098237355
1.80_Dy2CoGa8_Dy_66_1,10.5
0.487_ErCr2Si2_Er_68_1,5.24
0.487_ErCr2Si2_Cr_24_3,1.35
0.177_Mn3GaN_Mn_25_1,1.173797257
0.634_NaMnBi_Mn_25_3,4.58
1.179_NdCoAsO_Nd_60_1,1.39
1.179_NdCoAsO_Co_27_5,0.32
1.491_PrMn2Si2_Mn_25_3,2.48
0.473_LaMn2Si2_Mn_25_3,2.439385168
1.448_HoSi_Ho_67_1,8.6
0.310_NaMnFeF6_Mn_25_4,4.7
0.310_NaMnFeF6_Fe_26_7,4.34
0.310_NaMnFeF6_Fe_26_8,4.42
1.0.26_RbCoBr3_Co_27_7,3.4
1.488_CeMn2Si2_Mn_25_3,2.3
1.171_Tb2Fe2Si2C_Tb_65_1,8
3.4_MgCr2O4_Cr_24_9,0.692820323
3.4_MgCr2O4_Cr_24_10,0.692820323
0.470_BaMn2Sb2_Mn_25_3,3.83
2.56_La2O2Fe2OS2_Fe_26_33,3.3
0.427_Sm2Ti2O7_Sm_62_1,0.44196182
0.427_Sm2Ti2O7_Sm_62_5,0.44196182
1.295_DyNi2B2C_Dy_66_1,8.471139239
0.27_YFe4Ge2 (1)_Fe_26_3,0.638122245
0.27_YFe4Ge2 (1)_Fe_26_7,0.638122245
1.432_Ba2LuRuO6_Ru_44_13,4.4
0.311_CoGeO3_Co_27_1,3.300378766
0.311_CoGeO3_Co_27_9,4.027157807
1.249_K2NiF4_Ni_28_9,1
0.261_NiFePO5_Fe_26_1,4.09
0.261_NiFePO5_Ni_28_5,2.03
0.702_TbMn6Sn6_Tb_65_1,4.948413887
0.702_TbMn6Sn6_Mn_25_2,1.989170681
0.599_CaMnSi_Mn_25_3,3.27
1.335_Nd2Pd2In_Nd_60_1,3.3
1.335_Nd2Pd2In_Nd_60_17,0.8
0.623_NdMnAsO_Mn_25_3,2.41
0.76_Cr2TeO6_Cr_24_1,1
0.332_Co2Mo3O8_Co_27_1,3.3
1.256_BaNi2V2O8_Ni_28_19,1.55
1.292_HoNi2B2C_Ho_67_1,9.164103884
1.202_CrReO4_Cr_24_1,1.903953826
1.202_CrReO4_Re_75_9,0.33
1.3_Sr2IrO4_Ir_77_17,0.24
1.218_Tm2BaNiO5_Tm_69_9,3.332806625
1.218_Tm2BaNiO5_Ni_28_25,1.148738438
0.667_LaMnSbO_Mn_25_3,3.45
0.527_Er2Si2O7_Er_68_1,6.610370252
1.564_GeCo2O4_Co_27_1,3.022428659
1.564_GeCo2O4_Co_27_33,3.019345956
1.542_RbMnP_Mn_25_5,3.21
1.570_La3OsO7_Os_76_49,1.704699387
1.226_CeCo2Ge4O12_Co_27_5,2.580736329
0.544_Mn2FeReO6_Mn_25_1,2.769673735
0.544_Mn2FeReO6_Fe_26_5,4.549045378
0.544_Mn2FeReO6_Re_75_7,0.795117174
0.85_KCo4(PO4)3_Co_27_5,2.162313576
0.85_KCo4(PO4)3_Co_27_9,3.181210461
0.85_KCo4(PO4)3_Co_27_10,3.181210461
0.85_KCo4(PO4)3_Co_27_13,3.142562649
1.359_Dy3Ge4_Dy_66_1,7.36
1.359_Dy3Ge4_Dy_66_9,5.7
0.290_CeCu2_Ce_58_1,0.33
1.0.35_CsMnBr3_Mn_25_7,3
1.0.35_CsMnBr3_Mn_25_8,3
1.0.35_CsMnBr3_Mn_25_9,3
2.14_NdMg_Nd_60_1,2.559726548
2.14_NdMg_Nd_60_3,2.559726548
1.17_CoV2O6-alpha_Co_27_9,5.084503575
1.28_CrN_Cr_24_1,2.404163056
0.321_U2Pd2Sn_U_92_1,2.199102089
0.321_U2Pd2Sn_U_92_3,2.199102089
1.345_NaMnF4_Mn_25_5,3.53373076
1.472_CaOFeS_Fe_26_9,2.59
1.203_Ni2SiO4_Ni_28_17,1.414213562
1.203_Ni2SiO4_Ni_28_25,1.414213562
1.298_BaCdVO(PO4)2_V_23_17,0.34
0.197_Co4Nb2O9_Co_27_5,2.318501456
0.197_Co4Nb2O9_Co_27_9,2.518083994
0.197_Co4Nb2O9_Co_27_10,2.518083994
1.369_HFe2Ge2_Ho_67_1,6.6
2.9_Ca3CuNi2(PO4)4_Cu_29_49,0.618865527
2.9_Ca3CuNi2(PO4)4_Ni_28_65,1.891757001
1.30_BaCo2V2O8_Co_27_25,2.267
1.408_Nd2CuO4_Cu_29_17,0.395979797
1.498_Cu6(SiO3)6(H2O)6_Cu_29_1,0.645996904
0.505_Pb2VO(PO4)2_V_23_1,0.68
0.62_SrMn2V2O8_Mn_25_9,3.99
1.0.33_FeF3_Fe_26_1,4.07
0.616_HoB2_Ho_67_1,6.745494793
2.24_Ba2CoO2Ag2Se2_Co_27_9,3.971410329
1.561_GeNi2O4_Ni_28_1,1.796051224
0.159_DyCoO3_Dy_66_1,9.082400564
1.229_BaMoP2O8_Mo_42_17,1.12392375
1.50_AgNiO2_Ni_28_1,1.552
0.285_KRuO4_Ru_44_5,0.57
0.687_DyPt_Dy_66_1,7.100492941
0.686_HoPt_Ho_67_1,8.200152438
0.686_HoPt_Ho_67_2,8.200152438
1.557_FeGe2_Fe_26_1,1.2
0.28_LiFeSi2O6_Fe_26_5,4.678448918
1.189_TbMg3_Tb_65_1,9.595561474
1.442_URu2Si2_U_92_1,0.04
2.29_Mn3O4_Mn_25_1,4.34
2.29_Mn3O4_Mn_25_9,3.641606788
2.29_Mn3O4_Mn_25_13,3.254427753
1.302_Ba2CoO4_Co_27_33,2.690841101
1.59_KTb3F12_Tb_65_5,6.95
0.443_Fe4Nb2O9_Fe_26_5,2.095781477
0.484_U2N2S_U_92_1,1.4
0.633_KFeS2_Fe_26_5,1.967706332
1.470_UCr2Si2_U_92_1,0.663748942
1.330_Lu2CoMnO6_Mn_25_9,1.313592965
1.330_Lu2CoMnO6_Co_27_13,1.360400733
0.512_Mn3As2_Mn_25_1,0.52
0.512_Mn3As2_Mn_25_5,2.55
0.512_Mn3As2_Mn_25_9,1.69
0.512_Mn3As2_Mn_25_11,0.59
1.91_TbFe3(BO3)4_Tb_65_1,8.53
1.91_TbFe3(BO3)4_Fe_26_7,4.39
1.0.44_Ba3CoSb2O9_Co_27_19,1.35
0.116_FeCO3_Fe_26_1,1
0.221_Fe2SiO4_Fe_26_1,4.442634354
0.221_Fe2SiO4_Fe_26_2,4.442634354
0.221_Fe2SiO4_Fe_26_5,4.4
0.455_RbFeO2_Fe_26_17,3.83
0.703_HoMn6Sn6_Ho_67_1,8.427959421
0.703_HoMn6Sn6_Mn_25_2,2.388493249
1.133_CuSb2O6_Cu_29_1,0.512445119
0.352_TbFeO3_Tb_65_1,3.061045573
0.352_TbFeO3_Tb_65_2,3.061045573
0.352_TbFeO3_Fe_26_5,4.8
0.401_Sr4Fe4O11_Fe_26_9,3.55
0.459_KFeO2_Fe_26_17,3.79
0.469_TbB4_Tb_65_1,7.7
0.395_MnPtGa_Mn_25_1,3.1
1.0.40_RbFeCl3_Fe_26_7,1.6
1.0.40_RbFeCl3_Fe_26_9,1.6
1.525_InMnO3_Mn_25_1,3.247595264
1.415_Tb2Pd2In_Tb_65_1,8.7
1.98_DyFe4Ge2_Dy_66_1,4.8
1.98_DyFe4Ge2_Fe_26_9,1.392838828
1.98_DyFe4Ge2_Fe_26_13,1.334166406
1.98_DyFe4Ge2_Fe_26_15,1.334166406
0.119_CoSe2O5_Co_27_1,3.201562119
0.119_CoSe2O5_Co_27_2,3.201562119
1.193_CrTe3_Cr_24_1,1.976957656
0.108_Mn3Ir_Mn_25_1,2.449489743
0.346_Tb2ReC2_Tb_65_1,8.17
0.346_Tb2ReC2_Tb_65_5,8.01
1.514_HoCo2Si2_Ho_67_1,9.85
1.113_NiSb2O6_Ni_28_1,1.555634919
0.144_Cr2WO6_Cr_24_1,2.14
0.46_CaBaCo4O7_Co_27_9,2.829911659
0.46_CaBaCo4O7_Co_27_10,2.829911659
0.46_CaBaCo4O7_Co_27_13,2.037891067
0.46_CaBaCo4O7_Co_27_14,2.037891067
0.46_CaBaCo4O7_Co_27_17,2.050560899
0.46_CaBaCo4O7_Co_27_18,2.050560899
0.46_CaBaCo4O7_Co_27_21,2.440512241
1.20_HoMnO3_Mn_25_9,3.87
0.329_RbMnF4_Mn_25_5,2.965171806
0.495_LaMn2Si2_Mn_25_3,1.923538406
0.495_LaMn2Si2_Mn_25_5,1.923538406
0.92_CaMn2Sb2_Mn_25_2,2.8
0.271_Tb2MnNiO6_Mn_25_5,2.033701813
0.271_Tb2MnNiO6_Ni_28_7,1.350012149
1.344_Ba2Co9O14_Co_27_31,2.88
1.344_Ba2Co9O14_Co_27_61,1.76
0.350_TbAlO3_Tb_65_1,8.292767934
1.222_Er2CoGa8_Er_68_1,4.71
1.142_CeMgPb_Ce_58_1,1.385929291
1.0.31_EuIn2As2_Eu_63_1,5.878528727
1.0.31_EuIn2As2_Eu_63_5,5.871652238
1.1_Mn3O4_Mn_25_1,3.49
3.13_CeB6_Ce_58_1,0.282842712
3.13_CeB6_Ce_58_5,0.282842712
1.366_HoCu2Si2_Ho_67_1,6.5
1.438_BaCoF4_Co_27_17,3.4
0.244_Li2Co(SO4)2_Co_27_17,3.11
1.0.34_RbNiCl3_Ni_28_19,1.25
1.0.34_RbNiCl3_Ni_28_31,1.25
1.263_Ca3Ru2O7_Ru_44_13,1.59
0.457_CsFeO2_Fe_26_17,3.8
0.369_(CH3NH3)(Co(COOH)3_Co_27_1,2.979263502
0.369_(CH3NH3)(Co(COOH)3_Co_27_3,2.915233951
1.479_U2Ni2Sn_U_92_1,0.87
1.334_Pr2Pd2In_Pr_59_1,1.8
0.44_YMnO3_Mn_25_7,3.142339893
0.44_YMnO3_Mn_25_8,3.142339893
0.44_YMnO3_Mn_25_9,3.142339893
1.0.4_CsNiCl3_Ni_28_13,0.6
1.0.4_CsNiCl3_Ni_28_17,0.403112887
1.552_LiMnAs_Mn_25_5,1.59
0.39_Nd2NaRuO6_Nd_60_3,2.246003286
0.39_Nd2NaRuO6_Ru_44_7,1.619773185
0.507_Mn4Nb2O9_Mn_25_1,5.9
1.52_CaFe2As2_Fe_26_5,0.8
0.492_NdB4_Nd_60_1,1.849324201
0.492_NdB4_Nd_60_2,1.849324201
1.115_Dy3Ru4Al12_Dy_66_1,0.531507291
1.115_Dy3Ru4Al12_Dy_66_17,0.707106781
2.52_Mn3O4_Mn_25_1,4.654653585
2.52_Mn3O4_Mn_25_9,3.547520261
2.52_Mn3O4_Mn_25_17,3.54815445
0.464_BaMn2P2_Mn_25_3,4.2
1.0.12_UAu2Si2_U_92_1,0.9
1.0.1_Ag2CrO2_Cr_24_3,2.9
1.406_Nd2CuO4_Nd_60_1,1.301076477
1.406_Nd2CuO4_Cu_29_17,0.466690476
0.170_U3P4_U_92_1,1.479864859
0.5_Cr2S3_Cr_24_1,1.199541579
1.441_NaFe3(SO4)2(OH)6_Fe_26_7,3.498742631
1.441_NaFe3(SO4)2(OH)6_Fe_26_19,3.498742631
2.8_SrHo2O4_Ho_67_9,6.08
2.8_SrHo2O4_Ho_67_17,7.741091654
1.0.22_K2Mn3(VO4)2CO3_Mn_25_37,5
1.0.22_K2Mn3(VO4)2CO3_Mn_25_73,3.7
1.510_TbNi2Ge2_Tb_65_3,6.22
1.510_TbNi2Ge2_Tb_65_7,8.8
0.378_UBi2_U_92_1,2.1
2.18_Sc2NiMnO6_Mn_25_33,1.6561459
2.18_Sc2NiMnO6_Ni_28_49,1.48825614
1.110_ScMn6Ge6_Mn_25_3,1.96
1.301_BiMnTeO6_Mn_25_1,3.641440936
1.423_UPb3_U_92_1,1.7
0.222_CuMnAs_Mn_25_1,3.6
0.58_CoAl2O4_Co_27_17,1.9
0.357_CaFe5O7_Fe_26_3,2.854992614
0.357_CaFe5O7_Fe_26_7,3.28855935
0.357_CaFe5O7_Fe_26_11,2.01246118
0.357_CaFe5O7_Fe_26_12,2.01246118
1.338_U2Ni2In_U_92_1,0.848528137
1.338_U2Ni2In_U_92_3,0.848528137
1.513_HoCo2Si2_Ho_67_1,8.1
1.215_UP2_U_92_1,1
1.94_Ba3LaRu2O9_Ru_44_17,1.431782106
2.20_UAs_U_92_1,2.2627417
2.20_UAs_U_92_3,2.2627417
1.459_CeFe3(BO3)4_Ce_58_1,0.219970453
1.459_CeFe3(BO3)4_Fe_26_7,4.174242446
0.26_TmAgGe_Tm_69_1,6.44
0.26_TmAgGe_Tm_69_3,6.44
0.27_YFe4Ge2_Fe_26_3,0.638122245
0.27_YFe4Ge2_Fe_26_7,0.638122245
1.82_Nd2RhIn8_Nd_60_1,2.53
1.4_YBa2Cu3O6+d_Cu_29_5,1
0.438_Pr3CoGe2_Pr_59_1,3.03389189
1.327_LaMn2O5_Mn_25_9,1.61
1.327_LaMn2O5_Mn_25_17,2.590617687
1.131_Fe2As_Fe_26_1,0.95
1.131_Fe2As_Fe_26_5,1.52
0.658_BaCuTe2O6_Cu_29_13,0.459619408
0.658_BaCuTe2O6_Cu_29_22,0.459619408
0.361_Sr3LiRuO6_Ru_44_25,2.03
1.257_BaNi2As2O8_Ni_28_13,2
0.149_Nd3Ru4Al12_Nd_60_1,0.95
0.149_Nd3Ru4Al12_Nd_60_3,2.66
0.477_Mn4Ta2O9_Mn_25_5,4.7
0.477_Mn4Ta2O9_Mn_25_9,4.8
0.461_CoRh2O4_Co_27_1,3.11
1.355_DyGe3_Dy_66_1,8.2
1.355_DyGe3_Dy_66_9,8.1
1.312_HoNi2B2C_Ho_67_1,9.16
1.121_NaFeSO4F_Fe_26_5,3.846887322
1.0.37_CsMnI3_Mn_25_19,3.36
1.0.37_CsMnI3_Mn_25_25,3.360297606
0.220_Mn2SiO4_Mn_25_1,3.846426913
0.220_Mn2SiO4_Mn_25_2,3.846426913
0.220_Mn2SiO4_Mn_25_3,3.846426913
0.220_Mn2SiO4_Mn_25_5,4.676109494
0.137_Cu2V2O7_Cu_29_17,0.93
0.430_Yb3Pt4_Yb_70_1,0.807960395
0.430_Yb3Pt4_Yb_70_4,0.807960395
0.430_Yb3Pt4_Yb_70_7,0.807960395
0.451_DyRuAsO_Dy_66_1,7.6
1.468_TbMn2Si2_Mn_25_3,1.83
1.88_Mn5Si3_Mn_25_13,1.887988347
2.21_TbOOH_Tb_65_1,8.015997408
2.21_TbOOH_Tb_65_2,8.015997408
0.325_CdYb2Se4_Yb_70_1,0.622253967
0.499_UCr2Si2C_Cr_24_2,0.66
0.618_KMnBi_Mn_25_3,4.5
1.125_LaFeAsO_Fe_26_9,0.63
1.38_Nd2NaOsO6_Nd_60_9,1.61316223
1.38_Nd2NaOsO6_Nd_60_17,1.61316223
1.38_Nd2NaOsO6_Os_76_25,0.9
1.562_GeNi2O4_Ni_28_1,1.299038106
1.562_GeNi2O4_Ni_28_33,2.001112191
1.339_EuAs3_Eu_63_1,5.74
0.613_FeCr2S4_Cr_24_1,2.72
0.613_FeCr2S4_Fe_26_17,3.52
1.387_Sr2FeO3F_Fe_26_9,3.737766445
1.387_Sr2FeO3F_Fe_26_11,3.737766445
0.186_CeMnAsO_Mn_25_3,2.78
0.200_Mn3Sn_Mn_25_1,2.996447897
0.200_Mn3Sn_Mn_25_2,2.996447897
0.281_Co2V2O7_Co_27_9,2.05685283
0.281_Co2V2O7_Co_27_13,2.69119102
0.51_Ho2Ru2O7_Ho_67_1,6.299269799
0.51_Ho2Ru2O7_Ho_67_5,6.299269799
0.51_Ho2Ru2O7_Ho_67_13,6.299269799
0.51_Ho2Ru2O7_Ru_44_17,1.797136611
1.129_AgFe3(SO4)2(OD)6_Fe_26_1,3.498742631
1.129_AgFe3(SO4)2(OD)6_Fe_26_7,3.498742631
1.129_AgFe3(SO4)2(OD)6_Fe_26_13,3.498742631
0.413_UGeSe_U_92_1,0.26
0.402_Sr4Fe4O11_Fe_26_13,3.52
1.341_TmMnO3_Mn_25_9,3.75
1.143_Mn3Pt_Mn_25_1,3.4
1.493_NdMn2Si2_Mn_25_3,1.92
0.447_MnCoGeB0.05_Mn_25_1,2.01
0.447_MnCoGeB0.05_Co_27_3,0.72
0.29_Er2Ti2O7_Er_68_1,3.245573909
0.29_Er2Ti2O7_Er_68_9,3.245573909
0.347_Er2ReC2_Er_68_1,7.158121262
0.347_Er2ReC2_Er_68_5,7.675330612
1.287_V2O3_V_23_1,1.153315618
0.25_NaOsO3_Os_76_5,1
1.565_Pb2CoOsO6_Co_27_1,2.038529396
0.115_MnCO3_Mn_25_1,1.732050808
1.398_Pr2CuO4_Cu_29_9,0.48
2.38_Pb2MnWO6_Mn_25_1,2.31
2.38_Pb2MnWO6_Mn_25_3,4.292854528
2.38_Pb2MnWO6_Mn_25_5,4.292854528
2.38_Pb2MnWO6_Mn_25_9,4.402794567
2.38_Pb2MnWO6_Mn_25_11,4.402794567
2.65_UPd2Si2_U_92_1,3.37
2.65_UPd2Si2_U_92_2,2.345
2.65_UPd2Si2_U_92_4,0.295
2.65_UPd2Si2_U_92_6,0.73
2.64_DyCrO3_Dy_66_1,9.680418379
2.64_DyCrO3_Dy_66_9,9.681802518
2.64_DyCrO3_Cr_24_17,2.76
1.388_La2NiO3F2_Ni_28_9,0.7
1.170_Tm5Ni2In4_Tm_69_1,7.340980861
1.170_Tm5Ni2In4_Tm_69_9,7.513321503
1.170_Tm5Ni2In4_Tm_69_17,3.224903099
1.170_Tm5Ni2In4_Tm_69_25,3.046309242
1.170_Tm5Ni2In4_Tm_69_33,5.99082632
1.39_LiFeGe2O6_Fe_26_9,4.269161518
0.340_Nd2Zr2O7_Nd_60_1,1.26439709
0.340_Nd2Zr2O7_Nd_60_5,1.26439709
0.684_TbPt_Tb_65_1,8.099660487
0.421_EuMnSb2_Mn_25_5,1
0.454_PrScSb_Pr_59_1,2.54
0.681_Ce4Sb3_Ce_58_1,1.24
1.419_GdIn3_Gd_64_1,1
0.4_NiCr2O4_Cr_24_1,1.400071427
0.4_NiCr2O4_Ni_28_9,1.640487732
1.553_KMnAs_Mn_25_5,4.03
0.173_Pr3Ru4Al12_Pr_59_1,3.1
0.173_Pr3Ru4Al12_Pr_59_3,1.4
1.86_GeV4S8_V_23_1,0.697
1.86_GeV4S8_V_23_9,0.128
1.533_TbC2_Tb_65_1,1.6
1.533_TbC2_Tb_65_3,7.1
1.533_TbC2_Tb_65_5,5.145609779
0.410_GdAlO3_Gd_64_1,6.1
1.128_BiCoO(PO4)_Co_27_1,3.476218227
1.128_BiCoO(PO4)_Co_27_5,3.476218227
0.102_Mn2GeO4_Mn_25_1,4.092676386
0.102_Mn2GeO4_Mn_25_3,4.092676386
0.102_Mn2GeO4_Mn_25_5,4.9
0.607_RuO2_Ru_44_1,0.05
0.74_Mn3Cu0.5Ge0.5N_Mn_25_1,2.474873734
0.641_Mn3Ga_Mn_25_1,3.292567387
0.641_Mn3Ga_Mn_25_3,2.08
0.193_LiCoPO4_Co_27_5,1
1.104_Gd2CuO4_Cu_29_17,1.414213562
1.0.45_Ba3CoSb2O9_Co_27_55,1
1.116_AgMnVO4_Mn_25_1,4.004722213
1.150_PrAg_Pr_59_1,2.121320344
0.697_SmCrO3_Sm_62_1,0.412310563
0.697_SmCrO3_Sm_62_2,0.412310563
0.697_SmCrO3_Cr_24_5,2.866984479
0.423_EuMnSb2_Mn_25_5,4
1.102_U2Ni2In_U_92_1,0.593969696
1.102_U2Ni2In_U_92_3,0.593969696
1.102_U2Ni2In_Ni_28_13,0.37
1.575_ErRh_Er_68_1,6.1
0.694_Bi2CuO4_Cu_29_1,0.45
1.34_HoAuGe_Ho_67_1,6.683561925
1.34_HoAuGe_Ho_67_3,7.498666548
2.61_Fe3F8(H2O)2_Fe_26_1,4.300971605
2.61_Fe3F8(H2O)2_Fe_26_3,4.300971605
2.61_Fe3F8(H2O)2_Fe_26_9,3.955458918
3.14_FeI2_Fe_26_1,1
1.386_Sr2FeO3F_Fe_26_17,3.737766445
1.386_Sr2FeO3F_Fe_26_21,3.737766445
1.195_Er2Ni2In_Er_68_1,7.71
1.389_Sr2CoO3Cl_Co_27_9,2.82
1.555_Mn3B4_Mn_25_1,2.92
1.555_Mn3B4_Mn_25_3,0.44
1.211_Dy2O2S_Dy_66_1,7.2
0.617_KMnSb_Mn_25_3,4.1
0.550_Mn3ReO6_Mn_25_1,1.103086579
0.550_Mn3ReO6_Mn_25_17,1.895046174
0.14_Gd5Ge4_Gd_64_1,1
1.548_CsMnP_Mn_25_5,2.86
0.268_Tb2MnNiO6_Tb_65_1,7.496372456
0.268_Tb2MnNiO6_Tb_65_2,7.496372456
0.268_Tb2MnNiO6_Mn_25_5,2.726254894
0.268_Tb2MnNiO6_Ni_28_7,1.786842595
0.136_Co3B7O13Br_Co_27_1,4.7
0.136_Co3B7O13Br_Co_27_5,4.031128874
0.136_Co3B7O13Br_Co_27_9,1.708800749
1.289_CePd2Ge2_Ce_58_1,1.301076477
1.108_TbMn2O5_Tb_65_1,1.180677771
1.108_TbMn2O5_Tb_65_9,2.243211983
1.108_TbMn2O5_Mn_25_33,1.860107524
1.108_TbMn2O5_Mn_25_41,1.863357185
1.108_TbMn2O5_Mn_25_65,2.412985702
1.518_TbBe13_Tb_65_1,8.8
1.518_TbBe13_Tb_65_5,8.796590248
1.241_FeCl2_Fe_26_1,4.5
1.404_Sr2CuO2Cl2_Cu_29_9,0.34
3.15_FeI2_Fe_26_1,1
1.457_NdNiMg15_Nd_60_1,2.7
0.176_Mn3Ti2Te6_Mn_25_1,4.2
0.485_U2N2Se_U_92_1,2.3
0.579_Na2NiFeF7_Fe_26_9,4.34
0.579_Na2NiFeF7_Ni_28_13,0.966022774
1.536_UPd2Si2_U_92_1,2.4
0.301_Sr2CoTeO6_Co_27_5,2.098178146
1.356_Ho3Ge4_Ho_67_1,5.73
1.81_GdIn3_Gd_64_1,1
1.97_Li2MnO3_Mn_25_17,2.34905978
1.53_Er2BaNiO5_Er_68_9,7.23707814
1.53_Er2BaNiO5_Ni_28_25,1.391689621
1.528_Bi2Fe4O9_Fe_26_1,3.5249539
1.528_Bi2Fe4O9_Fe_26_33,3.733644332
1.578_KErSe2_Er_68_13,3.06
0.145_Co3TeO6_Co_27_1,1.032435853
0.145_Co3TeO6_Co_27_5,2.734439491
0.145_Co3TeO6_Co_27_7,2.734439491
0.145_Co3TeO6_Co_27_13,2.842009406
0.145_Co3TeO6_Co_27_21,1.098987265
0.145_Co3TeO6_Co_27_29,2.851374204
0.64_MnV2O4_Mn_25_1,4.2
0.64_MnV2O4_V_23_5,1.296263862
0.64_MnV2O4_V_23_7,1.296263862
1.261_NpRhGa5_Np_93_1,0.32
1.2_CuSe2O5_Cu_29_1,0.516623654
0.314_ZrCo2Ge4O12_Co_27_3,2.551960031
0.314_ZrCo2Ge4O12_Co_27_4,2.551960031
1.354_EuNiO3_Ni_28_17,1.18
1.0.36_CsMnI3_Mn_25_19,3.6
1.0.36_CsMnI3_Mn_25_25,3.599124894
0.255_[C(ND2)3]Cu(DCOO)3_Cu_29_1,0.63
0.122_Li2Mn(SO4)2_Mn_25_5,4.589643936
0.460_KFeO2_Fe_26_17,3.81
0.433_KMnF3_Mn_25_5,1
0.431_CuB2O4_Cu_29_1,0.863077053
0.431_CuB2O4_Cu_29_5,0.202743681
0.2_Cd2Os2O7_Os_76_17,1.039230485
0.2_Cd2Os2O7_Os_76_21,1.039230485
1.153_Mn3GaC_Mn_25_1,1.818653348
0.152_LiFePO4_Fe_26_5,4.091033855
1.407_Nd2CuO4_Cu_29_17,0.395979797
1.524_InMnO3_Mn_25_1,3.25
1.524_InMnO3_Mn_25_5,3.25
1.546_CsMnBi_Mn_25_5,4.33
1.16_BaFe2As2_Fe_26_5,0.87
0.426_EuMnBi2_Mn_25_5,3.4
1.353_SmNiO3_Sm_62_9,0.4
1.353_SmNiO3_Ni_28_17,0.85
0.566_TbNiGe2_Tb_65_1,8.8
0.386_Fe3BO5_Fe_26_5,2.3
0.386_Fe3BO5_Fe_26_21,2.4
3.8_NdZn_Nd_60_1,2.511473671
3.8_NdZn_Nd_60_2,2.511473671
3.7_NpBi_Np_93_1,2.424871131
3.7_NpBi_Np_93_2,2.424871131
1.517_DyBe13_Dy_66_1,8.5
1.517_DyBe13_Dy_66_5,8.499841175
0.236_CaFe4Al8_Fe_26_19,0.713920164
0.562_Ce2Ni3Ge5_Ce_58_1,0.4
0.105_ErVO3_Er_68_1,8.2
0.105_ErVO3_V_23_5,1.47
0.354_TbCrO3_Cr_24_5,2.55
1.60_Ca3Co2O6_Co_27_97,1
1.111_GdBiPt_Gd_64_1,6.613622306
1.381_Sr2FeO3Br_Fe_26_9,3.798577629
1.381_Sr2FeO3Br_Fe_26_11,3.798577629
1.210_FePSe3_Fe_26_1,4.9
1.186_SrRu2O6_Ru_44_3,1.3
1.421_NdRh2Si2_Nd_60_1,3.25
0.587_TmCrO3_Cr_24_5,2.58
1.12_BaNd0.9Y0.1MoO6_Nd_60_5,2.9
1.12_BaNd0.9Y0.1MoO6_Mo_42_7,0.11
1.266_SmFe3(BO3)4_Sm_62_1,0.802059848
1.266_SmFe3(BO3)4_Fe_26_7,4.2
0.196_Co4Nb2O9_Co_27_5,3.504839511
0.196_Co4Nb2O9_Co_27_9,2.595611681
1.206_Dy2Fe2Si2C_Dy_66_1,12.11029727
1.15_Er2BaNiO5_Ho_67_9,7.893959716
1.15_Er2BaNiO5_Ni_28_25,1.539350512
1.185_GeCu2O4_Cu_29_1,0.88529769
1.185_GeCu2O4_Cu_29_33,0.88529769
0.42_HoMnO3_Ho_67_3,0.27
0.42_HoMnO3_Mn_25_7,2.459512147
1.240_FeI2_Fe_26_1,3.7
0.452_TbRuAsO_Tb_65_1,5.76
0.227_NdCo2_Nd_60_1,2.43
0.227_NdCo2_Co_27_5,0.59
2.70_GdMg_Gd_64_1,7.122499561
1.90_YFe3(BO3)4_Fe_26_7,3.95
1.515_ErCo2Si2_Er_68_1,6.747933017
0.682_Ca2FeOsO6_Fe_26_5,2.58
0.682_Ca2FeOsO6_Os_76_7,1.5
1.109_HoMn2O5_Ho_67_1,1.856017241
1.109_HoMn2O5_Ho_67_9,1.324122351
1.109_HoMn2O5_Mn_25_33,2.200454499
1.109_HoMn2O5_Mn_25_41,2.197839849
1.109_HoMn2O5_Mn_25_65,2.528813951
1.109_HoMn2O5_Mn_25_81,2.531975513
1.326_PrMn2O5_Mn_25_9,2.621030332
1.326_PrMn2O5_Mn_25_11,2.621030332
1.326_PrMn2O5_Mn_25_17,0.59
2.59_Mn3As2_Mn_25_1,2.583294723
2.59_Mn3As2_Mn_25_3,2.583294723
2.59_Mn3As2_Mn_25_9,2.672257857
2.59_Mn3As2_Mn_25_11,2.672257857
2.59_Mn3As2_Mn_25_17,4.48
2.59_Mn3As2_Mn_25_21,1.386121429
2.59_Mn3As2_Mn_25_23,1.386121429
1.144_NH4FeCl2(HCOO)_Fe_26_1,3.887576183
1.0.6_CoV2O6_Co_27_13,4.4
0.372_DyCrO4_Dy_66_1,9.67
0.372_DyCrO4_Cr_24_5,0.99
0.157_Yb2Sn2O7_Yb_70_1,1.046279121
1.465_U2N2As_U_92_1,1.6
1.288_CePd2Si2_Ce_58_1,0.664680374
1.232_CuMnSb_Mn_25_1,3.83847626
3.12_USb_Np_93_1,2.857883832
3.12_USb_Np_93_2,2.857883832
1.323_CoGeO3_Co_27_1,2.885096473
1.323_CoGeO3_Co_27_5,4.321320027
1.196_MnV2O6_Mn_25_1,3.749533304
0.242_Tm2Cu2O5_Tm_69_1,3.969886648
0.242_Tm2Cu2O5_Cu_29_9,0.9
0.204_Ca2MnReO6_Mn_25_5,4.338876734
0.204_Ca2MnReO6_Re_75_7,0.219851248
1.130_Cr2As_Cr_24_1,0.4
1.130_Cr2As_Cr_24_5,1.34
0.486_ErCr2Si2_Cr_24_3,1.41
1.451_Nd6Fe13Sn_Nd_60_1,2.47
1.451_Nd6Fe13Sn_Nd_60_9,1.94
1.451_Nd6Fe13Sn_Fe_26_25,2.2
1.451_Nd6Fe13Sn_Fe_26_29,2.4
1.451_Nd6Fe13Sn_Fe_26_61,2.32
0.274_Mn4N_Mn_25_1,3.845152793
0.274_Mn4N_Mn_25_2,0.90066642
0.12_U3Ru4Al12_U_92_1,2.5
0.12_U3Ru4Al12_U_92_3,2.5
0.37_U3Al2Si3_U_92_1,0.16
0.37_U3Al2Si3_U_92_5,1.292013932
0.37_U3Al2Si3_U_92_9,1.288875479
0.126_NpCo2_Np_93_1,0.5
0.50_MnTiO3_Mn_25_7,3.9
0.276_Mn3AlN_Mn_25_1,0.90509668
0.276_Mn3AlN_Mn_25_3,1.895046174
0.72_CaMnBi2_Mn_25_3,3.73
0.81_U2Pd2Sn_U_92_1,1.895046174
0.81_U2Pd2Sn_U_92_3,1.895046174
0.404_Sr3NaRuO6_Ru_44_25,1
0.626_NaMnP_Mn_25_3,3.63
0.572_Na2NiCrF7_Cr_24_9,1.841738309
0.572_Na2NiCrF7_Ni_28_13,1.643471935
0.572_Na2NiCrF7_Ni_28_15,1.643471935
1.351_Ba2Co2F7Cl_Co_27_9,3.79
1.212_Dy2O2Se_Dy_66_1,9
0.307_ScCrO3_Cr_24_5,2.7
0.171_DyScO3_Dy_66_1,9.465896682
0.171_DyScO3_Dy_66_2,9.465896682
1.523_VPO4_V_23_1,0.8
0.313_MnGeO3_Mn_25_1,4.05123438
0.699_LiMn6Sn6_Mn_25_2,2.58
1.0.41_RbNiCl3_Ni_28_19,1.5
3.9_NpS_Np_93_1,0.692820323
3.9_NpS_Np_93_9,0.692820323
1.382_Ca2FeO3Cl_Fe_26_9,3.641599923
1.382_Ca2FeO3Cl_Fe_26_11,3.641599923
1.374_HoNiGe_Ho_67_1,9.98
1.484_Li2MnGeO4_Mn_25_33,4.895365155
1.484_Li2MnGeO4_Mn_25_41,4.895365155
0.297_NaCrGe2O6_Cr_24_5,1.85
2.15_Mn3Ni20P6_Mn_25_1,2.2
2.15_Mn3Ni20P6_Mn_25_9,2.7
0.180_MnPSe3_Mn_25_1,4.74
0.414_AlFe2B2_Fe_26_3,1.4
0.103_Mn2GeO4_Mn_25_1,3.39705755
0.103_Mn2GeO4_Mn_25_3,2.9563491
0.103_Mn2GeO4_Mn_25_5,4.468780594
0.662_Mn3Sn2_Mn_25_1,0.83
0.662_Mn3Sn2_Mn_25_9,1.53
1.13_Ba3Nb2NiO9_Ni_28_91,1.472243186
1.13_Ba3Nb2NiO9_Ni_28_97,1.472243186
2.71_HoRh_Ho_67_1,5.196152423
2.71_HoRh_Ho_67_3,5.196152423
0.436_TbNi4Si_Tb_65_1,8.66
0.471_Ba2Mn3Sb2O2_Mn_25_5,3.447
0.40_Mn2O3-alpha_Mn_25_1,3.052867504
0.40_Mn2O3-alpha_Mn_25_2,3.052867504
0.40_Mn2O3-alpha_Mn_25_5,3.471310992
0.40_Mn2O3-alpha_Mn_25_9,3.492849839
0.40_Mn2O3-alpha_Mn_25_10,3.492849839
0.40_Mn2O3-alpha_Mn_25_17,3.269556545
0.40_Mn2O3-alpha_Mn_25_25,4.188078318
1.0.48_MnSe2_Mn_25_1,2.8
0.134_Mn3B7O13I_Mn_25_1,5.419123545
0.134_Mn3B7O13I_Mn_25_3,5.419123545
0.134_Mn3B7O13I_Mn_25_5,3.8
1.352_Ba2Ni2F7Cl_Ni_28_9,1.600644577
1.352_Ba2Ni2F7Cl_Ni_28_13,1.544220291
0.237_Er2Sn2O7_Er_68_1,4.384062043
0.237_Er2Sn2O7_Er_68_9,4.384062043
1.118_GdPO4_Gd_64_1,6.893520782
0.490_YbMnO3_Yb_70_1,1.47
0.490_YbMnO3_Yb_70_3,1.76
0.490_YbMnO3_Mn_25_7,3.41
0.490_YbMnO3_Mn_25_8,3.41
0.488_YbMnO3_Yb_70_3,0.81
0.488_YbMnO3_Mn_25_7,3.325537551
0.488_YbMnO3_Mn_25_9,3.325537551
0.83_LiFeP2O7_Fe_26_3,4.620030389
1.57_CuMnO2_Mn_25_1,3.039918411
0.382_LiMnPO4_Mn_25_5,4.28
1.534_HoC2_Ho_67_1,9.75
1.534_HoC2_Ho_67_3,6.89
1.132_Mn2As_Mn_25_1,3.7
1.132_Mn2As_Mn_25_5,3.5
1.427_HoCo2Ge2_Ho_67_1,8.64
1.69_CoO_Co_27_1,3.98
1.320_Sr2FeWO6_Fe_26_17,3.855519263
1.67_TmPtIn_Tm_69_1,5.59
1.67_TmPtIn_Tm_69_17,5.59
1.182_TlMnO3_Mn_25_1,3.707263945
2.37_La8Cu7O19_Cu_29_129,0.69
2.37_La8Cu7O19_Cu_29_145,0.73
2.37_La8Cu7O19_Cu_29_177,1.167261753
2.37_La8Cu7O19_Cu_29_185,1.170587898
2.37_La8Cu7O19_Cu_29_193,1.16891862
2.37_La8Cu7O19_Cu_29_201,1.16815481
2.37_La8Cu7O19_Cu_29_209,1.322690567
2.37_La8Cu7O19_Cu_29_217,1.323977396
2.37_La8Cu7O19_Cu_29_225,1.315193905
2.37_La8Cu7O19_Cu_29_233,1.32092603
0.368_(CH3NH3)(Co(COOH)3_Co_27_1,2.894011057
0.215_BaNi2P2O8_Ni_28_4,2.000518683
0.165_SrMn(VO4)(OH)_Mn_25_5,3.318132005
0.79_CaIrO3_Ir_77_5,1
1.58_La2O2Fe2OSe2_Fe_26_17,2.83
0.160_TbCoO3_Tb_65_1,8.261961026
0.160_TbCoO3_Tb_65_3,8.261961026
0.342_Tb3Ge5_Tb_65_1,9.29
0.342_Tb3Ge5_Tb_65_9,8.41057073
0.467_TbPO4_Tb_65_1,1
0.528_CrSb_Cr_24_1,2.45
1.461_Sr2Cr3As2O2_Cr_24_7,1.97
1.573_FeSO4_Fe_26_1,5.443987509
1.365_TbCu2Si2_Tb_65_1,8.598418459
0.10_DyFeO3_Dy_66_1,1
0.10_DyFeO3_Fe_26_5,1.044030651
2.28_NpNiGa5_Np_93_1,0.837197707
0.191_BaCuF4_Cu_29_5,0.831096866
1.264_CoPS3_Co_27_1,3.356441657
1.516_ErCo2Si2_Er_68_1,8.7
0.576_Cr2F5_Cr_24_1,2.667026965
0.576_Cr2F5_Cr_24_5,3.594985018
0.349_Nd2NiO4_Nd_60_1,3.040032895
0.349_Nd2NiO4_Nd_60_2,3.040032895
0.349_Nd2NiO4_Ni_28_9,1.592545133
0.349_Nd2NiO4_Ni_28_10,1.592545133
1.556_FeSn2_Fe_26_1,1.15
0.320_U2Pd2In_U_92_1,1.548563851
0.320_U2Pd2In_U_92_3,1.548563851
0.586_YCrO3_Cr_24_5,2.96
1.458_CsCo2Se2_Co_27_3,0.772160605
1.560_GeNi2O4_Ni_28_33,1.301076477
1.213_Ho2O2Se_Ho_67_1,9.3
1.294_HoNi2B2C_Ho_67_1,8.619631663
0.192_RbFe2F6_Fe_26_5,3.99
0.192_RbFe2F6_Fe_26_9,4.29
1.526_LiCoF4_Co_27_5,3.624866598
1.566_Ba2YbRuO6_Yb_70_9,1
1.566_Ba2YbRuO6_Ru_44_13,2.57
0.263_Fe2PO5_Fe_26_1,3.89
0.263_Fe2PO5_Fe_26_5,4.22
1.544_RbMnAs_Mn_25_5,3.29
1.303_Dy3Ru4Al12_Dy_66_1,6.50177668
1.303_Dy3Ru4Al12_Dy_66_5,6.068615987
1.303_Dy3Ru4Al12_Dy_66_21,7.291303039
1.155_LiFeSO4F_Fe_26_9,3.783166541
0.315_ZrMn2Ge4O12_Mn_25_3,4.68
0.575_ZnFeF5(H2O)2_Fe_26_5,3.78
0.602_CaMnGe_Mn_25_3,2.42843571
0.333_Mn2Mo3O8_Mn_25_1,4.3
0.258_Li3Fe2(PO4)3_Fe_26_13,4.7
0.258_Li3Fe2(PO4)3_Fe_26_17,4
0.1_LaMnO3_Mn_25_5,3.87
1.9_Li2VOSiO4_V_23_17,0.629325035
0.453_DyCoSi2_Dy_66_1,5.5
1.527_CsNiF3_Ni_28_5,2.25
0.275_Mn3AlN_Mn_25_1,1.212435565
0.106_DyVO3_Dy_66_1,7.762087348
0.106_DyVO3_Dy_66_3,7.762087348
0.106_DyVO3_V_23_5,1.45
2.67_FeSn2_Fe_26_1,1.701352403
0.620_NdMnAsO_Mn_25_3,2.35
1.233_CuMnSb_Mn_25_1,2.944486373
0.563_Ce2Ni3Ge5_Ce_58_1,0.4
0.292_NiTe2O5_Ni_28_1,2.183643744
0.506_Cs2Cu3SnF12_Cu_29_5,0.679251052
0.506_Cs2Cu3SnF12_Cu_29_7,0.680768315
0.506_Cs2Cu3SnF12_Cu_29_9,0.680768315
0.31_HoMnO3_Mn_25_7,2.52
0.31_HoMnO3_Mn_25_8,2.52
1.162_NdMg_Nd_60_1,2.6
0.184_Nd5Si4_Nd_60_1,2.394744245
0.184_Nd5Si4_Nd_60_5,2.470202421
0.184_Nd5Si4_Nd_60_13,2.786269908
0.184_Nd5Si4_Nd_60_14,2.786269908
1.262_NpRhGa5_Np_93_1,0.890954544
3.16_Gd2Ti2O7_Gd_64_1,7.000357134
3.16_Gd2Ti2O7_Gd_64_33,7.000357134
1.0.39_BaMnO3_Mn_25_7,3
0.198_GdVO4_Gd_64_1,7
0.664_Mn3Sn2_Mn_25_1,2.967305175
0.664_Mn3Sn2_Mn_25_9,2.3
0.20_MnTe2_Mn_25_1,4.278165495
0.20_MnTe2_Mn_25_2,4.278165495
1.574_NdBiPt_Nd_60_1,1.78
1.245_CoBr2_Co_27_1,2.771281292
0.328_KMnF4_Mn_25_5,2.833599615
2.23_Sr2CoO2Ag2Se2_Co_27_9,3.765634077
2.23_Sr2CoO2Ag2Se2_Co_27_11,3.765634077
1.545_RbMnBi_Mn_25_5,4.24
1.314_NaFeSi2O6_Fe_26_5,2.364810512
0.590_ErCrO3_Er_68_1,5.2
0.590_ErCrO3_Cr_24_5,2.901723626
1.61_MnWO4_Mn_25_1,4.459101516
0.80_U2Pd2In_U_92_1,1.400071427
0.80_U2Pd2In_U_92_3,1.400071427
0.474_EuMn2Ge2_Mn_25_3,3.41
1.463_Sr2Fe3Se2O3_Fe_26_25,3.01
0.228_TbCo2_Tb_65_1,8.3
0.228_TbCo2_Co_27_7,1.3
0.228_TbCo2_Co_27_10,1.19
2.3_HoNiO3_Ho_67_1,7.557770145
2.3_HoNiO3_Ho_67_3,7.557770145
2.3_HoNiO3_Ni_28_17,1.420245461
2.3_HoNiO3_Ni_28_25,0.531893318
0.210_Sr2CoOsO6_Co_27_9,1.570031847
0.210_Sr2CoOsO6_Os_76_13,0.700357052
1.214_Yb2O2Se_Yb_70_1,1.558845727
1.49_Ag2NiO2_Ni_28_1,0.662054949
1.49_Ag2NiO2_Ni_28_5,0.331027475
0.621_NdMnAsO_Nd_60_1,1.93
0.621_NdMnAsO_Mn_25_3,3.33
0.407_NdSi_Nd_60_1,2.597248544
1.379_ErNiGe_Er_68_1,9.046126243
2.27_Sr2Mn3Sb2O2_Mn_25_9,4.2
2.27_Sr2Mn3Sb2O2_Mn_25_13,3.5
3.2_UO2_U_92_1,1.732050808
3.2_UO2_U_92_2,1.732050808
0.513_YRuO3_Ru_44_5,0.33
0.300_Fe2O3_Fe_26_1,3.6
0.300_Fe2O3_Fe_26_9,2.5
0.300_Fe2O3_Fe_26_13,2.7
0.8_ScMnO3_Mn_25_7,3.544615635
0.8_ScMnO3_Mn_25_8,3.544615635
0.518_TbCr2Si2_Cr_24_3,1.62
0.580_Na2NiFeF7_Fe_26_9,4.93
0.580_Na2NiFeF7_Ni_28_13,1.359779394
1.156_LaMn3Cr4O12_Mn_25_3,3.394819583
1.156_LaMn3Cr4O12_Cr_24_9,2.892524849
0.666_CeMnSbO_Ce_58_1,1.02
0.666_CeMnSbO_Mn_25_3,3.92
0.336_NdFeO3_Fe_26_5,3.84
1.512_TbCo2Si2_Tb_65_1,8.8
0.339_Nd2Hf2O7_Nd_60_1,0.623538291
0.339_Nd2Hf2O7_Nd_60_5,0.623538291
1.89_DyFe3(BO3)4_Dy_66_1,6.650421039
1.89_DyFe3(BO3)4_Fe_26_7,4.4527295
1.89_DyFe3(BO3)4_Fe_26_13,4.458183487
0.264_Fe3(PO4)2_Fe_26_3,4.31
1.462_La2CoPtO6_Co_27_17,2.814954377
1.242_FeBr2_Fe_26_1,3.9
1.506_GdAuSn_Gd_64_1,5.6
0.670_Sr2YbRuO6_Yb_70_5,0.922039037
0.670_Sr2YbRuO6_Ru_44_7,2.998217735
0.327_CsMnF4_Mn_25_5,4
1.413_Ce3Ni2Ge7_Ce_58_3,1.98
1.134_Co2C10O8H2_Co_27_1,2.975524293
1.165_Ni3TeO6_Ni_28_1,2.03
1.32_Lu2MnCoO6_Mn_25_9,2.56
0.218_Co2SiO4_Co_27_1,3.88485521
0.218_Co2SiO4_Co_27_2,3.88485521
0.218_Co2SiO4_Co_27_5,3.64
0.425_Na2CoP2O7_Co_27_17,2.920992982
1.535_UPd2Ge2_U_92_1,2.37
1.535_UPd2Ge2_U_92_5,2.23
0.411_Tb5Ge4_Tb_65_1,8.432680475
0.411_Tb5Ge4_Tb_65_5,7.706075525
0.411_Tb5Ge4_Tb_65_13,8.726402466
1.549_U2Ni2In_U_92_1,0.917824602
1.549_U2Ni2In_U_92_3,0.917824602
1.299_GdMn2O5_Gd_64_1,6.671409146
1.299_GdMn2O5_Gd_64_5,6.449379815
1.299_GdMn2O5_Mn_25_9,2.241628872
1.299_GdMn2O5_Mn_25_17,3.357647986
1.299_GdMn2O5_Mn_25_21,3.618079601
0.364_SrCr2As2_Cr_24_3,1.9
1.54_GdMn2O5_Gd_64_1,5.135542815
1.54_GdMn2O5_Gd_64_5,4.752904375
1.54_GdMn2O5_Mn_25_9,3.004163777
1.54_GdMn2O5_Mn_25_17,4.006607043
0.129_Cu3Mo2O9_Cu_29_1,0.989949494
0.75_Cr2WO6_Cr_24_1,1
1.426_UGeS_U_92_1,1.26
1.147_Li2Fe(SO4)2_Fe_26_9,3.222328351
0.551_Mn3ReO6_Mn_25_1,4.497199128
0.551_Mn3ReO6_Mn_25_17,1.994041123
0.551_Mn3ReO6_Re_75_25,0.989949494
0.111_Co4Nb2O9_Co_27_5,3
1.96_BaNd2O4_Nd_60_33,2.64473061
1.96_BaNd2O4_Nd_60_37,2.64473061
0.530_SrCuTe2O6_Cu_29_13,0.395979797
0.530_SrCuTe2O6_Cu_29_17,0.395979797
2.51_EuMnBi2_Eu_63_1,6.396764807
2.51_EuMnBi2_Mn_25_5,3.4
0.323_LaCrO3_Cr_24_5,2.51
0.138_BiCrO3_Cr_24_1,2.04
0.358_CaFe5O7_Fe_26_3,3.8
0.358_CaFe5O7_Fe_26_7,3.9
0.358_CaFe5O7_Fe_26_11,3.5
0.326_Nd2Sn2O7_Nd_60_1,1.707802096
0.326_Nd2Sn2O7_Nd_60_5,1.707802096
0.326_Nd2Sn2O7_Nd_60_13,1.707802096
1.318_Sr2Ru0.95Fe0.05O4_Ru_44_65,0.28
0.240_Er2Cu2O5_Er_68_1,6.256996084
0.240_Er2Cu2O5_Er_68_2,6.256996084
0.240_Er2Cu2O5_Cu_29_9,1.2
0.639_Mn2Au_Mn_25_1,4.3
0.266_Na2BaCo(VO4)2_Mn_25_4,2.2
0.478_SmCrO3_Sm_62_1,0.7
0.478_SmCrO3_Cr_24_5,2.404682931
0.478_SmCrO3_Cr_24_6,2.404682931
0.672_CaCu3Fe2Sb2O12_Fe_26_3,4.33
0.672_CaCu3Fe2Sb2O12_Cu_29_7,0.93
0.581_FeF3_Fe_26_1,4.45
1.145_Mn3Ni20P6_Mn_25_1,2.4
1.255_UPtGa5_U_92_1,0.32
0.578_NaBaFe2F9_Fe_26_9,3.591928495
0.578_NaBaFe2F9_Fe_26_13,3.612228963
1.0.11_CeCoGe3_Ce_58_1,0.36
0.15_MnF2_Mn_25_1,4.6
0.216_SrEr2O4_Er_68_5,4.5
1.455_Mn6Ni16Si7_Mn_25_1,4.738143096
1.455_Mn6Ni16Si7_Mn_25_9,4.738143096
1.455_Mn6Ni16Si7_Mn_25_17,0.65
1.291_CeAu2Si2_Ce_58_1,1.29
1.297_CuFe2(P2O7)2_Fe_26_1,4.88
1.297_CuFe2(P2O7)2_Cu_29_17,0.83
1.531_PrC2_Pr_59_1,1.14
0.519_HoCr2Si2_Cr_24_3,1.6
1.482_Er2Fe2Si2C_Er_68_1,8.823495155
0.169_U3As4_U_92_1,1.9
0.169_U3As4_U_92_3,1.9
0.685_ErPt_Er_68_1,8.095677859
0.30_YbMnO3_Mn_25_7,3.256255518
0.30_YbMnO3_Mn_25_9,3.256255518
1.306_Na2BaMn(VO4)2_Mn_25_13,2.040980592
0.3_Ca3LiOsO6_Os_76_25,2.2
0.86_KMn4(PO4)3_Mn_25_5,4.43
0.86_KMn4(PO4)3_Mn_25_9,4.21
0.86_KMn4(PO4)3_Mn_25_13,4.57
0.73_SrMnBi2_Mn_25_5,3.75
1.563_GeNi2O4_Ni_28_1,1.103086579
1.563_GeNi2O4_Ni_28_33,2.291025971
0.589_NdCrO3_Nd_60_1,1.3
0.589_NdCrO3_Cr_24_5,2.553918558
0.207_TlFe1.6Se2_Fe_26_11,3.031185247
0.207_TlFe1.6Se2_Fe_26_13,3.031185247
0.194_UPt2Si2_U_92_1,1.67
0.692_Ba4Ru3O10_Ru_44_21,1
0.403_NdCo2_Nd_60_1,2.38
0.403_NdCo2_Co_27_5,0.65
0.403_NdCo2_Co_27_9,0.63
1.489_CeMn2Si2_Mn_25_3,2.01
0.612_Cu2OSO4_Cu_29_1,0.856601425
0.612_Cu2OSO4_Cu_29_3,0.856601425
0.612_Cu2OSO4_Cu_29_5,0.86
0.651_Er3Cu4O7_Er_68_1,8.86
0.424_EuMnSb2_Eu_63_1,5.813776741
0.424_EuMnSb2_Eu_63_2,5.813776741
0.424_EuMnSb2_Mn_25_5,4.5
0.309_TlCrO3_Cr_24_5,2.46
2.53_Ba2Mn3Sb2O2_Mn_25_17,3.617
2.53_Ba2Mn3Sb2O2_Mn_25_33,3.563818177
2.48_Pr2CuO4_Cu_29_9,0.480832611
2.48_Pr2CuO4_Cu_29_11,0.480832611
1.25_KFe3(OH)6(SO4)2_Fe_26_7,3.810511777
1.25_KFe3(OH)6(SO4)2_Fe_26_19,3.810511777
1.63_MnPb4Sb6S14_Mn_25_1,3.2
1.92_HoFe3(BO3)4_Ho_67_1,5.012733785
1.92_HoFe3(BO3)4_Ho_67_5,5.012733785
1.92_HoFe3(BO3)4_Fe_26_7,4.4
1.77_Sr2IrO4_Ir_77_17,0.207624661
0.146_EuZrO3_Eu_63_1,7.3
0.312_MnGeO3_Mn_25_1,4.289958683
0.277_MgMnO3_Mn_25_7,2.53
1.167_NiS2_Ni_28_1,1.265721138
1.167_NiS2_Ni_28_9,0.655146548
1.167_NiS2_Ni_28_17,0.655146548
1.167_NiS2_Ni_28_25,1.265569832
1.383_Ca2FeO3Br_Fe_26_9,3.486036431
1.383_Ca2FeO3Br_Fe_26_11,3.486036431
2.66_FeSn2_Fe_26_1,1.636826197
2.66_FeSn2_Fe_26_2,1.636826197
1.0.7_LuFe2O4_Fe_26_28,4.5
0.143_Cr2TeO6_Cr_24_1,2.45
0.56_Ba2CoGe2O7_Co_27_5,2.899137803
0.479_SmCrO3_Sm_62_1,1.3
0.479_SmCrO3_Cr_24_5,2.796873254
0.561_NdNiGe2_Nd_60_1,2.32
0.280_Mn3As_Mn_25_1,5.196152423
2.5_Mn3CuN_Mn_25_1,2.855766097
2.5_Mn3CuN_Mn_25_2,2.855766097
2.5_Mn3CuN_Mn_25_4,2.855766097
2.5_Mn3CuN_Mn_25_5,0.65
1.559_MnSn2_Mn_25_1,2.333452378
0.163_MnPS3_Mn_25_1,4.434017243
1.75_BiMn2O5_Mn_25_1,2.140420519
1.75_BiMn2O5_Mn_25_9,2.145903073
1.75_BiMn2O5_Mn_25_17,2.849175319
1.75_BiMn2O5_Mn_25_21,2.820567319
1.75_BiMn2O5_Mn_25_25,2.839330907
1.75_BiMn2O5_Mn_25_29,2.813751944
1.223_Tm2CoGa8_Tm_69_1,2.35
0.444_YbCl3_Yb_70_1,0.806670188
0.114_CoCO3_Co_27_1,1.732050808
1.0.24_ThMn2_Mn_25_55,1.6
1.0.24_ThMn2_Mn_25_61,1.6
1.200_U2Ni2Sn_U_92_1,1.414213562
0.409_TmNi_Tm_69_1,5.899101627
1.271_CeSbTe_Ce_58_1,0.38
1.476_Ba2CoO4_Co_27_33,3.458171392
1.476_Ba2CoO4_Co_27_37,3.458171392
0.65_Fe2O3-alpha_Fe_26_1,4.118
0.608_PrMnO3_Mn_25_5,1.77
0.130_Cu3Mo2O9_Cu_29_1,0.085
0.130_Cu3Mo2O9_Cu_29_5,0.622987961
0.130_Cu3Mo2O9_Cu_29_6,0.622987961
1.36_Dy2BaNiO5_Dy_66_9,7.700233763
1.36_Dy2BaNiO5_Ni_28_25,1.350592463
1.0.43_UPd2Si2_U_92_1,2.55
1.0.43_UPd2Si2_U_92_3,1.275
0.335_FeF3_Fe_26_1,2.6
0.48_Tb2Sn2O7_Tb_65_1,5.872393039
0.48_Tb2Sn2O7_Tb_65_5,5.872393039
0.449_Tb2Pt_Tb_65_1,5.571355311
0.449_Tb2Pt_Tb_65_5,5.575840744
0.24_LiMnPO4_Mn_25_5,3.9
0.705_HoMn6Sn6_Ho_67_1,4.68
0.705_HoMn6Sn6_Mn_25_2,2.18
1.568_GdCu2Si2_Gd_64_1,7.2
1.74_BiMn2O5_Mn_25_1,2.512687804
1.74_BiMn2O5_Mn_25_17,3.220931542
1.8_CeRu2Al10_Ce_58_1,0.34
0.622_NdMnAsO_Nd_60_1,1.94
0.622_NdMnAsO_Mn_25_3,3.72
0.239_Ca3LiRuO6_Ru_44_25,2.8
1.227_Ca2Cr2O5_Cr_24_9,1.713271724
0.642_LaMnO3_Mn_25_5,3.7
1.154_NaFeSi2O6_Fe_26_5,1.734443794
0.573_Na2NiCrF7_Cr_24_9,2.220202693
0.573_Na2NiCrF7_Ni_28_13,1.751113931
1.79_Li2CoSiO4_Co_27_33,2.92
0.22_DyB4_Dy_66_1,9.8
0.148_La2LiRuO6_Ru_44_7,2.201705627
0.45_La2NiO4_Ni_28_9,1.68
1.541_RbMnP_Mn_25_5,3.87
1.0.18_Cs2MnU3F16_U_92_37,1.97
1.0.18_Cs2MnU3F16_Mn_25_91,3.26
1.487_CeIrAl4Si2_Ce_58_1,1.41
0.600_CaMnSi_Mn_25_3,1.96
1.469_YMn2Si2_Mn_25_3,2.21
0.367_EuCr2As2_Eu_63_1,6.2
0.367_EuCr2As2_Cr_24_3,1.7
0.466_ThCr2Si2_Cr_24_3,1.2
1.0.13_FeI2_Fe_26_1,1
0.95_LiFePO4_Fe_26_5,4.19
0.584_Fe2F5(H2O)2_Fe_26_1,3.888444419
0.584_Fe2F5(H2O)2_Fe_26_5,4.912972624
1.445_Y2BaCuO5_Cu_29_49,0.55
0.385_LiCoPO4_Co_27_5,3.536240942
0.591_ErCrO3_Cr_24_5,2.45
1.139_Ho2RhIn8_Ho_67_1,6.9
0.35_Cu2OSeO3_Cu_29_1,0.606217783
0.448_Ce4Ge3_Ce_58_1,1.55
1.201_Cr2ReO6_Cr_24_1,1.62080227
1.201_Cr2ReO6_Re_75_17,0.259807621
1.260_NaMnGe2O6_Mn_25_9,1.828552092
0.60_[NH2(CH3)2]n[FeIIIFeII(HCOO)6]n_Fe_26_1,3.939543121
0.60_[NH2(CH3)2]n[FeIIIFeII(HCOO)6]n_Fe_26_19,4.1
0.211_Ca2MnO4_Mn_25_17,2.4
0.41_Mn2O3-alpha_Mn_25_1,2.692582404
0.41_Mn2O3-alpha_Mn_25_5,3.104834939
0.41_Mn2O3-alpha_Mn_25_9,3.014962686
0.41_Mn2O3-alpha_Mn_25_17,2.915475947
0.41_Mn2O3-alpha_Mn_25_25,3.544009029
1.521_FeSO4_Fe_26_1,4.1
1.0.32_EuIn2As2_Eu_63_1,2.494153163
1.0.32_EuIn2As2_Eu_63_2,2.494153163
0.150_NiS2_Ni_28_1,0.98553691
0.150_NiS2_Ni_28_2,0.98553691
0.150_NiS2_Ni_28_4,0.98553691
0.501_LiFe2F6_Fe_26_3,4.4
0.155_CaMnGe2O6_Mn_25_5,4.186858127
0.445_MnCoGe_Mn_25_1,3.54
0.445_MnCoGe_Co_27_5,0.63
1.0.5_Sr3CoIrO6_Co_27_19,3.6
1.0.5_Sr3CoIrO6_Co_27_21,1.8
1.0.5_Sr3CoIrO6_Ir_77_25,0.6
1.0.5_Sr3CoIrO6_Ir_77_27,0.3
1.324_DyMn2O5_Dy_66_1,9.201114063
1.324_DyMn2O5_Dy_66_3,9.201114063
1.324_DyMn2O5_Mn_25_9,1.973854098
1.324_DyMn2O5_Mn_25_11,1.973854098
1.324_DyMn2O5_Mn_25_17,2.448999796
0.657_PrMn2Ge2_Mn_25_3,2.428703358
1.440_CrPS4_Cr_24_1,2.842644517
1.424_UCu5_U_92_1,0.90066642
2.54_Sr2Cr3As2O2_Cr_24_9,3.1
2.54_Sr2Cr3As2O2_Cr_24_13,2.192031022
0.416_LaCrO3_Cr_24_7,1.67
0.16_EuTiO3_Eu_63_1,6.929646456
0.489_YbMnO3_Yb_70_3,1.15
0.489_YbMnO3_Mn_25_7,3.412140091
0.489_YbMnO3_Mn_25_9,3.412140091
0.498_LaMn2Si2_Mn_25_3,2.21
0.89_BaMn2Bi2_Mn_25_3,3.83
1.460_PrCuSi_Pr_59_1,1.402961154
2.6_Nd2CuO4_Cu_29_17,1
1.439_BaCoF4_Co_27_9,3.4
0.384_LiCoPO4_Co_27_5,4.203772116
0.652_HoMnO3_Ho_67_1,4.2
0.652_HoMnO3_Ho_67_3,1.3
0.652_HoMnO3_Mn_25_7,3.01
0.652_HoMnO3_Mn_25_9,3.01
0.497_LaMn2Si2_Mn_25_3,2.607905865
0.553_K2ReI6_Re_75_5,2.2
1.349_CoNb3S6_Co_27_13,2.6
0.161_CoSe2O5_Co_27_1,3
1.305_Mn5Si3_Mn_25_13,1.48
0.504_NaCrSi2O6_Cr_24_5,2.304886114
1.325_PrMn2O5_Mn_25_9,1.82
0.308_InCrO3_Cr_24_1,2.5
1.248_NiBr2_Ni_28_1,2.000518683
1.93_HoFe3(BO3)4_Ho_67_1,4.7
1.93_HoFe3(BO3)4_Fe_26_7,4.2
1.93_HoFe3(BO3)4_Fe_26_13,4.788527958
1.473_CuBr(C4H4N2)2(BF4)_Cu_29_1,0.6
0.594_UAsS_U_92_1,1.24
1.265_CuMnSb_Mn_25_1,3.897114317
0.330_ErGe3_Er_68_1,8.395296302
0.47_Gd2Sn2O7_Gd_64_1,6.081118318
0.47_Gd2Sn2O7_Gd_64_9,6.081118318
0.43_HoMnO3_Ho_67_1,4.17
0.43_HoMnO3_Ho_67_3,1.31
0.43_HoMnO3_Mn_25_7,3.32
0.43_HoMnO3_Mn_25_8,3.32
0.565_Ce2Ni3Ge5_Ce_58_1,0.474341649
1.362_Er3Ge4_Er_68_1,7.320116119
1.362_Er3Ge4_Er_68_9,6.37
1.577_SrNd2O4_Nd_60_17,0.297321375
1.577_SrNd2O4_Nd_60_33,1.955019181
1.577_SrNd2O4_Nd_60_37,1.955019181
0.482_SrMn2As2_Mn_25_2,3.6
0.605_BaMn2Ge2_Mn_25_3,3.66
1.368_Tb2Ni3Si5_Tb_65_1,7.87
0.481_HoNi_Ho_67_1,9.616423452
0.151_Tm2Mn2O7_Tm_69_1,2.310541062
0.151_Tm2Mn2O7_Mn_25_9,1.847078775
1.187_TbRh2Si2_Tb_65_1,8.5
0.229_Ba2MnSi2O7_Mn_25_5,4.1
1.0.29_CeIrGe3_Ce_58_1,0.45
1.0.29_CeIrGe3_Ce_58_3,0.62
1.0.29_CeIrGe3_Ce_58_5,0.17
1.191_HoCr(BO3)2_Cr_24_7,3.074166554
0.465_HoCr2Si2_Cr_24_3,1.6
0.640_Mn2Au_Mn_25_1,4
1.0.9_CsCoCl3_Co_27_7,2.8
1.0.9_CsCoCl3_Co_27_9,2.66
1.0.46_Ba3MnSb2O9_Mn_25_37,4.08
1.0.46_Ba3MnSb2O9_Mn_25_41,4.077070026
1.0.46_Ba3MnSb2O9_Mn_25_43,4.077070026
1.290_CeRh2Si2_Ce_58_1,1.28
1.293_NdNi2B2C_Nd_60_1,2.1
1.411_EuMn2P2_Eu_63_1,6.98
0.107_Ho2Ge2O7_Ho_67_1,9.055324401
1.127_BiNiO(PO4)_Ni_28_1,2.139841414
1.127_BiNiO(PO4)_Ni_28_5,2.139841414
2.50_EuMnBi2_Eu_63_1,6.4
2.50_EuMnBi2_Mn_25_5,3.4
0.232_TmMn3O6_Mn_25_5,1.957
0.232_TmMn3O6_Mn_25_7,3.1
0.232_TmMn3O6_Mn_25_9,1.89
0.232_TmMn3O6_Mn_25_13,1.58
1.43_PrNiO3_Ni_28_17,0.93
0.656_NdMn2Ge2_Mn_25_3,1.862525168
0.656_NdMn2Ge2_Mn_25_5,1.862525168
1.6_NiO_Ni_28_1,2.449489743
0.338_Co2Mo3O8_Co_27_1,3.44
0.338_Co2Mo3O8_Co_27_3,3.35
1.42_La2NiO4_Ni_28_9,1.6
0.523_CaMn2Sb2_Mn_25_2,3.37764711
2.1_EuFe2As2_Eu_63_1,6.8
2.1_EuFe2As2_Fe_26_5,0.98
0.630_NaMnAs_Mn_25_3,3.45
1.62_CuO_Cu_29_1,0.65
1.0.21_K2Mn3(VO4)2CO3_Mn_25_37,5
1.0.21_K2Mn3(VO4)2CO3_Mn_25_73,3.7
1.0.21_K2Mn3(VO4)2CO3_Mn_25_79,1.85
1.576_Yb2O2S_Yb_70_1,2
1.33_ErAuGe_Er_68_1,8.8
1.208_UAs_U_92_1,1.9
0.377_Mn3Ge_Mn_25_1,2.650037736
0.377_Mn3Ge_Mn_25_2,2.650037736
0.127_Dy3Al5O12_Dy_66_1,9
1.224_CoNb2O6_Co_27_17,3.045816803
0.638_RbFeSe2_Fe_26_5,2.66
0.629_NaMnAs_Mn_25_3,4.01
1.547_CsMnP_Mn_25_5,3.55
1.286_Fe2(C2O4)3.4H2O_Fe_26_1,4.152758676
0.241_Y2Cu2O5_Cu_29_9,1.1
0.69_Co4(OH)2(C10H16O4)3_Co_27_1,2.19
0.69_Co4(OH)2(C10H16O4)3_Co_27_5,2.688215021
0.69_Co4(OH)2(C10H16O4)3_Co_27_7,2.688215021
1.44_NdNiO3_Nd_60_1,2.1
1.44_NdNiO3_Ni_28_17,0.900943949
1.308_MnBi2Te4_Mn_25_1,4.04
1.401_Nd5Pb3_Nd_60_1,3.2
1.401_Nd5Pb3_Nd_60_9,1.1
1.401_Nd5Pb3_Nd_60_17,1.8
1.444_Er2Pt_Er_68_1,5.608029957
1.444_Er2Pt_Er_68_3,5.608029957
1.444_Er2Pt_Er_68_9,6.003332408
0.23_Ca3Mn2O7_Mn_25_13,2.67
0.701_TbMn6Sn6_Tb_65_1,5.82
0.701_TbMn6Sn6_Mn_25_2,2.01
0.463_Co3O4_Co_27_1,3.26
0.185_Nd5Ge4_Nd_60_1,1.846943421
0.185_Nd5Ge4_Nd_60_5,3.171529599
0.185_Nd5Ge4_Nd_60_13,2.74963634
1.126_NaCoSO4F_Co_27_5,4.063557555
0.606_BaMn2Ge2_Mn_25_3,3.6
0.700_TbMn6Sn6_Tb_65_1,8.57
0.700_TbMn6Sn6_Mn_25_2,2.39
0.511_Co4Ta2O9_Co_27_5,2.738959657
0.511_Co4Ta2O9_Co_27_9,2.035657142
0.511_Co4Ta2O9_Co_27_10,2.035657142
0.135_Ni3B7O13Br_Ni_28_1,3.560912804
0.135_Ni3B7O13Br_Ni_28_5,1.325179233
0.135_Ni3B7O13Br_Ni_28_9,1.402176879
0.135_Ni3B7O13Br_Ni_28_10,1.402176879
0.526_Mn4Ta2O9_Mn_25_5,5.1
0.526_Mn4Ta2O9_Mn_25_9,4.8
0.520_TbCoO3_Tb_65_1,8.261961026
0.520_TbCoO3_Tb_65_3,8.261961026
0.273_Mn3ZnN_Mn_25_1,1.210566809
1.51_Cs2CoCl4_Co_27_33,1.64924225
0.188_CeMnAsO_Ce_58_1,0.761577311
0.188_CeMnAsO_Mn_25_3,3.32
2.32_Dy3Ru4Al12_Dy_66_1,8.930845425
2.32_Dy3Ru4Al12_Dy_66_43,8.930845425
0.693_Ba4Ru3O10_Ru_44_21,0.89
1.135_C8H10Co2O11_Co_27_1,2.586533833
1.135_C8H10Co2O11_Co_27_5,3.415040454
1.135_C8H10Co2O11_Co_27_7,2.962135297
0.542_Mn2FeReO6_Mn_25_1,0.56
0.542_Mn2FeReO6_Fe_26_5,4.02
0.542_Mn2FeReO6_Re_75_7,0.59
0.631_NaMnSb_Mn_25_3,4.08
1.530_CeC2_Ce_58_1,1.74
1.71_SrCo2V2O8_Co_27_25,2.25
0.299_Fe2O3_Fe_26_1,3.1
0.299_Fe2O3_Fe_26_9,0.9
1.176_YbCo2Si2_Yb_70_1,1.414213562
0.595_UPTe_U_92_1,1.44
1.230_NiPS3_Ni_28_1,1
0.324_CdYb2S4_Yb_70_1,0.770746391
0.324_CdYb2S4_Yb_70_5,0.770746391
1.519_CoSO4_Co_27_1,3.297301927
2.49_La2O2Fe2OSe2_Fe_26_33,3.5
0.396_MnPtGa_Mn_25_1,2.692582404
1.141_NdMgPb_Pr_59_1,3.375574025
0.440_SrCuTe2O6_Cu_29_13,0.523259018
0.440_SrCuTe2O6_Cu_29_15,0.523259018
0.156_CaMnGe2O6_Mn_25_5,4.168689437
1.364_HoCu2Si2_Ho_67_1,8.810204311
1.0.8_Ba3MnNb2O9_Mn_25_28,4.91
1.0.8_Ba3MnNb2O9_Mn_25_31,4.91
1.416_Tb2O2S_Tb_65_1,7.218032973
1.414_CeNiGe3_Ce_58_1,0.22
1.194_NiWO4_Ni_28_1,2.248384966
0.141_Tb5Ge4_Tb_65_1,7.08942875
0.141_Tb5Ge4_Tb_65_9,8.374962686
0.141_Tb5Ge4_Tb_65_17,7.700058441
1.425_UGeTe_U_92_1,1.5
0.230_K2CoP2O7_Co_27_9,3.03
1.370_Li2CuO2_Cu_29_5,0.96
1.26_CsFe2Se3_Fe_26_17,1.77
0.353_TbFeO3_Tb_65_1,8.663261511
0.353_TbFeO3_Tb_65_3,8.663261511
0.353_TbFeO3_Fe_26_5,4.8
1.551_LiMnAs_Mn_25_5,2.59
1.169_CaCoGe2O6_Co_27_5,2.925799622
0.371_NdMnO3_Nd_60_1,1.06
0.371_NdMnO3_Mn_25_5,2.951135375
0.371_NdMnO3_Mn_25_6,2.951135375
1.22_DyCu2Si2_Dy_66_1,8.3
1.278_Cu(NCS)2_Cu_29_1,0.300017736
1.0.27_Li2MnTeO6_Mn_25_37,1.177794549
1.0.27_Li2MnTeO6_Mn_25_40,1.177794549
0.412_Tb5Ge4_Tb_65_1,4.57
0.412_Tb5Ge4_Tb_65_5,3.021588986
0.412_Tb5Ge4_Tb_65_13,3.685105155
1.103_U2Rh2Sn_U_92_1,0.53
2.11_TbMg_Tb_65_1,7.339782013
1.554_KMnAs_Mn_25_5,2.93
0.21_PbNiO3_Ni_28_1,1.69
0.269_Tb2MnNiO6_Tb_65_1,1.177964346
0.269_Tb2MnNiO6_Mn_25_5,2.712545834
0.269_Tb2MnNiO6_Ni_28_7,1.805564944
0.615_FeCr2S4_Cr_24_1,2.63
0.615_FeCr2S4_Fe_26_17,3.72
1.239_MnBr2_Mn_25_1,1
0.408_PrSi_Pr_59_1,2.80303407
0.235_MnPrMnSbO6_Pr_59_1,2.2
0.235_MnPrMnSbO6_Mn_25_5,5.1
1.346_TlMnF4_Mn_25_1,3.1
2.7_Sm2CuO4_Cu_29_17,0.38
0.147_EuZrO3_Eu_63_1,6.4
1.192_SmMn2O5_Sm_62_1,0.43
1.192_SmMn2O5_Mn_25_9,1.6
1.192_SmMn2O5_Mn_25_17,3
2.19_Mn3ZnC_Mn_25_1,2.72503211
2.19_Mn3ZnC_Mn_25_3,2.72503211
2.19_Mn3ZnC_Mn_25_9,1.6
0.167_Nd3Sb3Mg2O14_Nd_60_1,1.785525133
0.167_Nd3Sb3Mg2O14_Nd_60_4,1.785525133
0.167_Nd3Sb3Mg2O14_Nd_60_7,1.785525133
1.45_NdNiO3_Ni_28_17,0.94
0.689_PrPt_Pr_59_1,2.2
1.136_AgCrS2_Cr_24_1,2.66
0.158_Yb2Ti2O7_Yb_70_1,0.895488693
1.307_Mn5Si3_Mn_25_1,1.200374941
1.307_Mn5Si3_Mn_25_13,2.302563788
1.307_Mn5Si3_Mn_25_17,1.852646755
2.13_UP_U_92_1,1.909188309
2.13_UP_U_92_3,1.909188309
2.68_FeGe2_Fe_26_1,0.730036985
2.68_FeGe2_Fe_26_2,0.730036985
0.117_LuFeO3_Fe_26_7,2.9
3.10_NpSe_Np_93_1,1.299038106
3.10_NpSe_Np_93_9,1.299038106
0.289_NdMnO3_Nd_60_1,1.2
0.289_NdMnO3_Mn_25_5,3.224903099
0.289_NdMnO3_Mn_25_6,3.224903099
1.205_Dy2Fe2Si2C_Dy_66_1,6.6
1.539_KMnP_Mn_25_5,3.96
0.231_TmMn3O6_Tm_69_1,0.77
0.231_TmMn3O6_Tm_69_3,3.7
0.231_TmMn3O6_Mn_25_5,2.003
0.231_TmMn3O6_Mn_25_7,3.17
0.231_TmMn3O6_Mn_25_9,1.91
0.231_TmMn3O6_Mn_25_13,1.59
0.331_Fe2Mo3O8_Fe_26_1,4.6
0.101_Mn2GeO4_Mn_25_1,3.02654919
0.101_Mn2GeO4_Mn_25_5,4.5
1.348_CuFeO2_Fe_26_1,1
2.30_CeRh2Si2_Ce_58_1,2.39
2.30_CeRh2Si2_Ce_58_9,0.16
0.71_Li2Ni(SO4)2_Ni_28_17,2.15
1.95_BaNd2O4_Nd_60_17,2.64473061
1.95_BaNd2O4_Nd_60_21,2.64473061
0.669_Sr2YbRuO6_Yb_70_5,0.539447004
0.669_Sr2YbRuO6_Ru_44_7,2.093867004
2.57_TbMn2Si2_Tb_65_1,8.9
2.57_TbMn2Si2_Mn_25_3,1.528201557
0.509_BaFe12O19_Fe_26_3,4.1
0.509_BaFe12O19_Fe_26_5,4.8
0.509_BaFe12O19_Fe_26_7,4.5
0.509_BaFe12O19_Fe_26_11,4.2
0.509_BaFe12O19_Fe_26_15,4.9
1.428_UN_U_92_1,0.75
0.388_Co3Al2Si3O12_Co_27_17,3.45
0.388_Co3Al2Si3O12_Co_27_25,3.451448971
0.388_Co3Al2Si3O12_Co_27_27,3.451448971
0.388_Co3Al2Si3O12_Co_27_29,3.451448971
0.11_DyFeO3_Dy_66_1,1
0.11_DyFeO3_Fe_26_5,1.044030651
0.18_BaMn2As2_Mn_25_3,3.88
1.251_NdCo2P2_Nd_60_3,0.74
1.251_NdCo2P2_Co_27_5,0.64
1.400_TbAg2_Tb_65_1,8.95
3.18_HoRh_Ho_67_1,5.196152423
3.18_HoRh_Ho_67_3,5.196152423
0.428_BaMn2Si2O7_Mn_25_9,3.9
0.476_Cs2[FeCl5(H2O)]_Fe_26_17,4.1
1.486_CeRhAl4Si2_Ce_58_1,1.14
1.7_NdFe3B4O12_Nd_60_1,0.5
1.7_NdFe3B4O12_Fe_26_7,3.8
0.611_BaMnSb2_Mn_25_5,3.95
1.508_Mn2AlB2_Mn_25_1,0.71
1.0.19_Cs2CoU3F16_U_92_37,0.91
1.0.19_Cs2CoU3F16_Co_27_91,1.7
0.226_NdCo2_Nd_60_1,2.800142853
0.226_NdCo2_Co_27_9,0.735391052
1.520_NiSO4_Ni_28_1,2.1
1.580_NiTiO3_Ni_28_13,1.46
1.311_BaMo(PO4)2_Mo_42_17,1.313083531
0.603_CaMn2Ge2_Mn_25_3,2.67
1.19_PrMn2O5_Pr_59_1,0.493355855
1.19_PrMn2O5_Mn_25_17,1.587513779
0.125_MnGeO3_Mn_25_1,4.6
0.288_NdMnO3_Mn_25_5,3.001066477
0.49_Ho2Ru2O7_Ru_44_17,1.198832766
0.49_Ho2Ru2O7_Ru_44_21,1.198832766
0.132_Fe(N(CN2))2_Mn_25_1,4.115847422
1.166_La2LiOsO6_Os_76_25,1.800310253
1.272_CeNiAsO_Ce_58_1,0.372021505
1.272_CeNiAsO_Ce_58_3,0.372021505
1.429_BaFe2Se3_Fe_26_33,1
0.259_Li3Fe2(PO4)3_Fe_26_19,4.76
1.281_YBaCuFeO5_Fe_26_17,2.51
3.11_NpTe_Np_93_1,1.402961154
3.11_NpTe_Np_93_9,1.402961154
1.163_TmPdIn_Tm_69_19,6.15
1.163_TmPdIn_Tm_69_25,6.15
1.163_TmPdIn_Tm_69_31,6.15
0.462_MnAl2O4_Mn_25_1,3.71
0.688_TmPt_Tm_69_1,4.498021787
1.492_PrMn2Si2_Mn_25_3,2.03
0.279_Mn3As_Mn_25_1,3
0.483_YbMn2Sb2_Mn_25_2,3.601180362
0.164_Y2MnCoO6_Mn_25_5,2.922328495
1.538_Ba2MnTeO6_Mn_25_25,4.497477071
1.347_CuFeO2_Fe_26_1,4
1.558_MnSn2_Mn_25_1,2.361736649
1.490_CeMn2Si2_Mn_25_3,1.9
1.68_NaNdFeWO6_Nd_60_9,2.7
1.68_NaNdFeWO6_Fe_26_17,2.842534081
1.68_NaNdFeWO6_Fe_26_21,2.842534081
1.375_CeScGe_Ce_58_1,1.425145433
1.543_RbMnAs_Mn_25_5,4.05
1.296_PrNi2B2C_Pr_59_1,0.806101731
1.122_Cu3Bi(SeO3)2O2Br_Cu_29_1,0.918313672
1.122_Cu3Bi(SeO3)2O2Br_Cu_29_9,0.9
2.2_Sr2F2Fe2OS2_Fe_26_33,3.3
1.56_Gd2Ti2O7_Gd_64_7,6.73
1.56_Gd2Ti2O7_Gd_64_19,6.73
0.552_Pb2MnO4_Mn_25_1,2.743574311
0.552_Pb2MnO4_Mn_25_2,2.743574311
1.485_Mn3TeO6_Mn_25_1,4.040627055
1.485_Mn3TeO6_Mn_25_9,4.714064898
1.55_Na2MnF5_Mn_25_17,3.3
1.183_FePS3_Fe_26_1,4.519267619
1.100_Cu2MnSnS4_Mn_25_1,4.276037886
0.175_Ca2CoSi2O7_Co_27_37,2.790877998
1.454_Mn6Ni16Si7_Mn_25_1,4.45
0.695_Bi2CuO4_Cu_29_1,0.85
1.46_Sr2FeOsO6_Fe_26_9,3.07
1.46_Sr2FeOsO6_Os_76_13,0.68
1.367_Pu2O3_Pu_94_1,0.6
0.142_Fe2TeO6_Fe_26_1,4.19
0.370_NdMnO3_Mn_25_5,2.647564919
0.405_CsCoF4_Co_27_21,3.5
0.405_CsCoF4_Co_27_25,2.8
0.298_Na2BaFe(VO4)2_Fe_26_21,4.743610017
0.189_CeMn2Ge4O12_Mn_25_3,4.61
0.318_Tm2CoMnO6_Tm_69_1,2.178279312
0.318_Tm2CoMnO6_Mn_25_5,2.829039956
1.409_NaMnO2_Mn_25_9,2.920617976
1.123_Cu3Y(SeO3)2O2Cl_Cu_29_5,0.41484937
1.123_Cu3Y(SeO3)2O2Cl_Cu_29_13,1.04
0.113_NiCO3_Ni_28_1,1.732050808
0.246_LiFe(SO4)2_Fe_26_9,4.12
1.24_ZnV2O4_V_23_1,0.65
0.287_SrCo(VO4)(OH)_Co_27_9,2.939925752
0.287_SrCo(VO4)(OH)_Co_27_10,3.117184078
0.287_SrCo(VO4)(OH)_Co_27_11,2.939925752
0.287_SrCo(VO4)(OH)_Co_27_12,3.117184078
1.37_VOCl_V_23_1,1.3
0.104_ErVO3_V_23_5,1.190672079
0.450_Nd5Ge4_Nd_60_1,2.630304165
0.450_Nd5Ge4_Nd_60_9,3.044109065
0.450_Nd5Ge4_Nd_60_17,2.418677324
0.635_NaMnBi_Mn_25_3,3.19
1.161_PrFe3(BO3)4_Pr_59_1,0.79
1.161_PrFe3(BO3)4_Fe_26_7,4.323470828
2.22_FeTa2O6_Fe_26_33,3.691097398
2.22_FeTa2O6_Fe_26_37,3.691097398
1.168_Sr2CuTeO6_Cu_29_17,0.69
0.38_GaFeO3_Ga_31_5,4.7
0.38_GaFeO3_Fe_26_9,3.9
0.38_GaFeO3_Fe_26_13,4.5
0.442_Fe4Nb2O9_Fe_26_9,3.83
0.208_TlFe1.6Se2_Fe_26_11,2.989622886
1.177_Sr2CuWO6_Cu_29_17,0.57
1.159_Li2Ni(WO4)2_Ni_28_9,1.934945457
1.64_BaNiF4_Ni_28_17,2
1.252_CaCo2P2_Co_27_3,0.32
0.178_CoF2_Co_27_1,2.6
0.32_HoMnO3_Mn_25_7,2.979127389
0.32_HoMnO3_Mn_25_8,2.979127389
0.698_SmCrO3_Sm_62_1,0.53
0.698_SmCrO3_Cr_24_5,2.986703869
1.319_Sr2Ru0.95Fe0.05O4_Ru_44_65,0.4
0.286_Mn5Ge3_Mn_25_1,1.96
0.286_Mn5Ge3_Mn_25_5,3.23
0.6_YMnO3_Mn_25_7,2.909845357
0.6_YMnO3_Mn_25_8,2.909845357
0.209_TlFe1.6Se2_Fe_26_11,3.141
