mp-571420,1.602059991
mp-21248,2.08278537
mp-7090,1.176091259
mp-12480,1.832508913
mp-9272,1.204119983
mp-20714,1.770852012
mp-31138,1.72427587
mp-11549,1.880813592
mp-1069,1.973127854
mp-10125,1.770852012
mp-867319,1.973127854
mp-28945,1.748188027
mp-9251,1.176091259
mp-10846,1.73239376
mp-10003,1.986771734
mp-19247,1.477121255
mp-31348,1.579783597
mp-5699,1.278753601
mp-19094,2.075546961
mp-2410,1.361727836
mp-313,1.602059991
mp-7226,1.968482949
mp-4901,1.230448921
mp-865733,2.158362492
mp-248,1.949390007
mp-568695,1.414973348
mp-1755,1.462397998
mp-5597,1.897627091
mp-20192,1.934498451
mp-754741,1.698970004
mp-30244,1.51851394
mp-5479,1.462397998
mp-30593,1.770852012
mp-45,0.903089987
mp-27932,1.431363764
mp-21236,1.491361694
mp-49,2.413299764
mp-11883,1.763427994
mp-850978,1.851258349
mp-862334,1.826074803
mp-761563,1.73239376
mp-10911,1.826074803
mp-10721,1.892094603
mp-22899,1.113943352
mp-625,1.707570176
mp-756134,1.875061263
mp-7955,1.380211242
mp-554089,1.544068044
mp-2701,2.276461804
mp-20465,1.69019608
mp-10521,1.531478917
mp-9569,1.662757832
mp-3158,1.447158031
mp-149,1.785329835
mp-4152,1.447158031
mp-7436,1.255272505
mp-1851,1.361727836
mp-864969,1.72427587
mp-1001833,1.146128036
mp-28020,0.77815125
mp-7431,1.255272505
mp-12903,1.301029996
mp-328,1.342422681
mp-530399,2.08278537
mp-19384,1.908485019
mp-20857,2.181843588
mp-2552,1.982271233
mp-568598,0.954242509
mp-1057,1.934498451
mp-127,0.477121255
mp-10181,1.633468456
mp-1123,1.176091259
mp-865985,1.633468456
mp-30594,1.69019608
mp-30247,1.531478917
mp-15963,1.977723605
mp-10182,1.707570176
mp-352,1.995635195
mp-79,1.568201724
mp-580287,1.361727836
mp-550908,1.991226076
mp-30767,1.397940009
mp-2794,1.954242509
mp-2089,1
mp-362,1.748188027
mp-30777,1.880813592
mp-22151,1.342422681
mp-2932,1.991226076
mp-569558,1.505149978
mp-754157,1.944482672
mp-22493,1.342422681
mp-18814,1.643452676
mp-7352,1.681241237
mp-5288,1.903089987
mp-11959,1.505149978
mp-4081,1.342422681
mp-1401,1.770852012
mp-7070,1.886490725
mp-932,1.531478917
mp-12778,2.06069784
mp-1121,1.826074803
mp-23737,1.491361694
mp-32,1.653212514
mp-24719,1.832508913
mp-23406,0.698970004
mp-7400,1.301029996
mp-31059,1.113943352
mp-9574,1.380211242
mp-15819,1.897627091
mp-11237,1.505149978
mp-30451,1.431363764
mp-568961,1.62324929
mp-481,1.954242509
mp-19326,1.826074803
mp-9945,1.662757832
mp-13240,1.763427994
mp-865212,2.247973266
mp-976017,1.041392685
mp-2172,1.591064607
mp-864957,1.973127854
mp-674478,1.146128036
mp-1873,1.544068044
mp-20983,2.012837225
mp-813,1.838849091
mp-1682,1.812913357
mp-1073,1.176091259
mp-8697,1.897627091
mp-555370,1.84509804
mp-13334,1.857332496
mp-1914,1.740362689
mp-570553,2.056904851
mp-7917,1.86923172
mp-103,1.748188027
mp-12549,1.662757832
mp-752398,1.73239376
mp-770997,1.707570176
mp-2567,1.86923172
mp-1969,1.838849091
mp-545974,1.591064607
mp-7038,1.079181246
mp-22309,1.819543936
mp-753508,1.176091259
mp-562,1.73239376
mp-989512,1.041392685
mp-1124,1.431363764
mp-20800,1.643452676
mp-2674,1.86332286
mp-8983,1.602059991
mp-20033,1.740362689
mp-1606,1.806179974
mp-2534,1.612783857
mp-2049,1.770852012
mp-1380,1.763427994
mp-3163,1.954242509
mp-30533,1.176091259
mp-30672,1.748188027
mp-2700,1.672097858
mp-30818,1.579783597
mp-560588,1.51851394
mp-22346,1.591064607
mp-541753,0.477121255
mp-27838,1
mp-34202,1.041392685
mp-2760,2.206825876
mp-30441,2.181843588
mp-2444,1.799340549
mp-9946,1.51851394
mp-1477,1.255272505
mp-33107,0.301029996
mp-10271,2.053078443
mp-21464,2.117271296
mp-2783,2.049218023
mp-5590,1.681241237
mp-3759,1.968482949
mp-1395,1.880813592
mp-30147,1.851258349
mp-18848,1.880813592
mp-10394,1.851258349
mp-1941,1.62324929
mp-818,1.977723605
mp-2025,2.079181246
mp-889,2.324282455
mp-19292,1.86332286
mp-2385,1.919078092
mp-571039,1.431363764
mp-2354,1.832508913
mp-938,1.380211242
mp-7339,1.477121255
mp-9973,2.365487985
mp-1346,2.315970345
mp-101,2.336459734
mp-9564,1.556302501
mp-11293,1.707570176
mp-11550,1.447158031
mp-8830,1.812913357
mp-21078,1.832508913
mp-754478,1.986771734
mp-32880,1.146128036
mp-570097,1.556302501
mp-4798,2.139879086
mp-567981,1.897627091
mp-569446,1.568201724
mp-2,1.633468456
mp-604908,1
mp-1029,1.380211242
mp-12992,1.838849091
mp-9556,1.591064607
mp-7937,1.681241237
mp-28339,1.653212514
mp-774411,1.897627091
mp-22914,1
mp-2696,1.477121255
mp-615,1.301029996
mp-20849,1.653212514
mp-865665,2.089905111
mp-3721,1.982271233
mp-865989,2.096910013
mp-11798,1.579783597
mp-10264,1.230448921
mp-23709,0.84509804
mp-19340,1.792391689
mp-29733,1.51851394
mp-1315,1.716003344
mp-552588,1.959041392
mp-21003,1.86923172
mp-9953,1.934498451
mp-20862,1.740362689
mp-1652,1.740362689
mp-1138,1.707570176
mp-30867,1.716003344
mp-12927,1.785329835
mp-30449,1.397940009
mp-871,2.1430148
mp-8221,1.924279286
mp-30849,1.892094603
mp-30671,1.799340549
mp-615314,2.012837225
mp-570377,1.322219295
mp-570256,0.77815125
mp-2578,1.361727836
mp-12359,1.278753601
mp-647,1.986771734
mp-754672,1.380211242
mp-15322,1.880813592
mp-505071,1.568201724
mp-21503,1.602059991
mp-753657,1.982271233
mp-669918,1.880813592
mp-11358,2.06069784
mp-616378,0.84509804
mp-2250,1.86332286
mp-1925,1.707570176
mp-15964,1.69019608
mp-505527,1.977723605
mp-12666,1.892094603
mp-22284,1.397940009
mp-21318,1.204119983
mp-2252,2.28780173
mp-18707,1.447158031
mp-864631,1.812913357
mp-1989,2.123851641
mp-1903,1.544068044
mp-761341,2.037426498
mp-4002,1.544068044
mp-636328,1.944482672
mp-556911,1.51851394
mp-12806,1.342422681
mp-542915,1.949390007
mp-1867,1.908485019
mp-2469,1.230448921
mp-22662,1.755874856
mp-3161,1.740362689
mp-11522,1.880813592
mp-20007,1.77815125
mp-9951,1.913813852
mp-19435,1.716003344
mp-9381,1.77815125
mp-84,1.322219295
mp-933,1.707570176
mp-13,1.86923172
mp-23956,1.230448921
mp-7748,1.968482949
mp-274,1.740362689
mp-1294,1.462397998
mp-30437,1.397940009
mp-12802,1.662757832
mp-1595,1.69019608
mp-20648,2.068185862
mp-10847,1.672097858
mp-568419,1.491361694
mp-569803,2.350248018
mp-11388,1.832508913
mp-3886,1.954242509
mp-22787,2.075546961
mp-1174,1.431363764
mp-8439,1.361727836
mp-865840,2.064457989
mp-10892,1.612783857
mp-67,1.477121255
mp-7438,1.230448921
mp-757100,1.255272505
mp-15805,2.053078443
mp-361,0.903089987
mp-772856,1.204119983
mp-22268,2.033423755
mp-22344,1.579783597
mp-30885,1.681241237
mp-7376,1.397940009
mp-131,1.531478917
mp-11826,1.69019608
mp-553432,1.146128036
mp-7575,1.929418926
mp-2323,1.84509804
mp-3668,1.544068044
mp-20249,2.029383778
mp-12557,1.612783857
mp-567871,1.806179974
mp-4385,1.505149978
mp-19906,1.755874856
mp-5795,1.86332286
mp-553961,1.785329835
mp-485,1.84509804
mp-2606,1.602059991
mp-10616,1.361727836
mp-8456,1.477121255
mp-458,1.939519253
mp-569662,1.079181246
mp-555934,1.544068044
mp-1557,1.477121255
mp-592,2.029383778
mp-27164,2.049218023
mp-30481,1.851258349
mp-5193,1.556302501
mp-10895,1.991226076
mp-38394,1.113943352
mp-567705,1.913813852
mp-7591,1.579783597
mp-13270,1.176091259
mp-19968,1.491361694
mp-19210,1.770852012
mp-30383,1.770852012
mp-510623,1.908485019
mp-31455,1.69019608
mp-5676,1.462397998
mp-20868,2.136720567
mp-570673,1.892094603
mp-2667,0.77815125
mp-934,1.204119983
mp-18919,1.556302501
mp-21008,1.924279286
mp-11750,2.017033339
mp-23262,1.477121255
mp-10969,1.397940009
mp-17481,1.880813592
mp-2895,1.86923172
mp-774,1.812913357
mp-616559,1.929418926
mp-755318,1.72427587
mp-867689,1.301029996
mp-571262,1.69019608
mp-30443,2.064457989
mp-24286,1.462397998
mp-758594,1.934498451
mp-30883,1.748188027
mp-11573,1.857332496
mp-448,1.69019608
mp-20268,1.838849091
mp-1521,1.740362689
mp-8578,1.913813852
mp-12108,2.056904851
mp-1331,1.505149978
mp-4368,1.491361694
mp-10455,1.72427587
mp-549158,1.568201724
mp-23193,0.954242509
mp-795,1.531478917
mp-22003,0.903089987
mp-6812,1.414973348
mp-752463,1.77815125
mp-574,1.897627091
mp-19713,1.591064607
mp-11454,1.740362689
mp-9956,2.127104798
mp-755378,1.653212514
mp-675,1.939519253
mp-571,1.431363764
mp-23054,1.414973348
mp-1008632,1.954242509
mp-10601,1.806179974
mp-31498,1.278753601
mp-7603,1.477121255
mp-3771,1.924279286
mp-567769,1.612783857
mp-14793,1.77815125
mp-569815,2.033423755
mp-29898,0.84509804
mp-850251,1.763427994
mp-3938,1.934498451
mp-30591,1.477121255
mp-3676,1.740362689
mp-20987,1.633468456
mp-31502,1.301029996
mp-30354,1.568201724
mp-779689,0.698970004
mp-7604,1.908485019
mp-20083,1.77815125
mp-833,1.568201724
mp-1221,1.73239376
mp-17659,1.278753601
mp-8566,1.414973348
mp-952,2.136720567
mp-2572,1.204119983
mp-4612,1.892094603
mp-27456,0.903089987
mp-20695,1.707570176
mp-893,1.968482949
mp-19019,1.755874856
mp-19983,1.716003344
mp-8880,1.662757832
mp-510219,1.792391689
mp-648,1.255272505
mp-30404,1.301029996
mp-12657,1.944482672
mp-542569,2.012837225
mp-19082,1.806179974
mp-756436,1.662757832
mp-19308,1.86332286
mp-568636,1.875061263
mp-30835,1.857332496
mp-4978,2.06069784
mp-2723,2.017033339
mp-2371,1.146128036
mp-20027,2.187520721
mp-7786,0.903089987
mp-7939,1.579783597
mp-7692,2.243038049
mp-142,1.544068044
mp-11411,1.62324929
mp-7088,2.139879086
mp-30312,1.602059991
mp-5986,1.838849091
mp-865191,1.995635195
mp-568495,1.612783857
mp-569511,1.579783597
mp-2352,1.477121255
mp-559676,1.204119983
mp-20112,1.819543936
mp-11452,2.068185862
mp-8126,1.770852012
mp-27888,1.740362689
mp-760376,1.380211242
mp-30656,1.838849091
mp-753890,1.857332496
mp-930,1.880813592
mp-568671,2.079181246
mp-30477,1.414973348
mp-23,1.977723605
mp-1822,1.857332496
mp-1769,1.462397998
mp-13946,1
mp-20997,1.612783857
mp-259,2.08278537
mp-20557,1.792391689
mp-31160,1.556302501
mp-972220,1.963787827
mp-7704,1.612783857
mp-784630,1.986771734
mp-27660,1.278753601
mp-9970,1.755874856
mp-1868,1.903089987
mp-16304,1.69019608
mp-1780,1.785329835
mp-2070,1.86332286
mp-213,1.342422681
mp-3522,1.568201724
mp-568293,1.602059991
mp-2802,1.986771734
mp-372,2.041392685
mp-7002,1.851258349
mp-9223,1.924279286
mp-672645,1.944482672
mp-10635,1.361727836
mp-27747,0.477121255
mp-20327,1.959041392
mp-30208,1.69019608
mp-3323,1.944482672
mp-16526,1.763427994
mp-862336,1.662757832
mp-11407,1.897627091
mp-4628,1.785329835
mp-2767,1.857332496
mp-15642,1.51851394
mp-753605,1.204119983
mp-8640,1.653212514
mp-27335,1.361727836
mp-30536,1.72427587
mp-862631,1.230448921
mp-30726,1.278753601
mp-3896,1.799340549
mp-13463,1.968482949
mp-8800,1.146128036
mp-16495,1.986771734
mp-21297,1.662757832
mp-999133,1.851258349
mp-8881,1.591064607
mp-20971,1.763427994
mp-12265,1.414973348
mp-11228,1.544068044
mp-559092,1.612783857
mp-540839,0.698970004
mp-9244,2.127104798
mp-11233,1.832508913
mp-2369,1.556302501
mp-30151,1.278753601
mp-9027,1.556302501
mp-11445,1.770852012
mp-22909,0.698970004
mp-11322,1.963787827
mp-10598,1.531478917
mp-2604,1.342422681
mp-5186,1.568201724
mp-1042,1.982271233
mp-30727,1.361727836
mp-11190,2.167317335
mp-2691,1.176091259
mp-11453,1.929418926
mp-30852,1.934498451
mp-3595,1.62324929
mp-1483,1.919078092
mp-571458,1
mp-8188,1.792391689
mp-29066,1.949390007
mp-22444,2.004321374
mp-755071,1.698970004
mp-4720,1.886490725
mp-753848,1.602059991
mp-8039,1.886490725
mp-1008929,1.949390007
mp-196,1.924279286
mp-22682,1.477121255
mp-31011,1.799340549
mp-7790,2.017033339
mp-9473,1.568201724
mp-1994,2.383815366
mp-9573,1.51851394
mp-9437,1.908485019
mp-644481,1.986771734
mp-763353,1.77815125
mp-19376,1.792391689
mp-556125,1.301029996
mp-2157,2.152288344
mp-2053,1.913813852
mp-8062,2.271841607
mp-1113,2.181843588
mp-21495,2.155336037
mp-570557,1.944482672
mp-689940,1.146128036
mp-31301,1.278753601
mp-19035,1.875061263
mp-769365,1.342422681
mp-865014,1.462397998
mp-568,1.73239376
mp-977382,1.924279286
mp-2653,2.583198774
mp-30840,1.643452676
mp-31452,1.579783597
mp-20146,1.77815125
mp-569346,1.176091259
mp-3731,1.755874856
mp-1649,1.602059991
mp-6962,1.51851394
mp-12678,1.944482672
mp-569788,1.51851394
mp-680677,1.763427994
mp-2580,2.294466226
mp-18972,1.857332496
mp-5777,1.740362689
mp-11738,1.113943352
mp-19284,1.556302501
mp-1565,2.012837225
mp-11547,1.462397998
mp-936,1.447158031
mp-10904,1.86923172
mp-978279,1.414973348
mp-568914,0.602059991
mp-11718,1.146128036
mp-20335,2
mp-13853,2.056904851
mp-22735,1.204119983
mp-894,1.799340549
mp-18257,1.963787827
mp-1885,2.064457989
mp-406,1.146128036
mp-2762,1.944482672
mp-1871,2.004321374
mp-2343,1.414973348
mp-9958,2.017033339
mp-28319,0.602059991
mp-16481,1.763427994
mp-771,1.908485019
mp-17177,1.755874856
mp-697111,0.84509804
mp-571053,1.934498451
mp-12071,1.672097858
mp-22027,1.301029996
mp-23752,1.041392685
mp-997182,1.86923172
mp-1046,1.69019608
mp-867306,1.447158031
mp-21124,1.414973348
mp-23202,0.84509804
mp-4079,1.919078092
mp-2930,1.851258349
mp-5962,1.301029996
mp-846,1.826074803
mp-203,1.531478917
mp-13202,1.716003344
mp-3813,1.447158031
mp-867266,1.204119983
mp-27891,1.361727836
mp-2128,1.361727836
mp-12699,1.230448921
mp-714961,1.892094603
mp-555280,1.51851394
mp-8630,1.934498451
mp-10180,1.431363764
mp-971669,1.643452676
mp-766,2.021189299
mp-15641,1.579783597
mp-11364,1.643452676
mp-867351,2.149219113
mp-1387,1
mp-580886,1.113943352
mp-19821,1.913813852
mp-22414,1.462397998
mp-8426,0.903089987
mp-5967,1.875061263
mp-998147,1.255272505
mp-19306,1.806179974
mp-8053,1.477121255
mp-997034,1.51851394
mp-569568,2.201397124
mp-776532,2.025305865
mp-8624,1.176091259
mp-16886,1.342422681
mp-1915,2.161368002
mp-11507,1.959041392
mp-24289,1.579783597
mp-557686,1.505149978
mp-13089,1.301029996
mp-7192,1.602059991
mp-21359,1.707570176
mp-29748,1.079181246
mp-570001,1.748188027
mp-29362,0.698970004
mp-2542,2.193124598
mp-590,1.662757832
mp-10445,1.505149978
mp-16775,1.491361694
mp-4252,1.041392685
mp-7910,1.204119983
mp-16043,1.72427587
mp-856,1.939519253
mp-7422,1.556302501
mp-712,1.544068044
mp-11501,1.968482949
mp-7068,1.491361694
mp-1638,1.568201724
mp-22179,1.69019608
mp-865527,1.602059991
mp-2583,1.69019608
mp-755,1.812913357
mp-12951,1.792391689
mp-17856,1.799340549
mp-5221,1.949390007
mp-754516,1.51851394
mp-866132,1.278753601
mp-540284,1.462397998
mp-2123,1.785329835
mp-4478,1.301029996
mp-14099,1.397940009
mp-540957,0.602059991
mp-697096,1.113943352
mp-10883,1.968482949
mp-910,2.294466226
mp-585,2.235528447
mp-11276,2
mp-2998,2.029383778
mp-999027,1.505149978
mp-672254,1.397940009
mp-556605,1.963787827
mp-12648,2.155336037
mp-21167,1.62324929
mp-30572,1.799340549
mp-4259,1.77815125
mp-7433,1.301029996
mp-20832,1.176091259
mp-7421,1.342422681
mp-989399,1.278753601
mp-568346,1.255272505
mp-1431,2.149219113
mp-1169,1.633468456
mp-2588,1.602059991
mp-865520,1.361727836
mp-30858,2.012837225
mp-2752,1.792391689
mp-861979,1.934498451
mp-981,1.505149978
mp-13203,1.740362689
mp-7032,2.08278537
mp-13097,1.322219295
mp-21845,1.851258349
mp-27471,1.86332286
mp-21276,1.462397998
mp-15965,1.944482672
mp-662,1.397940009
mp-4076,1.748188027
mp-643367,1
mp-950995,1.113943352
mp-6919,1.568201724
mp-567907,1.939519253
mp-20622,1.643452676
mp-568746,1.278753601
mp-29157,1.903089987
mp-4822,1.72427587
mp-6988,1.77815125
mp-14092,1.230448921
mp-676586,1.230448921
mp-597,1.591064607
mp-864951,2.158362492
mp-37906,1.924279286
mp-5077,1.361727836
mp-568718,1.903089987
mp-30746,1.698970004
mp-20255,1.886490725
mp-22895,1.176091259
mp-4826,1.799340549
mp-14116,1.653212514
mp-23260,0.77815125
mp-570430,1.973127854
mp-249,1.86923172
mp-626680,1.431363764
mp-1373,1.643452676
mp-8911,1.176091259
mp-754358,1.491361694
mp-29398,0.602059991
mp-12520,1.505149978
mp-10266,2.021189299
mp-11541,1.995635195
mp-2348,1.653212514
mp-850,1.77815125
mp-8864,1.986771734
mp-22167,1.698970004
mp-4883,1.748188027
mp-569249,1.832508913
mp-6963,1.342422681
mp-4678,1.973127854
mp-216,1.897627091
mp-292,2.037426498
mp-12814,1.041392685
mp-866165,1.681241237
mp-754322,1.740362689
mp-423,1.579783597
mp-3871,1.963787827
mp-25372,1.812913357
mp-10469,1.908485019
mp-4893,1.934498451
mp-13572,1.857332496
mp-15659,1.431363764
mp-9778,1.041392685
mp-1866,1
mp-8996,2.045322979
mp-1299,1.826074803
mp-2399,1.431363764
mp-2379,1.806179974
mp-5292,1.748188027
mp-11,1.447158031
mp-16718,1.832508913
mp-11958,1.361727836
mp-571193,2.06069784
mp-381,2.021189299
mp-1986,1.602059991
mp-796,1.255272505
mp-622209,1.819543936
mp-30725,1.462397998
mp-23485,0.698970004
mp-753708,1.755874856
mp-1412,1.397940009
mp-8842,1.51851394
mp-3574,1.653212514
mp-2918,1.544068044
mp-11737,1.72427587
mp-23002,1.176091259
mp-11977,1.204119983
mp-730,2.068185862
mp-7938,1.643452676
mp-1086,2.33243846
mp-2432,1.278753601
mp-644280,1.857332496
mp-2083,1.556302501
mp-5014,1.204119983
mp-9954,1.819543936
mp-1339,2.309630167
mp-829,1.716003344
mp-21336,2.155336037
mp-7589,1.857332496
mp-193,1.672097858
mp-775935,1.698970004
mp-38818,2.340444115
mp-22792,1.301029996
mp-10470,2.049218023
mp-9716,1.86923172
mp-12961,1.342422681
mp-949,2.033423755
mp-501,1.204119983
mp-3378,1.959041392
mp-865604,0.903089987
mp-22913,1.079181246
mp-753490,1.84509804
mp-754628,1.414973348
mp-11957,1.579783597
mp-9939,1.968482949
mp-12564,0.84509804
mp-4938,2.11058971
mp-567462,2.068185862
mp-16960,1.929418926
mp-30603,1.748188027
mp-12779,1.113943352
mp-570930,1.041392685
mp-593,1.84509804
mp-12759,1.414973348
mp-30719,1.204119983
mp-16514,1.875061263
mp-1017,1.740362689
mp-568565,1.819543936
mp-1132,1.653212514
mp-11521,1.662757832
mp-19814,1.73239376
mp-505825,1.146128036
mp-8110,2.133538908
mp-1253,1.322219295
mp-2286,1.431363764
mp-16522,1.477121255
mp-862679,1.949390007
mp-20935,1.812913357
mp-27757,2.176091259
mp-3034,1.681241237
mp-486,1.826074803
mp-11287,1.204119983
mp-731,1.176091259
mp-7909,1.204119983
mp-1502,1.591064607
mp-3698,1.591064607
mp-28110,0.698970004
mp-761293,1.69019608
mp-2676,2.071882007
mp-3038,1.278753601
mp-5918,1.973127854
mp-22508,1.944482672
mp-19421,1.73239376
mp-1695,1.792391689
mp-976280,0.903089987
mp-22498,1.505149978
mp-4247,1.113943352
mp-30850,1.954242509
mp-27505,1.755874856
mp-11490,1.301029996
mp-7429,1.278753601
mp-7000,1.643452676
mp-754515,1.361727836
mp-2349,1.380211242
mp-19765,1.079181246
mp-975292,2
mp-8016,1.447158031
mp-569779,1.662757832
mp-1129,1.875061263
mp-1869,1.62324929
mp-29152,1.892094603
mp-774736,1.176091259
mp-5025,2.049218023
mp-2795,2.201397124
mp-11456,2.025305865
mp-13364,1.447158031
mp-31081,1.880813592
mp-7829,2.021189299
mp-31379,1.531478917
mp-3349,1.919078092
mp-5659,2.1430148
mp-1575,1.176091259
mp-11873,1.69019608
mp-4997,1.886490725
mp-3854,1.880813592
mp-5305,1.477121255
mp-30234,0.602059991
mp-32662,1.86332286
mp-12972,1.770852012
mp-569265,1.380211242
mp-7577,2.064457989
mp-24409,0.84509804
mp-21017,1.763427994
mp-980200,1.633468456
mp-2643,1.785329835
mp-21023,2.049218023
mp-23227,1
mp-29209,1.301029996
mp-11984,1.591064607
mp-569522,2.06069784
mp-16828,1.568201724
mp-927,1.698970004
mp-754213,1.806179974
mp-35143,1.113943352
mp-19746,1.414973348
mp-20661,1.857332496
mp-3803,2.164352856
mp-866115,2
mp-8256,1.361727836
mp-753257,1.278753601
mp-22489,1.929418926
mp-5019,2.089905111
mp-1357,1.982271233
mp-643260,1.041392685
mp-31153,1.556302501
mp-1882,1.579783597
mp-95,0.77815125
mp-568186,1.633468456
mp-5878,1.531478917
mp-492,2.255272505
mp-559798,1.602059991
mp-778,1.949390007
mp-2403,1.851258349
mp-769096,1.934498451
mp-10924,1.995635195
mp-9969,1.84509804
mp-7863,1.255272505
mp-1002206,2.245512668
mp-22967,1.113943352
mp-2781,1.579783597
mp-7565,1.707570176
mp-13082,1.959041392
mp-3441,1.944482672
mp-543001,1.792391689
mp-9061,1.322219295
mp-21328,1.204119983
mp-1501,1.792391689
mp-1594,1.643452676
mp-11470,1.431363764
mp-11038,1.681241237
mp-7914,1.84509804
mp-865147,1.995635195
mp-22862,1.146128036
mp-5693,1.568201724
mp-30764,1.84509804
mp-1222,2.193124598
mp-935811,1.986771734
mp-4989,1.785329835
mp-2733,2.017033339
mp-7940,1.556302501
mp-8883,1.602059991
mp-28896,1.832508913
mp-5020,1.62324929
mp-265,2.326335861
mp-27148,1.86332286
mp-16740,1.770852012
mp-949028,1.230448921
mp-13903,1.361727836
mp-7907,1.380211242
mp-18835,1.819543936
mp-4253,2.075546961
mp-2557,1.72427587
mp-20619,1.755874856
mp-580357,1.672097858
mp-1646,1.041392685
mp-21371,2.049218023
mp-865986,1.447158031
mp-16236,1.113943352
mp-571622,1.880813592
mp-10240,1.963787827
mp-1601,1.812913357
mp-19128,1.51851394
mp-2831,1.880813592
mp-20452,1.278753601
mp-31147,1.491361694
mp-16491,1.77815125
mp-18093,1.913813852
mp-22318,1.531478917
mp-10010,1.982271233
mp-9550,1.875061263
mp-2513,1.919078092
mp-132,1
mp-1458,2.017033339
mp-1432,1.973127854
mp-614603,0.602059991
mp-12065,1.531478917
mp-1439,1.908485019
mp-978268,1.146128036
mp-21117,1.886490725
mp-776911,1.681241237
mp-568560,0.84509804
mp-10848,1.556302501
mp-569671,1.763427994
mp-11230,1.477121255
mp-22036,1.556302501
mp-567395,1.113943352
mp-1153,1.51851394
mp-11261,1.51851394
mp-30722,1.301029996
mp-20566,0.903089987
mp-862,1.579783597
mp-2133,1.612783857
mp-6915,1.857332496
mp-13149,1.568201724
mp-695,1.973127854
mp-20436,2.071882007
mp-2730,1.079181246
mp-2221,1.602059991
mp-2310,1.556302501
mp-864954,2.26245109
mp-13983,1.397940009
mp-1224,1
mp-546011,1.531478917
mp-995122,1.204119983
mp-18732,1.913813852
mp-1725,1.380211242
mp-9583,1.322219295
mp-13911,1.278753601
mp-3448,1.62324929
mp-557938,1.51851394
mp-4630,1.672097858
mp-3762,1.397940009
mp-1400,1.973127854
mp-8285,1.681241237
mp-31326,1.079181246
mp-570904,1.73239376
mp-1364,1.380211242
mp-10886,1.653212514
mp-28266,1.763427994
mp-600428,1.740362689
mp-2574,1.681241237
mp-841,1.698970004
mp-2845,1.477121255
mp-9578,1.342422681
mp-1215,2.025305865
mp-625136,0.903089987
mp-571499,1.982271233
mp-30744,2.26245109
mp-9567,1.380211242
mp-4824,1.414973348
mp-3534,1.113943352
mp-2910,1.255272505
mp-7823,1.633468456
mp-9989,2.075546961
mp-844,1.531478917
mp-22050,1.653212514
mp-23513,0.77815125
mp-2136,1.301029996
mp-622497,1.929418926
mp-3582,2.017033339
mp-570213,1.322219295
mp-11290,1.414973348
mp-9690,1.447158031
mp-865152,1.556302501
mp-715,2.093421685
mp-998866,2.209515015
mp-561511,2.068185862
mp-755089,1.886490725
mp-773864,1.672097858
mp-571033,0.903089987
mp-801,2.079181246
mp-825,1.968482949
mp-6914,1.380211242
mp-971,1.079181246
mp-1627,1.785329835
mp-7582,1.146128036
mp-22619,1.991226076
mp-27138,0.77815125
mp-12693,1.602059991
mp-10694,1.612783857
mp-4651,2.008600172
mp-20679,1.880813592
mp-676512,1.431363764
mp-571222,0.698970004
mp-1786,1.851258349
mp-3271,2.004321374
mp-773929,1.763427994
mp-639910,1.748188027
mp-9321,1.477121255
mp-12697,1.84509804
mp-30876,1.602059991
mp-5541,1.77815125
mp-811,1.799340549
mp-11288,1.041392685
mp-8818,1.653212514
mp-22888,1
mp-2797,1.62324929
mp-7753,1.579783597
mp-364,2.008600172
mp-5920,1.707570176
mp-8978,1.477121255
mp-12723,1.255272505
mp-1359,2.021189299
mp-1500,1.397940009
mp-12521,1.505149978
mp-306,1.556302501
mp-10692,1.880813592
mp-1714,2.103803721
mp-22060,1.204119983
mp-91,2.167317335
mp-768305,1.857332496
mp-13363,1.77815125
mp-2490,1.716003344
mp-753098,1.397940009
mp-600124,1.662757832
mp-15986,1.812913357
mp-1111,1.662757832
mp-9972,1.812913357
mp-20725,1.653212514
mp-22759,2.285557309
mp-2210,1.491361694
mp-10059,2.113943352
mp-30555,1.934498451
mp-10293,1.041392685
mp-12798,1.963787827
mp-30227,0.602059991
mp-1332,2.079181246
mp-24154,1.908485019
mp-618991,1.462397998
mp-979,1.698970004
mp-14285,2.086359831
mp-1272,1.982271233
mp-20952,1.755874856
mp-389,1.763427994
mp-2554,2
mp-29661,1.838849091
mp-22191,1.959041392
mp-13138,1.568201724
mp-11269,1.397940009
mp-1143,2.167317335
mp-2337,1.86923172
mp-30410,1.505149978
mp-8281,1.431363764
mp-1008785,2.264817823
mp-9812,1.69019608
mp-22447,1.806179974
mp-504908,1.77815125
mp-10901,1.799340549
mp-20133,2.195899652
mp-20354,1.69019608
mp-1934,1.397940009
mp-16290,1.77815125
mp-7770,1.51851394
mp-1791,1.886490725
mp-10026,1.51851394
mp-22646,1.51851394
mp-23714,1.380211242
mp-1683,0.954242509
mp-1783,1.176091259
mp-2126,2.173186268
mp-10918,1.146128036
mp-1670,1.857332496
mp-2955,1.62324929
mp-715553,1.73239376
mp-27577,1.255272505
mp-11025,1.62324929
mp-3657,1.934498451
mp-8462,1.806179974
mp-754629,1.414973348
mp-5318,1.748188027
mp-2404,1.612783857
mp-567996,2.021189299
mp-1841,2.075546961
mp-30353,1.799340549
mp-2775,1.477121255
mp-23060,0.602059991
mp-20930,1.568201724
mp-315,1.342422681
mp-16523,1.698970004
mp-4728,1.414973348
mp-76,0.84509804
mp-620571,1.361727836
mp-568792,1.954242509
mp-8150,1.255272505
mp-488,1.176091259
mp-892,1.602059991
mp-4182,1.414973348
mp-10597,1.447158031
mp-31469,1.792391689
mp-5723,1.851258349
mp-8094,0.954242509
mp-917,1.278753601
mp-22992,1.113943352
mp-20337,1.662757832
mp-31510,1.568201724
mp-569628,1.278753601
mp-570196,1.681241237
mp-568106,1.361727836
mp-30357,1
mp-1700,2.08278537
mp-696,1.84509804
mp-11313,1.447158031
mp-173,1.826074803
mp-2039,1.579783597
mp-11175,1.204119983
mp-10015,2.113943352
mp-29154,1.934498451
mp-8939,2.167317335
mp-2582,2.045322979
mp-976334,1.255272505
mp-561317,1.301029996
mp-4823,1.301029996
mp-839,1.86332286
mp-569581,0.954242509
mp-753,1.447158031
mp-4955,1.991226076
mp-8335,1.748188027
mp-540231,1.322219295
mp-864921,1.897627091
mp-2670,1.633468456
mp-2500,1.826074803
mp-20937,2.227886705
mp-10025,2.008600172
mp-10755,1.72427587
mp-12990,2.049218023
mp-2698,1.342422681
mp-104,1.380211242
mp-1201,1.113943352
mp-571636,0.698970004
mp-550,1.755874856
mp-754826,1.176091259
mp-6606,2.008600172
mp-4730,1.255272505
mp-915,1.397940009
mp-2741,1.579783597
mp-246,1.653212514
mp-571594,0.84509804
mp-22916,1.079181246
mp-30488,0.698970004
mp-30798,1.913813852
mp-8409,1.698970004
mp-14091,1.255272505
mp-10905,1.86923172
mp-11441,1.806179974
mp-864955,1.986771734
mp-4744,1.602059991
mp-1005,2.123851641
mp-487,2.056904851
mp-10155,2.11058971
mp-229,2.053078443
mp-1349,1.698970004
mp-4979,1.579783597
mp-20483,1.113943352
mp-19895,1.62324929
mp-2454,1.897627091
mp-2151,1.380211242
mp-23251,0.84509804
mp-542640,1.73239376
mp-8432,1.707570176
mp-2028,2.012837225
mp-1194,1.681241237
mp-20296,1.431363764
mp-554278,1.785329835
mp-12962,1.763427994
mp-867300,1.591064607
mp-865531,1.929418926
mp-631,2.245512668
mp-20826,0.954242509
mp-867137,1.949390007
mp-754008,1.414973348
mp-569196,1.716003344
mp-19359,1.857332496
mp-570935,0.698970004
mp-567313,1.176091259
mp-1672,1.591064607
mp-25886,1.612783857
mp-571270,1.230448921
mp-554405,1.51851394
mp-11412,1.672097858
mp-22287,1.968482949
mp-30562,1.079181246
mp-504,1.397940009
mp-567510,1.255272505
mp-18966,1.62324929
mp-11754,1.505149978
mp-16337,1.176091259
mp-5407,1.954242509
mp-18427,1.913813852
mp-10873,1.361727836
mp-754238,1.73239376
mp-12716,1.544068044
mp-3210,1.903089987
mp-10437,1.322219295
mp-22522,1.924279286
mp-755264,2.23299611
mp-16363,2.021189299
mp-569018,1.176091259
mp-505803,1.591064607
mp-16356,1.919078092
mp-253,1.681241237
mp-5782,1.322219295
mp-754363,1.77815125
mp-1919,1.72427587
mp-7427,1.447158031
mp-764648,1.963787827
mp-1425,1.875061263
mp-417,1.908485019
mp-714882,1.812913357
mp-12742,1.591064607
mp-4262,2.117271296
mp-22144,2.008600172
mp-191,1.62324929
mp-1589,1.857332496
mp-2553,2.012837225
mp-1515,1.977723605
mp-13171,1.342422681
mp-28980,0.84509804
mp-1001011,1.84509804
mp-31454,1.84509804
mp-22903,0.698970004
mp-637614,1.301029996
mp-761415,1.886490725
mp-4666,1.591064607
mp-19943,1.491361694
mp-165,1.792391689
mp-1180,1.963787827
mp-10161,1.204119983
mp-9459,1.716003344
mp-11879,1.505149978
mp-1784,1
mp-11022,1.591064607
mp-1239,1.77815125
mp-684668,1.380211242
mp-11334,2.133538908
mp-8276,1.633468456
mp-1264,1.176091259
mp-977580,1.62324929
mp-570081,0.77815125
mp-830,2.017033339
mp-20061,1.51851394
mp-972916,1.556302501
mp-22095,1.342422681
mp-2515,1.986771734
mp-11176,1.707570176
mp-22637,1.995635195
mp-581786,1.591064607
mp-3701,1.929418926
mp-241,1.447158031
mp-21851,1.886490725
mp-8352,1.73239376
mp-13947,1
mp-755309,0.84509804
mp-31297,1.568201724
mp-11489,1.041392685
mp-5456,1.73239376
mp-5827,2.017033339
mp-1949,1.785329835
mp-16488,1.86923172
mp-5046,1.544068044
mp-1067,1.602059991
mp-510412,2.012837225
mp-2008,2.041392685
mp-22258,2.017033339
mp-571264,1.204119983
mp-1451,1.886490725
mp-12777,1.662757832
mp-5652,1.770852012
mp-4019,2.004321374
mp-7343,1.278753601
mp-10172,0.602059991
mp-7832,2.292256071
mp-2361,1.681241237
mp-11283,2.045322979
mp-1265,2.075546961
mp-427,1.908485019
mp-2672,1.176091259
mp-10133,1.819543936
mp-1552,2.176091259
mp-978273,1.176091259
mp-31212,1.397940009
mp-284,2.071882007
mp-20724,1.301029996
mp-517,2.152288344
mp-567929,1.886490725
mp-9615,1.681241237
mp-258,1.079181246
mp-21035,1.880813592
mp-638,1.477121255
mp-437,1.477121255
mp-11227,1.755874856
mp-15722,2.243038049
mp-3834,1.963787827
mp-10712,1.954242509
mp-22636,1.875061263
mp-23560,1.612783857
mp-20418,1.86332286
mp-11361,1.477121255
mp-863744,1.342422681
mp-996975,1.204119983
mp-11023,1.633468456
mp-7781,1.568201724
mp-30438,2.198657087
mp-2103,1.447158031
mp-1020,2.184691431
mp-7017,1.959041392
mp-19443,2.004321374
mp-607111,1.86923172
mp-2612,1.568201724
mp-3159,1.278753601
mp-16497,1.653212514
mp-12725,1.897627091
mp-675120,1.397940009
mp-30490,1.322219295
mp-7089,1.146128036
mp-1089,2.209515015
mp-541037,0.77815125
mp-11567,1.681241237
mp-2031,2.096910013
mp-13686,2.089905111
mp-3618,1.875061263
mp-22033,1.662757832
mp-510441,1.568201724
mp-568328,2.071882007
mp-5149,1.954242509
mp-583,1.903089987
mp-571555,0.698970004
mp-22795,1.113943352
mp-20466,1.763427994
mp-20565,1.785329835
mp-18198,1.748188027
mp-16483,1.653212514
mp-1001023,1.653212514
mp-21255,1.924279286
mp-21447,1.991226076
mp-20757,1.806179974
mp-567749,1.929418926
mp-8145,1.763427994
mp-2478,2.146128036
mp-865842,2.086359831
mp-22980,1.176091259
mp-12565,1.491361694
mp-20305,1.397940009
mp-570677,1.255272505
mp-13453,1.568201724
mp-861738,1.414973348
mp-157,1.113943352
mp-13119,1.278753601
mp-8458,1.361727836
mp-126,1.69019608
mp-10527,1.681241237
mp-580234,1.919078092
mp-569250,2.064457989
mp-739,1.959041392
mp-30156,1.897627091
mp-1008922,1.806179974
mp-1476,1.707570176
mp-866169,0.77815125
mp-2828,2.193124598
mp-15649,1.982271233
mp-20949,1.934498451
mp-4876,0.77815125
mp-30245,1.505149978
mp-1334,1.505149978
mp-446,1.84509804
mp-3094,1.653212514
mp-23259,1.204119983
mp-2560,1.69019608
mp-755690,1.949390007
mp-4864,1.462397998
mp-505562,1.763427994
mp-862260,1.380211242
mp-1011860,1.397940009
mp-765508,1.707570176
mp-15661,1.819543936
mp-22461,1.770852012
mp-20892,2.075546961
mp-2114,2.08278537
mp-567713,0.903089987
mp-13160,1.73239376
mp-9565,1.414973348
mp-25417,1.919078092
mp-19163,1.462397998
mp-1708,1.301029996
mp-774712,1.146128036
mp-8279,1.505149978
mp-567612,1.819543936
mp-13095,1.414973348
mp-569833,1.672097858
mp-22302,2.029383778
mp-736,1.531478917
mp-1009083,1.431363764
mp-8605,1.380211242
mp-22864,1.361727836
mp-3805,2.11058971
mp-7437,1.414973348
mp-6985,1.477121255
mp-2807,1.799340549
mp-8017,1.380211242
mp-30737,1.230448921
mp-10044,2.093421685
mp-22262,2.086359831
mp-10300,2.056904851
mp-864794,1.301029996
mp-21440,1.977723605
mp-8402,1.62324929
mp-19870,1.73239376
mp-30428,0.903089987
mp-23710,1.544068044
mp-31460,1.763427994
mp-13137,2.089905111
mp-556548,1.69019608
mp-2187,1.653212514
mp-11413,1.716003344
mp-985805,1.477121255
mp-865051,1.176091259
mp-1734,1.591064607
mp-14112,1.322219295
mp-1285,1.939519253
mp-541487,1.146128036
mp-568827,2.198657087
mp-50,1.792391689
mp-754126,1.342422681
mp-27726,0.477121255
mp-30856,1.832508913
mp-1219,1.380211242
mp-581733,1.681241237
mp-416,2.012837225
mp-546125,1.826074803
mp-8861,1.322219295
mp-3792,2.045322979
mp-18773,1.934498451
mp-758104,1.748188027
mp-953,1.851258349
mp-556417,0.954242509
mp-16305,2.012837225
mp-33009,2.049218023
mp-9339,2.037426498
mp-2090,1.959041392
mp-8780,2.146128036
mp-18717,1.643452676
mp-11697,1.86332286
mp-19069,1.568201724
mp-1973,1.939519253
mp-8484,1.792391689
mp-20382,1.740362689
mp-622570,1.763427994
mp-15985,1.851258349
mp-20202,1.69019608
mp-777479,1.342422681
mp-3427,1.716003344
mp-30175,1.556302501
mp-13450,1.785329835
mp-1648,1.897627091
mp-10200,2.064457989
mp-22426,1.857332496
mp-2012,1.204119983
mp-558432,1.146128036
mp-9023,1.799340549
mp-21850,1.770852012
mp-15316,1.477121255
mp-30788,2.004321374
mp-10748,1.397940009
mp-18922,1.72427587
mp-3747,2.100370545
mp-2406,1.380211242
mp-570713,1.69019608
mp-9964,1.672097858
mp-18468,2.056904851
mp-649774,1.113943352
mp-552454,2.075546961
mp-862669,2.086359831
mp-867917,1.826074803
mp-30836,1.949390007
mp-1585,2.041392685
mp-11299,1.113943352
mp-23703,1.633468456
mp-571263,1.477121255
mp-1012551,1.079181246
mp-9938,2
mp-30423,1.477121255
mp-8042,1.929418926
mp-11531,1.934498451
mp-22894,0.77815125
mp-18965,1.462397998
mp-4471,2.064457989
mp-4653,2.012837225
mp-570578,1.681241237
mp-30472,1.380211242
mp-4200,1.892094603
mp-570744,1.591064607
mp-11220,1.643452676
mp-754375,1.880813592
mp-29145,0.602059991
mp-977207,0.698970004
mp-10379,1.86923172
mp-22156,1.963787827
mp-2243,1.982271233
mp-11512,1.740362689
mp-122,0.77815125
mp-568121,2.127104798
mp-996990,1.643452676
mp-12580,1.322219295
mp-569066,0.477121255
mp-13452,1.819543936
mp-15988,1.531478917
mp-2654,1.342422681
mp-9514,1.959041392
mp-20516,1.806179974
mp-742,1.740362689
mp-535,1.755874856
mp-999540,1.113943352
mp-31277,1.556302501
mp-24237,1.799340549
mp-22752,1.748188027
mp-2034,2.222716471
mp-977218,1
mp-865229,2.056904851
mp-7876,1.51851394
mp-19399,2.053078443
mp-13079,2.012837225
mp-1190,1.447158031
mp-29153,1.919078092
mp-5606,1.397940009
mp-718,1.716003344
mp-1028,1.51851394
mp-1038,1.579783597
mp-754455,1.897627091
mp-570751,1.929418926
mp-30871,1.431363764
mp-19387,1.612783857
mp-1008610,1.491361694
mp-1479,2.209515015
mp-27275,1.612783857
mp-31080,1.799340549
mp-2536,2
mp-30581,1.763427994
mp-87,2.204119983
mp-945,1.959041392
mp-2451,1.698970004
mp-1172,1.763427994
mp-8418,2.06069784
mp-11571,1.146128036
mp-22566,1.342422681
mp-601820,1.982271233
mp-1689,1.875061263
mp-559598,1.477121255
mp-8995,0.954242509
mp-9029,1.698970004
mp-10670,1.531478917
mp-19740,1.531478917
mp-9801,1.963787827
mp-1027,2.064457989
mp-30684,1.826074803
mp-13829,1.176091259
mp-1314,1.505149978
mp-10849,1.544068044
mp-19147,1.832508913
mp-567982,1.698970004
mp-11520,1.740362689
mp-11280,1.770852012
mp-1352,2.152288344
mp-557257,1.531478917
mp-255,0.77815125
mp-22889,0.698970004
mp-569834,1.633468456
mp-1523,1.903089987
mp-11566,1.602059991
mp-117,1.322219295
mp-1444,1.204119983
mp-380,1.414973348
mp-11917,2.220108088
mp-16493,1.653212514
mp-4756,1.361727836
mp-1545,1.949390007
mp-28782,1
mp-3700,1.491361694
mp-10739,2.012837225
mp-1152,2.11058971
mp-998552,2.012837225
mp-2027,1.748188027
mp-30686,1.826074803
mp-10890,1.643452676
mp-3679,1.707570176
mp-10212,1.748188027
mp-21449,2.068185862
mp-21075,2.255272505
mp-675766,0.903089987
mp-23067,0.84509804
mp-20492,1.86923172
mp-1156,1.477121255
mp-6959,1.079181246
mp-9575,1.672097858
mp-10046,2.06069784
mp-11560,2.012837225
mp-10259,1.755874856
mp-12087,1.342422681
mp-999068,1.568201724
mp-568920,1.431363764
mp-11578,1.812913357
mp-1135,1.924279286
mp-21894,1.681241237
mp-510691,1.799340549
mp-7931,1.431363764
mp-865146,1.84509804
mp-13208,1.602059991
mp-10228,1.204119983
mp-15778,1.62324929
mp-10759,1.653212514
mp-31459,1.785329835
mp-753059,1.462397998
mp-569624,1.819543936
mp-8577,1.929418926
mp-30491,1.079181246
mp-81,1.176091259
mp-7979,0.954242509
mp-19962,1.380211242
mp-2258,1.672097858
mp-18918,1.73239376
mp-2516,1.462397998
mp-2533,1.982271233
mp-3988,1.491361694
mp-5078,1.322219295
mp-672287,1.447158031
mp-1526,1.69019608
mp-24726,1.301029996
mp-2715,1.949390007
mp-643279,0.954242509
mp-1630,1.763427994
mp-1099,1.792391689
mp-11834,1.579783597
mp-11583,1.832508913
mp-13456,1.51851394
mp-9307,1.380211242
mp-7787,1.755874856
mp-30459,1.72427587
mp-571367,2.025305865
mp-16528,1.84509804
mp-2644,1.838849091
mp-1578,2.021189299
mp-12403,0.84509804
mp-2108,1.973127854
mp-5348,1.799340549
mp-4563,1.919078092
mp-2213,1.963787827
mp-10245,1.919078092
mp-21855,1.322219295
mp-11359,1.568201724
mp-27828,0.698970004
mp-20395,1.880813592
mp-569426,1.176091259
mp-11644,0.903089987
mp-1128,1.939519253
mp-760381,1.230448921
mp-11286,1.278753601
mp-12593,2.045322979
mp-540111,1.230448921
mp-17695,1.707570176
mp-13964,1.792391689
mp-16336,1.968482949
mp-19138,1.380211242
mp-1082,2.33243846
mp-555599,1.380211242
mp-1393,1.041392685
mp-554573,1.51851394
mp-14208,1.672097858
mp-11387,1.851258349
mp-30570,1.69019608
mp-8414,0.698970004
mp-2658,1.977723605
mp-30366,1.041392685
mp-8937,2.235528447
mp-27207,1.041392685
mp-85,0.698970004
mp-19177,2.029383778
mp-226,2.130333768
mp-7936,1.755874856
mp-1008274,2.173186268
mp-541,1.924279286
mp-13472,1.986771734
mp-11385,1.832508913
mp-2006,2.086359831
mp-643409,1.707570176
mp-865050,1.851258349
mp-559435,1.672097858
mp-11486,1.880813592
mp-13109,1.968482949
mp-13683,1.851258349
mp-31458,1.505149978
mp-605034,1
mp-13172,1.633468456
mp-2824,1.707570176
mp-729,2.187520721
mp-17045,1.826074803
mp-754403,1.591064607
mp-23804,1.785329835
mp-2212,1.770852012
mp-865586,2.049218023
mp-9916,2.075546961
mp-22152,1.505149978
mp-4492,2.029383778
mp-1963,1.897627091
mp-8192,1
mp-1229,1.322219295
mp-20900,1.397940009
mp-568014,1.806179974
mp-2199,1.968482949
mp-28270,0.77815125
mp-390,1.740362689
mp-4753,1.949390007
mp-1404,1.230448921
mp-865193,1.959041392
mp-9919,1.414973348
mp-31456,1.681241237
mp-2592,2.247973266
mp-2201,1.431363764
mp-20730,1.892094603
mp-510311,1.301029996
mp-1220,2.079181246
mp-22607,1.230448921
mp-902,1.176091259
mp-139,0.77815125
mp-775909,1.959041392
mp-754850,1.491361694
mp-2420,2.068185862
mp-3642,1.662757832
mp-11580,2.089905111
mp-11193,1.716003344
mp-2430,1.86332286
mp-1326,1.342422681
mp-22898,0.77815125
mp-756361,1.672097858
mp-546279,1.146128036
mp-540791,1.944482672
mp-20865,1.643452676
mp-21069,1.716003344
mp-865525,1.278753601
mp-2097,1.301029996
mp-30842,1.897627091
mp-4551,1.544068044
mp-6931,1.579783597
mp-28230,0.698970004
mp-999096,1.69019608
mp-728,1.322219295
mp-570452,1.653212514
mp-571651,1.785329835
mp-7623,1.397940009
mp-5213,1.462397998
mp-7424,1.681241237
mp-30816,1.462397998
mp-31496,1.322219295
mp-1522,2.096910013
mp-21347,2.250420002
mp-2744,1.51851394
mp-865441,1.477121255
mp-567618,1.579783597
mp-761390,1.982271233
mp-8182,1.857332496
mp-9517,1.698970004
mp-7377,1.301029996
mp-3732,2.127104798
mp-866291,0.477121255
mp-5414,1.176091259
mp-672216,1.919078092
mp-567666,1.079181246
mp-29973,1.414973348
mp-988,2.079181246
mp-761524,1.826074803
mp-7250,1.977723605
mp-567652,0.954242509
mp-11248,1.380211242
mp-10113,2.079181246
mp-922,1.959041392
mp-11329,2.053078443
mp-10887,1.716003344
mp-12585,2.178976947
mp-19009,1.838849091
mp-5621,1.397940009
mp-8648,2.037426498
mp-1883,1.447158031
mp-7092,1.995635195
mp-16501,1.414973348
mp-11307,1.301029996
mp-1932,1.959041392
mp-11300,1.447158031
mp-29403,0.602059991
mp-18167,1.176091259
mp-5475,1.982271233
mp-11621,1.544068044
mp-570963,1.939519253
mp-10208,2.017033339
mp-2931,1.86332286
mp-30408,1.491361694
mp-7930,1.875061263
mp-16524,1.612783857
mp-2809,0.954242509
mp-21476,1.949390007
mp-5137,1.819543936
mp-675748,1.397940009
mp-9961,1.72427587
mp-4559,1.342422681
mp-14797,1.079181246
mp-21467,1.86923172
mp-2263,2
mp-862318,1.770852012
mp-1371,1.397940009
mp-2231,1.230448921
mp-20817,1.819543936
mp-9383,2.064457989
mp-341,1.361727836
mp-1918,1.897627091
mp-4441,1.579783597
mp-15113,1.826074803
mp-31185,2.086359831
mp-2851,1.672097858
mp-14115,1.681241237
mp-20155,1.740362689
mp-3955,1.531478917
mp-715469,2.096910013
mp-10695,1.51851394
mp-20432,1.556302501
mp-27255,1.255272505
mp-29641,1.176091259
mp-12029,1.662757832
mp-33,2.285557309
mp-23807,2.123851641
mp-12137,1.556302501
mp-8237,1.447158031
mp-4131,1.954242509
mp-783905,1.51851394
mp-10446,1.477121255
mp-10700,1.770852012
mp-11191,2.187520721
mp-569837,1.748188027
mp-1260,1.672097858
mp-22535,1.944482672
mp-30780,1.431363764
mp-761574,1.755874856
mp-30875,1.77815125
mp-23056,1.431363764
mp-30365,1.612783857
mp-5748,1.69019608
mp-1022,1
mp-754701,1.770852012
mp-9391,1
mp-22204,1.897627091
mp-20004,1.913813852
mp-9289,1.73239376
mp-945184,1.322219295
mp-2346,1.662757832
mp-571163,1.812913357
mp-13276,1.568201724
mp-568809,1.230448921
mp-2682,1.763427994
mp-6938,1.857332496
mp-2705,2.045322979
mp-875,2.071882007
mp-644225,1.556302501
mp-12674,1.477121255
mp-30460,1.681241237
mp-19835,1.986771734
mp-20541,2.008600172
mp-8487,1.544068044
mp-31438,1.612783857
mp-3748,1.903089987
mp-756214,2.012837225
mp-8786,1.832508913
mp-9687,0.954242509
mp-11506,1.949390007
mp-12411,1.591064607
mp-1539,1.748188027
mp-30435,0.954242509
mp-4083,1.505149978
mp-11465,1.342422681
mp-7048,2.004321374
mp-19226,1.62324929
mp-22875,0.954242509
mp-1009488,1.892094603
mp-9060,1.380211242
mp-760,1.963787827
mp-7771,1.447158031
mp-558852,1.69019608
mp-2624,1.477121255
mp-16529,1.755874856
mp-16297,1.913813852
mp-27226,1.716003344
mp-3821,1
mp-11279,1.875061263
mp-556,1.544068044
mp-559976,1.431363764
mp-865444,1.556302501
mp-2646,1.255272505
mp-94,1.204119983
mp-13071,1.707570176
mp-19017,1.681241237
mp-505517,2.037426498
mp-5869,1.785329835
mp-823,1.785329835
mp-17783,1.477121255
mp-16521,2.056904851
mp-12954,1.799340549
mp-27393,1.113943352
mp-21873,1.73239376
mp-10198,1.86923172
mp-628606,0.602059991
mp-8882,1.707570176
mp-30739,1.447158031
mp-2652,1.792391689
mp-758052,1.176091259
mp-1081,1.84509804
mp-5166,1.431363764
mp-13444,1.204119983
mp-999079,1.602059991
mp-9743,1.431363764
mp-9177,1.812913357
mp-1808,1.556302501
mp-7822,1.857332496
mp-12700,2
mp-1185,2.195899652
mp-2773,2.071882007
mp-8606,1.342422681
mp-1252,1.973127854
mp-7918,1.913813852
mp-4673,1.934498451
mp-1030,1.505149978
mp-570632,1.477121255
mp-30483,1.113943352
mp-1894,2.445604203
mp-12863,1.361727836
mp-27606,1.851258349
mp-8372,1.544068044
mp-570428,1.579783597
mp-15643,1.491361694
mp-553303,0.84509804
mp-22478,1.86332286
mp-11449,1.72427587
mp-20847,1.69019608
mp-10173,0.77815125
mp-682,1.477121255
mp-684580,0.77815125
mp-753722,1.230448921
mp-189,1.995635195
mp-19328,1.886490725
mp-20698,1.477121255
mp-5933,1.880813592
mp-974625,2.274157849
mp-14070,1.633468456
mp-3469,1.77815125
mp-540,1.812913357
mp-567841,1.857332496
mp-565,1.662757832
mp-20883,1.72427587
mp-36111,1.633468456
mp-3677,2.017033339
mp-2695,1.939519253
mp-570689,1.431363764
mp-5778,2.136720567
mp-1825,1.544068044
mp-11714,2.271841607
mp-11695,0.84509804
mp-553243,1.544068044
mp-2449,2.164352856
mp-19991,1.380211242
mp-4472,2.26245109
mp-20539,1.322219295
mp-755570,1.301029996
mp-30882,1.799340549
mp-639874,1.73239376
mp-22904,1.113943352
mp-27919,2.06069784
mp-16723,1.51851394
mp-715434,1.838849091
mp-42,1.770852012
mp-22270,2.045322979
mp-13447,1.602059991
mp-7432,1.278753601
mp-46,1.672097858
mp-8159,1.204119983
mp-20049,1.707570176
mp-1609,2.017033339
mp-30493,1.755874856
mp-19420,1.857332496
mp-20860,2.06069784
mp-2758,1.431363764
mp-12532,1.113943352
mp-11202,1.544068044
mp-944,2.068185862
mp-5670,1.812913357
mp-780260,1.230448921
mp-129,2.093421685
mp-4236,1.51851394
mp-867281,2.243038049
mp-568661,1.146128036
mp-554973,1.380211242
mp-568077,1.968482949
mp-4280,1.770852012
mp-670,2.045322979
mp-20793,1.079181246
mp-675324,1.146128036
mp-2749,2.025305865
mp-29674,2.012837225
mp-2033,1.86332286
mp-11019,1.770852012
mp-755000,1.602059991
mp-5929,1.230448921
mp-17524,1.079181246
mp-9382,2.037426498
mp-2488,1.897627091
mp-19424,1.851258349
mp-8236,1.491361694
mp-3432,1.819543936
mp-12537,2.033423755
mp-10456,2.004321374
mp-7891,1.361727836
mp-15987,1.903089987
mp-374,2.26245109
mp-10991,1.681241237
mp-11517,2.10720997
mp-6997,1.322219295
mp-568284,0.84509804
mp-865026,2.10720997
mp-7364,1.544068044
mp-17848,1.86923172
mp-9225,1.77815125
mp-2152,1.857332496
mp-642644,1.716003344
mp-8628,1.431363764
mp-2056,1.672097858
mp-12761,1.477121255
mp-21164,1.278753601
mp-22154,1.255272505
mp-505822,1.886490725
mp-11464,1.079181246
mp-29208,1.342422681
mp-31516,0.954242509
mp-4846,1.477121255
mp-1418,1.982271233
mp-2121,1.851258349
mp-754727,1.51851394
mp-866046,1.653212514
mp-14796,1.113943352
mp-570832,1.838849091
mp-21313,2.06069784
mp-18946,1.949390007
mp-775808,1.69019608
mp-2605,1.86923172
mp-2116,1.69019608
mp-12659,1.875061263
mp-13495,1.51851394
mp-239,1.278753601
mp-2858,1.929418926
mp-10891,1.531478917
mp-5549,1.361727836
mp-759877,1.176091259
mp-10744,1.397940009
mp-10608,1.799340549
mp-12083,2.330413773
mp-30177,1.892094603
mp-10910,2.012837225
mp-22325,1.301029996
mp-862664,1.591064607
mp-31055,1.908485019
mp-505820,1.785329835
mp-6926,1.662757832
mp-3340,1.991226076
mp-23715,1.230448921
mp-3576,1.886490725
mp-188,1.959041392
mp-21316,2.096910013
mp-568711,1.913813852
mp-7906,1.342422681
mp-754344,1.681241237
mp-4627,2.017033339
mp-867222,1.397940009
mp-3666,1.919078092
mp-19970,1.544068044
mp-643009,1.414973348
mp-639789,2.004321374
mp-862586,2.238046103
mp-685097,2.025305865
mp-20738,2.093421685
mp-542812,0.84509804
mp-643063,1.176091259
mp-134,1.380211242
mp-1459,2.376576957
mp-978269,1.544068044
mp-291,2.127104798
mp-7524,1.880813592
mp-23209,1.113943352
mp-560976,1.602059991
mp-23713,1.505149978
mp-3054,1.431363764
mp-864972,1.568201724
mp-8884,1.342422681
mp-13583,1.838849091
mp-2283,1.643452676
mp-8,2.238046103
mp-11514,2.033423755
mp-2000,1.380211242
mp-4524,1.69019608
mp-2211,1.973127854
mp-20901,1.579783597
mp-866311,1.462397998
mp-4124,1.342422681
mp-23152,1.113943352
mp-510624,1.919078092
mp-690490,2.056904851
mp-11239,1.672097858
mp-30846,1.505149978
mp-2305,2.380211242
mp-11499,1.361727836
mp-754246,1.278753601
mp-903,1.748188027
mp-2260,1.963787827
mp-760396,2.064457989
mp-14983,1.934498451
mp-571599,1.301029996
mp-13272,1.531478917
mp-2501,2.149219113
mp-10909,2.1430148
mp-774922,1.113943352
mp-20424,2.053078443
mp-30807,1.792391689
mp-2318,1.939519253
mp-23214,1.041392685
mp-1317,1.755874856
mp-514,1.763427994
mp-504711,1.431363764
mp-1799,2.079181246
mp-2225,2.164352856
mp-2589,1.929418926
mp-22631,1.944482672
mp-8790,1.591064607
mp-7506,2.123851641
mp-2339,1.763427994
mp-21249,1.73239376
mp-30778,1.505149978
mp-13993,1.662757832
mp-19817,1.799340549
mp-1620,2.276461804
mp-865,1.934498451
mp-1367,1.653212514
mp-14019,2.045322979
mp-19225,1.612783857
mp-2614,1.919078092
mp-20828,1.662757832
mp-1157,1.880813592
mp-11275,2.238046103
mp-5486,1.73239376
mp-12724,0.954242509
mp-30180,1.86923172
mp-22793,1.991226076
mp-6969,1.819543936
mp-971662,1.653212514
mp-714976,1.556302501
mp-8280,1.51851394
mp-8219,1.785329835
mp-1890,2.301029996
mp-1509,1.041392685
mp-15780,1.875061263
mp-2287,1.954242509
mp-18875,1.84509804
mp-568865,1.643452676
mp-842,1.770852012
mp-752496,1.819543936
mp-10615,1.380211242
mp-4964,1.672097858
mp-1002124,1.505149978
mp-9999,2.252853031
mp-4120,1.633468456
mp-1108,2.301029996
mp-753197,1.857332496
mp-605663,1.707570176
mp-570485,1.602059991
mp-505297,1.819543936
mp-23195,1.380211242
mp-2647,1.51851394
mp-30787,2.103803721
mp-8401,1.556302501
mp-567345,1.755874856
mp-28895,1.531478917
mp-567636,1.792391689
mp-1804,1.982271233
mp-571513,0.602059991
mp-644264,1.643452676
mp-21471,1.602059991
mp-29069,1.342422681
mp-21374,1.079181246
mp-9571,1.556302501
mp-31453,1.612783857
mp-643243,0.698970004
mp-384,1.568201724
mp-504659,1.880813592
mp-29646,1.875061263
mp-6668,1.763427994
mp-2176,1.342422681
mp-7285,1.919078092
mp-28163,0.954242509
mp-4255,1.462397998
mp-30784,1.51851394
mp-570684,1.973127854
mp-644278,1.819543936
mp-11504,1.602059991
mp-13962,1.748188027
mp-760410,1.301029996
mp-9985,2.146128036
mp-978534,1.748188027
mp-568673,1.903089987
mp-865523,1.857332496
mp-9472,1.301029996
mp-754311,1.113943352
mp-10884,1.991226076
mp-146,1.477121255
mp-408,1.62324929
mp-37620,1.84509804
mp-30866,2.120573931
mp-19717,1.380211242
mp-8689,1.556302501
mp-756018,1.602059991
mp-697030,1.72427587
mp-4779,1.62324929
mp-14628,1.544068044
mp-12635,1.591064607
mp-570276,1.672097858
mp-3020,1.954242509
mp-2322,1.77815125
mp-11397,1.799340549
mp-8994,1.041392685
mp-569073,1.278753601
mp-4842,1.653212514
mp-11270,2.209515015
mp-5928,1.342422681
mp-8200,1.414973348
mp-19917,1.462397998
mp-21012,1.880813592
mp-20180,2.08278537
mp-3833,1.51851394
mp-9198,1.959041392
mp-13092,1.707570176
mp-22260,1.851258349
mp-570287,2.056904851
mp-2170,1.491361694
mp-9295,1.301029996
mp-1235,1.908485019
mp-2517,1.342422681
mp-976139,0.903089987
mp-1335,1.785329835
mp-2251,1.531478917
mp-542136,1.322219295
mp-685194,1.77815125
mp-571126,2.053078443
mp-13365,1.278753601
mp-22919,1.041392685
mp-985806,1.672097858
mp-9586,1.477121255
mp-1590,2.158362492
mp-20787,2.149219113
mp-20485,0.84509804
mp-550893,2.06069784
mp-564,1.301029996
mp-626902,1.913813852
mp-779545,1.230448921
mp-570923,1.755874856
mp-13313,1.397940009
mp-862658,1.556302501
mp-28897,1.86332286
mp-7483,1.113943352
mp-2340,1.462397998
mp-606949,1.968482949
mp-554107,1.361727836
mp-23711,1.51851394
mp-23431,0.698970004
mp-998981,1.838849091
mp-3274,1.69019608
mp-650,2.120573931
mp-24728,1.959041392
mp-7574,2.139879086
mp-569125,1.204119983
mp-9124,1.602059991
mp-13032,1.278753601
mp-11272,1.892094603
mp-5244,1.851258349
mp-10675,1.653212514
mp-2173,1.505149978
mp-9350,1.643452676
mp-9025,1.643452676
mp-11869,1.763427994
mp-704645,1.397940009
mp-32679,2.123851641
mp-10706,2.195899652
mp-810,1.698970004
mp-20932,1.991226076
mp-20197,2.064457989
mp-1664,1.86923172
mp-493,2.017033339
mp-865798,1.672097858
mp-862316,1.908485019
mp-14069,1.681241237
mp-775001,1.079181246
mp-795616,1.763427994
mp-9957,2.004321374
mp-31451,1.792391689
mp-10000,1.86923172
mp-20351,1.491361694
mp-642659,1.73239376
mp-82,0.84509804
mp-1105,1.544068044
mp-542854,1.579783597
mp-985825,1.69019608
mp-13963,1.431363764
mp-6972,1.505149978
mp-23268,0.903089987
mp-8277,1.531478917
mp-2827,1.662757832
mp-865130,1.892094603
mp-22722,1.908485019
mp-1249,1.716003344
mp-1982,1.792391689
mp-20191,1.991226076
mp-22253,1.176091259
mp-867144,1.204119983
mp-30884,1.579783597
mp-10669,1.322219295
mp-7804,2.201397124
mp-738,1.380211242
mp-27834,0.77815125
mp-21306,2
mp-20426,1.643452676
mp-607475,1.72427587
mp-972954,1.230448921
mp-603,1.924279286
mp-1842,2.021189299
mp-11256,1.568201724
mp-10435,1.602059991
mp-20928,1.886490725
mp-19,1.176091259
mp-4852,1.505149978
mp-819,1.832508913
mp-557373,0.954242509
mp-13311,1.544068044
mp-31219,2.08278537
mp-929,1.880813592
mp-5839,1.799340549
mp-266,1.69019608
mp-19183,1.579783597
mp-10440,1.77815125
mp-1251,1.982271233
mp-363,2.021189299
mp-676058,1.556302501
mp-1424,1.653212514
mp-2059,1.944482672
mp-20086,1.681241237
mp-15686,1.568201724
mp-305,1.986771734
mp-566278,1.913813852
mp-29736,1.73239376
mp-4499,1.505149978
mp-11278,2.068185862
mp-10092,1.146128036
mp-29638,1.505149978
mp-869,2.017033339
mp-570197,1.146128036
mp-973374,1.113943352
mp-13090,1.643452676
mp-22905,1.322219295
mp-17862,1.556302501
mp-3567,1.041392685
mp-569989,2.068185862
mp-7435,1.342422681
mp-864670,1.986771734
mp-645159,1.84509804
mp-3702,1.86332286
mp-9173,1.73239376
mp-7080,1.672097858
mp-568974,1.431363764
mp-786,1.602059991
mp-864639,2.017033339
mp-16334,1.929418926
mp-19963,2.025305865
mp-10183,1.462397998
mp-770618,1.939519253
mp-504741,1.973127854
mp-3464,2.064457989
mp-443,1.146128036
mp-18766,2.004321374
mp-10281,1.51851394
mp-977059,1.653212514
mp-10189,1.397940009
mp-13033,1.079181246
mp-18949,1.707570176
mp-30595,1.812913357
mp-5971,1.707570176
mp-1039,1.079181246
mp-22390,1.84509804
mp-21469,1.84509804
mp-22598,1.763427994
mp-20325,1.963787827
mp-567276,1.591064607
mp-19102,1.799340549
mp-3397,1.462397998
mp-782,1.342422681
mp-5473,1.602059991
mp-568901,1.939519253
mp-31383,1.770852012
mp-11252,1.477121255
mp-23350,0.77815125
mp-20599,1.255272505
mp-8843,1.322219295
mp-9570,1.531478917
mp-866155,1.934498451
mp-28145,0.77815125
mp-776331,2.068185862
mp-10894,1.973127854
mp-1008557,2.247973266
mp-776083,1.230448921
mp-19050,1.838849091
mp-573697,0.77815125
mp-568607,1.973127854
mp-510281,1.698970004
mp-10063,1.255272505
mp-582360,1.880813592
mp-1482,1.838849091
mp-761556,1.913813852
mp-30563,1.819543936
mp-22469,1.72427587
mp-22120,1.903089987
mp-10054,1.770852012
mp-20318,2.243038049
mp-755115,1.397940009
mp-23231,1
mp-4043,1.342422681
mp-540925,0.698970004
mp-14088,0.903089987
mp-11809,1.908485019
mp-4248,1.977723605
mp-9566,1.397940009
mp-20315,1.982271233
mp-754567,1.477121255
mp-317,1.73239376
mp-569639,0.77815125
mp-1008920,1.431363764
mp-766486,1.301029996
mp-3390,1.875061263
mp-850062,1.62324929
mp-557862,1.230448921
mp-30821,1.755874856
mp-20662,1.462397998
mp-522,1.447158031
mp-755313,1.908485019
mp-690785,1.204119983
mp-135,0.602059991
mp-468,1.792391689
mp-4878,1.832508913
mp-3098,1.886490725
mp-569794,1.770852012
mp-556927,1.113943352
mp-12608,1.86923172
mp-1437,1.176091259
mp-1498,1.698970004
mp-14587,1.544068044
mp-2659,1.176091259
mp-27677,1.278753601
mp-4573,1.255272505
mp-13155,1.72427587
mp-2363,1.832508913
mp-1907,1.079181246
mp-867133,1.672097858
mp-351,1.913813852
mp-29889,0.77815125
mp-570670,1.69019608
mp-16548,1.491361694
mp-30461,1.361727836
mp-214,1.908485019
mp-30886,1.716003344
mp-12086,1.716003344
mp-568803,2.330413773
mp-23295,0.903089987
mp-3315,1.740362689
mp-1281,2.089905111
mp-27827,0.698970004
mp-3104,1.602059991
mp-1840,1.892094603
mp-21907,2.017033339
mp-20012,1.278753601
mp-9960,1.806179974
mp-27243,0.77815125
mp-976256,0.903089987
mp-4820,1.982271233
mp-569151,1.579783597
mp-4593,2.11058971
mp-13156,1.698970004
mp-788,1.707570176
mp-560902,1.477121255
mp-2685,1.544068044
mp-2481,1.431363764
mp-997031,1.812913357
mp-29111,2.037426498
mp-19407,1.740362689
mp-755483,2.041392685
mp-867700,1.322219295
mp-10311,1.857332496
mp-18695,1.886490725
mp-15297,1.851258349
mp-20586,1.875061263
mp-643370,1.477121255
mp-14142,1.707570176
mp-2879,1.86923172
mp-13108,2.017033339
mp-11282,2.230448921
mp-112,1.414973348
mp-570491,1.982271233
mp-873,1.880813592
mp-20199,1.113943352
mp-2313,1.176091259
mp-7375,1.612783857
mp-541837,0.903089987
mp-5259,1.462397998
mp-19448,1.892094603
mp-752947,1.556302501
mp-18849,1.556302501
mp-20001,1.447158031
mp-10052,1.812913357
mp-7650,1.740362689
mp-999473,1.748188027
mp-27839,0.698970004
mp-30851,1.86332286
mp-12546,1.707570176
mp-505824,1.079181246
mp-27731,1.531478917
mp-29011,1.414973348
mp-30242,1.785329835
mp-3138,0.954242509
mp-12595,2.127104798
mp-18712,1.322219295
mp-7430,1.301029996
mp-550306,1.51851394
mp-761842,1.886490725
mp-1473,2.120573931
mp-9166,1.544068044
mp-7631,2.271841607
mp-754134,1.982271233
mp-1475,2.176091259
mp-971706,1.77815125
mp-1749,1.447158031
mp-1569,2.36361198
mp-4500,1.995635195
mp-754624,2.100370545
mp-8982,1.531478917
mp-29556,0.698970004
mp-19219,1.51851394
mp-13314,1.301029996
mp-10322,1.643452676
mp-507,1.763427994
mp-15669,1.579783597
mp-4656,1.929418926
mp-12107,2.053078443
mp-9744,1.397940009
mp-548,1.806179974
mp-1266,1.176091259
mp-973364,1.255272505
mp-20147,2.045322979
mp-10877,1.799340549
mp-11327,0.84509804
mp-11231,1.799340549
mp-20563,1.556302501
mp-37614,2.037426498
mp-921,1.792391689
mp-19086,1.491361694
mp-10140,1.73239376
mp-690760,1.505149978
mp-610972,1.531478917
mp-30,1.707570176
mp-641526,1.963787827
mp-6980,1.579783597
mp-21104,1.672097858
mp-567842,2.155336037
mp-1677,2.176091259
mp-635,1.924279286
mp-19728,1.792391689
mp-754671,1.72427587
mp-4661,1.77815125
mp-30405,1.380211242
mp-28711,1.041392685
mp-1006226,1.204119983
mp-22956,0.84509804
mp-22700,1.73239376
mp-3953,1.505149978
mp-23034,1.113943352
mp-553875,1.880813592
mp-12772,1.748188027
mp-567889,1.919078092
mp-11557,1.875061263
mp-9158,1.602059991
mp-676828,1.361727836
mp-11513,1.949390007
mp-10919,1.230448921
mp-20905,2.1430148
mp-3635,1.462397998
mp-90,2.11058971
mp-684709,1.886490725
mp-136,2.267171728
mp-567681,0.77815125
mp-17639,1.707570176
mp-864940,1.770852012
mp-35539,1.322219295
mp-7583,1.278753601
mp-13948,0.954242509
mp-22227,1.919078092
mp-569785,1.447158031
mp-11806,1.602059991
mp-569886,1.278753601
mp-510437,1.568201724
mp-15803,1.278753601
mp-2294,1.69019608
mp-20551,1.763427994
mp-646824,1.322219295
mp-784631,2.049218023
mp-567191,1.579783597
mp-2657,2.041392685
mp-7875,1.602059991
mp-11113,1.826074803
mp-7707,1.913813852
mp-32311,1.146128036
mp-1278,1.939519253
mp-2301,1.875061263
mp-1356,1.447158031
mp-30501,1.51851394
mp-22769,1.892094603
mp-12773,1.612783857
mp-754538,1.204119983
mp-569167,2.146128036
mp-862868,0.84509804
mp-7434,1.146128036
mp-553946,1.977723605
mp-2780,1.707570176
mp-1145,2.403120521
mp-30363,1.230448921
mp-32669,0.84509804
mp-862657,1.633468456
mp-7350,1.662757832
mp-7187,1.770852012
mp-504580,1.361727836
mp-30599,1.681241237
mp-10402,0.84509804
mp-22150,1.72427587
mp-8001,2.017033339
mp-865939,1.342422681
mp-22546,1.799340549
mp-568912,2.139879086
mp-7544,2
mp-549,1.544068044
mp-11565,1.880813592
mp-7486,1.462397998
mp-10711,2.167317335
mp-1361,1.73239376
mp-316,2.086359831
mp-5938,1.643452676
mp-1282,2.309630167
mp-8642,2.269512944
mp-21342,1.342422681
mp-54,2.021189299
mp-1782,1.568201724
mp-22870,0.77815125
mp-8231,1.924279286
mp-672299,1.531478917
mp-4064,1.86923172
mp-29009,1.079181246
mp-20840,1.892094603
mp-30817,1.672097858
mp-7908,1.278753601
mp-17413,1.851258349
mp-697179,1.380211242
mp-1078,1.361727836
mp-13154,1.959041392
mp-27678,1.079181246
mp-866224,1.812913357
mp-976262,1.204119983
mp-21027,1.447158031
mp-672340,1.602059991
mp-10154,1.602059991
mp-3173,1.602059991
mp-16238,1.322219295
mp-11281,2.139879086
mp-4897,1.505149978
mp-570150,1.591064607
mp-1692,1.397940009
mp-9262,0.77815125
mp-569849,1.322219295
mp-1275,2.103803721
mp-656887,1.892094603
mp-22275,1.612783857
mp-12908,1.278753601
mp-567164,2.004321374
mp-21418,1.414973348
mp-14024,1.748188027
mp-35785,1.342422681
mp-2280,1.414973348
mp-560865,1.176091259
mp-1336,1.531478917
mp-20545,1.414973348
mp-102,2.008600172
mp-22304,1.113943352
mp-12696,1.301029996
mp-1491,2.382017043
mp-22925,0.698970004
mp-1159,1.505149978
mp-19809,1.934498451
mp-124,1.361727836
mp-10463,1.763427994
mp-764949,1.544068044
mp-29896,1.812913357
mp-24084,1.041392685
mp-19856,1.633468456
mp-16860,1.447158031
mp-30811,1.991226076
mp-625055,1.568201724
mp-2598,1.77815125
mp-10196,2.08278537
mp-11277,2.017033339
mp-4541,1.491361694
mp-7632,1.977723605
mp-9768,1.380211242
mp-12467,1.414973348
mp-866171,1.278753601
mp-3924,2
mp-755302,1.491361694
mp-22784,1.792391689
mp-6908,1.447158031
mp-7857,2.278753601
mp-7482,1.176091259
mp-1472,2.354108439
mp-12317,1.230448921
mp-31457,1.672097858
mp-8041,0.84509804
mp-29135,1.826074803
mp-32994,2.008600172
mp-7189,1.812913357
mp-9172,1.633468456
mp-7851,2.096910013
mp-19133,1.672097858
mp-22617,1.62324929
mp-567197,1.62324929
mp-2168,1.146128036
mp-11263,1.716003344
mp-601285,1.799340549
mp-11345,1.913813852
mp-12177,1.591064607
mp-571160,1.301029996
mp-3970,1.041392685
mp-570698,1.612783857
mp-7916,1.963787827
mp-2949,1.602059991
mp-12070,1.414973348
mp-862779,2.245512668
mp-9563,1.361727836
mp-8278,1.579783597
mp-12760,1.707570176
mp-3862,1.591064607
mp-113,2.152288344
mp-7066,1.799340549
mp-975906,1.531478917
mp-569458,2.220108088
mp-11029,1.77815125
mp-22716,1.505149978
mp-8093,0.954242509
mp-12752,1.886490725
mp-12571,2.071882007
mp-755759,1.903089987
mp-29352,1.643452676
mp-1019,1.672097858
mp-998,1.602059991
mp-2743,1.431363764
mp-288,1.51851394
mp-20144,2.056904851
mp-331,1.612783857
mp-4697,1.491361694
mp-865594,1.579783597
mp-2772,1.939519253
mp-544,1.113943352
mp-556424,1.544068044
mp-864798,1.939519253
mp-13725,1.633468456
mp-753826,1.491361694
mp-755769,1.662757832
mp-569875,1.982271233
mp-20066,0.477121255
mp-12614,1.079181246
mp-7443,1.672097858
mp-4909,1.770852012
mp-9923,2.093421685
mp-755328,1.740362689
mp-18767,1.826074803
mp-570436,1.770852012
mp-3909,1.892094603
mp-570691,1.602059991
mp-22320,1.944482672
mp-20536,1.857332496
mp-11533,1.851258349
mp-30062,0.698970004
mp-510347,1.204119983
mp-15687,1.322219295
mp-22315,1.857332496
mp-11073,1.748188027
mp-31187,2.021189299
mp-1823,1.785329835
mp-775296,1.826074803
mp-672371,1.69019608
mp-10374,2.198657087
mp-972088,1.579783597
mp-37473,1.851258349
mp-20344,1.832508913
mp-3654,1.414973348
mp-22865,0.903089987
mp-754333,2.190331698
mp-22987,1
mp-5042,1.69019608
mp-11350,1.748188027
mp-29076,2.075546961
mp-1211,1.477121255
mp-643002,1.73239376
mp-10797,1.591064607
mp-21422,1.77815125
mp-18778,1.462397998
mp-643101,0.84509804
mp-153,1.255272505
mp-779517,1.903089987
mp-669546,1.806179974
mp-22040,1.77815125
mp-20279,1.301029996
mp-11192,2.152288344
mp-570483,1.755874856
mp-1139,2.123851641
mp-696497,1.397940009
mp-672,1.255272505
mp-2540,2.096910013
mp-505215,1.380211242
mp-22434,2.096910013
mp-11471,1.462397998
mp-862871,0.903089987
mp-505206,1.176091259
mp-4613,1.903089987
mp-29678,1.176091259
mp-11482,2.274157849
mp-1279,2.260071388
mp-23736,1.505149978
mp-11572,2.113943352
mp-549706,1.672097858
mp-4163,1.819543936
mp-27848,1.255272505
mp-1696,1.62324929
mp-30769,1.380211242
mp-463,1.230448921
mp-7173,1.72427587
mp-3519,1.698970004
mp-38035,1.342422681
mp-755453,1.934498451
mp-12952,1.792391689
mp-160,2.301029996
mp-3623,2.017033339
mp-2634,2.324282455
mp-2065,1.591064607
mp-30685,1.857332496
mp-20211,1.995635195
mp-4230,1.913813852
mp-30768,1.361727836
mp-452,1.919078092
mp-18337,2.269512944
mp-11537,2.068185862
mp-570199,1.643452676
mp-4359,1.740362689
mp-7904,1.447158031
mp-8938,2.173186268
mp-5910,1.531478917
mp-754364,1.770852012
mp-643257,0.903089987
mp-862360,1.681241237
mp-31172,1.113943352
mp-10457,1.963787827
mp-10390,1.851258349
mp-3791,1.86923172
mp-755875,1.949390007
mp-16613,1.857332496
mp-5129,1.968482949
mp-21215,1.447158031
mp-11870,1.591064607
mp-864889,1.591064607
mp-661,2.086359831
mp-5538,1.397940009
mp-2395,1.716003344
mp-29481,0.602059991
mp-10550,1.84509804
mp-569331,1.322219295
mp-9595,1.770852012
mp-219,2.127104798
mp-815,1.886490725
mp-7426,1.462397998
mp-763,2.071882007
mp-571619,1.880813592
mp-557993,1.380211242
mp-27743,1.041392685
mp-22867,0.77815125
mp-999142,1.69019608
mp-22396,1.995635195
mp-1775,1.301029996
mp-510409,2.017033339
mp-2731,1.86923172
mp-432,1.72427587
mp-10270,1.995635195
mp-5443,1.897627091
mp-9835,1.799340549
mp-541014,0.602059991
mp-703260,1.342422681
mp-19097,1.968482949
mp-18316,1.447158031
mp-12622,1.361727836
mp-2856,1.929418926
mp-19390,2.096910013
mp-542488,1.69019608
mp-891,1.913813852
mp-754553,1.755874856
mp-20940,1.819543936
mp-12675,1.505149978
mp-30485,0.954242509
mp-22568,1.579783597
mp-12558,1.568201724
mp-30648,1.322219295
mp-4448,1.799340549
mp-1047,1.579783597
mp-30820,1.568201724
mp-570074,2.086359831
mp-28024,1.698970004
mp-23052,1.176091259
mp-972845,2.012837225
mp-776250,1.838849091
mp-2894,1.633468456
mp-30338,1.505149978
mp-10746,1.806179974
mp-3136,2
mp-10139,1.838849091
mp-973455,1.230448921
mp-567397,2.220108088
mp-13010,1.556302501
mp-760375,0.84509804
mp-27831,0.698970004
mp-975065,2.222716471
mp-628,1.301029996
mp-16719,1.86923172
mp-505554,2.041392685
mp-31337,1.491361694
mp-12109,1.819543936
mp-700,1.146128036
mp-760439,1.982271233
mp-22565,1.838849091
mp-12104,2.146128036
mp-2105,1.977723605
mp-755300,1.707570176
mp-1487,1.857332496
mp-9987,2.146128036
mp-761315,1.755874856
mp-1120,2.033423755
mp-2472,1.748188027
mp-754588,1.72427587
mp-601848,1.991226076
mp-864953,1.995635195
mp-5529,1.986771734
mp-5532,1.875061263
mp-1555,1.897627091
mp-570112,2.167317335
mp-11250,1.361727836
mp-9486,1.146128036
mp-570896,1.146128036
mp-567750,1.69019608
mp-8601,1.146128036
mp-22934,0.84509804
mp-510346,1.146128036
mp-30682,1.86332286
mp-669692,1.897627091
mp-11460,1.880813592
mp-1114,2.049218023
mp-30847,1.748188027
mp-23313,1.204119983
mp-16764,1.204119983
mp-28376,1.079181246
mp-10749,1.531478917
mp-733,1.447158031
mp-571247,1.986771734
mp-10055,2.252853031
mp-11481,2.240549248
mp-7140,2.267171728
mp-18988,1.897627091
mp-4366,1.380211242
mp-864920,1.505149978
mp-2677,1.716003344
mp-567220,1.84509804
mp-29752,1.770852012
mp-4192,1.653212514
mp-19241,1.380211242
mp-10850,1.491361694
mp-1232,1.929418926
mp-8044,2.173186268
mp-7948,1.968482949
mp-12550,1.913813852
mp-215,1.462397998
mp-30494,1.431363764
mp-4636,1.662757832
mp-554601,1.477121255
mp-20897,1.672097858
mp-556194,1.204119983
mp-4992,2.123851641
mp-505540,1.880813592
mp-8282,2.068185862
mp-22749,2.049218023
mp-9577,1.544068044
mp-625487,1.431363764
mp-13920,1.361727836
mp-230,1.740362689
mp-864952,1.361727836
mp-567629,0.84509804
mp-676,1.342422681
mp-20618,1.785329835
mp-18759,1.672097858
mp-542429,1.431363764
mp-22922,0.84509804
mp-3155,2.079181246
mp-999198,2.281033367
mp-570198,1.361727836
mp-3536,1.982271233
mp-16733,1.707570176
mp-429,1.799340549
mp-7576,2.064457989
mp-15695,1.662757832
mp-558781,1.857332496
mp-171,2.004321374
mp-12360,1.255272505
mp-567412,1.643452676
mp-570784,2.193124598
mp-1543,1.716003344
mp-820,1.113943352
mp-7557,1.919078092
mp-30819,1.73239376
mp-7188,2.152288344
mp-2857,2.193124598
mp-2697,1.579783597
mp-16648,1.602059991
mp-978508,1.681241237
mp-3216,2.053078443
mp-9902,1.886490725
mp-24093,1.51851394
mp-1935,1.113943352
mp-38970,1.176091259
mp-20674,1.740362689
mp-867840,1.949390007
mp-23037,0.954242509
mp-333,1.913813852
mp-1550,1.672097858
mp-5396,1.86332286
mp-7596,2.037426498
mp-2078,1.792391689
mp-75,1.301029996
mp-11693,1.322219295
mp-2619,1.73239376
mp-691,1.176091259
mp-19391,1.698970004
mp-21385,1.662757832
mp-19940,1.934498451
mp-399,1.447158031
mp-1490,1.204119983
mp-753946,1.672097858
mp-886,1.838849091
mp-4342,1.832508913
mp-10037,2.064457989
mp-20401,1.939519253
mp-2663,1.903089987
mp-4771,1.792391689
mp-569298,1.672097858
mp-9988,1.986771734
mp-21340,1.897627091
mp-1399,1.491361694
mp-37091,1.146128036
mp-569775,1.806179974
mp-9549,1.72427587
mp-30683,1.806179974
mp-866161,2.103803721
mp-27691,0.77815125
mp-11328,2.120573931
mp-640041,1.51851394
mp-7473,1.662757832
mp-505110,1.698970004
mp-7006,1.908485019
mp-571059,1.278753601
mp-13164,1.792391689
mp-2311,2.146128036
mp-21090,1.77815125
mp-1342,1.579783597
mp-22717,1.397940009
mp-8446,1.041392685
mp-1471,1.740362689
mp-636334,1.740362689
mp-140,0.77815125
mp-866152,2.008600172
mp-569364,2.181843588
mp-13503,1.681241237
mp-559,1.748188027
mp-23219,0.602059991
mp-551918,1.851258349
mp-1953,1.84509804
mp-2327,1.447158031
